collected_at,type,title,year,trakt_rating,trakt_id,imdb_id,tmdb_id,url,released,runtime,genres
2023-08-10T14:44:34Z,movie,13,2010,6.14005,30604,tt0798817,44982,https://trakt.tv/movies/13-2010,2010-03-12,91,"drama,thriller"
2023-07-25T23:09:33Z,movie,21,2008,7.01004,4032,tt0478087,8065,https://trakt.tv/movies/21-2008,2008-03-27,123,"crime,drama"
2023-08-07T21:08:25Z,movie,211,2018,5.8201,347685,tt4976192,500919,https://trakt.tv/movies/211-2018,2018-06-08,86,"action,crime,thriller"
2022-07-02T00:18:50Z,movie,300,2007,7.67166,884,tt0416449,1271,https://trakt.tv/movies/300-2007,2007-03-09,116,"action,adventure,war"
2023-05-10T02:41:33Z,movie,2012,2009,6.29956,8477,tt1190080,14161,https://trakt.tv/movies/2012-2009,2009-11-13,158,"action,adventure,science-fiction"
2023-08-01T19:24:22Z,movie,#UNFIT: The Psychology of Donald Trump,2020,7.43976,430556,tt12304596,581802,https://trakt.tv/movies/unfit-the-psychology-of-donald-trump-2020,2020-09-01,83,documentary
2025-07-24T19:47:54Z,movie,100 Streets,2016,6.66958,223960,tt2990126,334532,https://trakt.tv/movies/100-streets-2016,2016-11-11,93,drama
2023-08-19T05:09:48Z,movie,12 Strong,2018,7.25508,273322,tt1413492,429351,https://trakt.tv/movies/12-strong-2018,2018-01-19,130,"war,drama,history,action"
2023-08-10T18:09:19Z,movie,12 Years a Slave,2013,8.07086,56258,tt2024544,76203,https://trakt.tv/movies/12-years-a-slave-2013,2013-10-18,134,"drama,history"
2023-08-10T14:44:21Z,movie,127 Hours,2010,7.37806,29851,tt1542344,44115,https://trakt.tv/movies/127-hours-2010,2010-11-12,94,"adventure,drama,thriller"
2022-07-03T04:17:25Z,movie,13 Hours: The Secret Soldiers of Benghazi,2016,7.73151,219869,tt4172430,300671,https://trakt.tv/movies/13-hours-the-secret-soldiers-of-benghazi-2016,2016-01-13,144,"action,history,war,drama,thriller"
2023-08-22T19:49:42Z,movie,15 Minutes,2001,6.26986,1833,tt0179626,2749,https://trakt.tv/movies/15-minutes-2001,2001-03-01,120,"action,crime,thriller"
2023-06-29T11:43:11Z,movie,16 Blocks,2006,6.77971,1542,tt0450232,2207,https://trakt.tv/movies/16-blocks-2006,2006-03-03,105,"action,adventure,crime,thriller"
2022-05-31T12:38:53Z,movie,2 Fast 2 Furious,2003,6.66961,463,tt0322259,584,https://trakt.tv/movies/2-fast-2-furious-2003,2003-06-06,107,"action,crime,thriller"
2022-07-02T00:17:58Z,movie,2 Guns,2013,7.04293,91859,tt1272878,136400,https://trakt.tv/movies/2-guns-2013,2013-08-02,109,"action,comedy,crime"
2023-07-11T07:05:21Z,movie,2022 Back That Year Up with Kevin Hart & Kenan Thompson,2022,6,854214,tt25041284,1062253,https://trakt.tv/movies/2022-back-that-year-up-with-kevin-hart-kenan-thompson-2022,2022-12-23,71,comedy
2023-06-30T20:03:45Z,movie,21 Grams,2003,7.40184,372,tt0315733,470,https://trakt.tv/movies/21-grams-2003,2003-11-21,124,"crime,drama,thriller"
2022-07-02T00:18:30Z,movie,21 Jump Street,2012,7.31947,46734,tt1232829,64688,https://trakt.tv/movies/21-jump-street-2012,2012-03-16,109,"action,comedy,crime"
2022-07-02T00:18:33Z,movie,22 Jump Street,2014,7.14348,117143,tt2294449,187017,https://trakt.tv/movies/22-jump-street-2014,2014-06-13,112,"action,comedy,crime"
2023-05-08T02:01:08Z,movie,24 Hours to Live,2017,6.81134,317407,tt5442456,470114,https://trakt.tv/movies/24-hours-to-live-2017,2017-10-26,94,"thriller,science-fiction,action,mystery"
2023-05-08T01:58:13Z,movie,25th Hour,2002,7.44669,958,tt0307901,1429,https://trakt.tv/movies/25th-hour-2002,2002-12-19,135,"crime,drama"
2025-06-03T16:00:39Z,movie,28 Days Later,2002,7.52251,135,tt0289043,170,https://trakt.tv/movies/28-days-later-2002,2002-11-01,113,"horror,science-fiction,thriller"
2025-06-03T16:00:38Z,movie,28 Weeks Later,2007,6.86601,1021,tt0463854,1562,https://trakt.tv/movies/28-weeks-later-2007,2007-04-26,100,"horror,science-fiction,thriller"
2025-07-01T02:32:07Z,movie,28 Years Later,2025,6.3959,885672,tt10548174,1100988,https://trakt.tv/movies/28-years-later-2025,2025-06-19,115,"horror,science-fiction,thriller"
2025-07-01T02:32:14Z,movie,28 Years Later: The Bone Temple,2026,6.4375,1033738,tt32141377,1272837,https://trakt.tv/movies/28-years-later-the-bone-temple-2026,2026-01-14,90,"horror,science-fiction,thriller"
2022-07-03T05:44:53Z,movie,3 Days to Kill,2014,6.7227,120007,tt2172934,192102,https://trakt.tv/movies/3-days-to-kill-2014,2014-02-14,113,"drama,thriller,action"
2023-08-17T14:08:09Z,movie,3:10 to Yuma,2007,7.58029,3015,tt0381849,5176,https://trakt.tv/movies/3-10-to-yuma-2007,2007-09-07,122,western
2023-05-25T11:19:59Z,movie,300: Rise of an Empire,2014,6.47873,37540,tt1253863,53182,https://trakt.tv/movies/300-rise-of-an-empire-2014,2014-03-07,102,"action,drama,war"
2023-05-25T11:20:29Z,movie,47 Ronin,2013,6.70885,46732,tt1335975,64686,https://trakt.tv/movies/47-ronin-2013,2013-12-25,119,"action,fantasy,drama"
2023-05-08T03:10:15Z,movie,48 Hrs.,1982,7.14898,116,tt0083511,150,https://trakt.tv/movies/48-hrs-1982,1982-12-07,96,"action,comedy,crime"
2023-08-07T20:39:34Z,movie,5 Days of War,2011,6.05469,35399,tt1486193,50601,https://trakt.tv/movies/5-days-of-war-2011,2011-08-18,113,"drama,war"
2023-06-29T11:44:10Z,movie,50 First Dates,2004,7.15468,1206,tt0343660,1824,https://trakt.tv/movies/50-first-dates-2004,2004-02-13,99,"comedy,romance"
2025-06-26T04:38:15Z,movie,50/50,2011,7.55046,26878,tt1306980,40807,https://trakt.tv/movies/50-50-2011,2011-09-30,100,"comedy,drama"
2023-11-17T08:03:32Z,movie,57 Seconds,2023,6.21573,751911,tt18083578,937249,https://trakt.tv/movies/57-seconds-2023,2023-09-29,99,"thriller,science-fiction,action"
2023-03-09T21:25:35Z,movie,6 Underground,2019,6.64941,357288,tt8106534,509967,https://trakt.tv/movies/6-underground-2019,2019-12-13,128,"action,thriller,comedy"
2023-08-15T18:48:19Z,movie,8 Heads in a Duffel Bag,1997,5.97143,8347,tt0118541,13982,https://trakt.tv/movies/8-heads-in-a-duffel-bag-1997,1997-04-18,95,"comedy,crime,adventure,mystery"
2023-08-07T21:55:32Z,movie,8MM,1999,6.78827,4087,tt0134273,8224,https://trakt.tv/movies/8mm-1999,1999-02-26,123,"crime,mystery,thriller"
2023-08-08T22:39:08Z,movie,8MM 2,2005,5,3875,tt0448172,7295,https://trakt.tv/movies/8mm-2-2005,2005-11-22,106,"drama,mystery,thriller"
2023-07-28T21:43:24Z,movie,97 Minutes,2023,5.22993,754915,tt16496386,940241,https://trakt.tv/movies/97-minutes-2023,2023-07-10,93,"thriller,action,drama"
2023-06-04T18:27:30Z,movie,A Beautiful Day in the Neighborhood,2019,7.26817,348923,tt3224458,501907,https://trakt.tv/movies/a-beautiful-day-in-the-neighborhood-2019,2020-09-18,109,"drama,history,family"
2023-05-25T11:35:24Z,movie,A Beautiful Mind,2001,8.10596,358,tt0268978,453,https://trakt.tv/movies/a-beautiful-mind-2001,2001-12-21,135,"drama,romance"
2023-08-10T03:00:12Z,movie,A Bronx Tale,1993,7.96676,1056,tt0106489,1607,https://trakt.tv/movies/a-bronx-tale-1993,1993-10-01,121,"crime,drama"
2023-05-05T22:09:24Z,movie,A Call to Spy,2020,6.92376,436662,tt7698468,589612,https://trakt.tv/movies/a-call-to-spy-2020,2020-10-02,124,"drama,history,crime"
2023-05-10T20:29:06Z,movie,A Civil Action,1998,6.9465,4711,tt0120633,9422,https://trakt.tv/movies/a-civil-action-1998,1998-12-25,115,drama
2023-09-24T19:07:12Z,movie,A Clockwork Orange,1971,8.01274,149,tt0066921,185,https://trakt.tv/movies/a-clockwork-orange-1971,1971-12-19,137,"science-fiction,crime"
2023-08-10T18:41:40Z,movie,A Day to Die,2022,5.44336,691138,tt14412366,864116,https://trakt.tv/movies/a-day-to-die-2022,2022-03-04,101,"action,thriller,crime,drama"
2023-08-22T19:49:41Z,movie,A Family Man,2016,7.31232,261011,tt1718924,375183,https://trakt.tv/movies/a-family-man-2016,2017-07-28,108,drama
2023-05-08T01:58:00Z,movie,A Few Good Men,1992,7.94159,724,tt0104257,881,https://trakt.tv/movies/a-few-good-men-1992,1992-12-11,138,drama
2023-08-08T18:56:00Z,movie,A Fistful of Dollars,1964,7.81945,311,tt0058461,391,https://trakt.tv/movies/a-fistful-of-dollars-1964,1964-09-12,99,western
2022-07-22T20:35:05Z,movie,A Good Day to Die Hard,2013,5.91296,33210,tt1606378,47964,https://trakt.tv/movies/a-good-day-to-die-hard-2013,2013-02-14,98,"action,thriller"
2023-11-03T01:09:14Z,movie,A Haunting in Venice,2023,6.63219,759594,tt22687790,945729,https://trakt.tv/movies/a-haunting-in-venice-2023,2023-09-15,104,"crime,mystery,thriller"
2022-05-31T12:31:48Z,movie,A History of Violence,2005,7.27661,32,tt0399146,59,https://trakt.tv/movies/a-history-of-violence-2005,2005-10-07,96,"crime,drama,thriller"
2023-02-03T00:46:15Z,movie,A Hitman in London,2015,5.0229,204584,tt3120960,323966,https://trakt.tv/movies/a-hitman-in-london-2015,2015-10-13,97,"action,crime"
2023-06-10T03:36:26Z,movie,A League of Their Own,1992,7.53162,6390,tt0104694,11287,https://trakt.tv/movies/a-league-of-their-own-1992,1992-07-01,128,"comedy,drama"
2023-05-15T15:10:10Z,movie,A Love Song for Bobby Long,2004,6.95038,5183,tt0369672,9953,https://trakt.tv/movies/a-love-song-for-bobby-long-2004,2004-09-02,119,drama
2023-05-10T23:24:44Z,movie,A Man Apart,2003,6.52856,4175,tt0266465,8409,https://trakt.tv/movies/a-man-apart-2003,2003-04-04,109,"action,drama,crime"
2023-09-19T18:48:39Z,movie,A Million Miles Away,2023,7.4631,805692,tt21940010,1002185,https://trakt.tv/movies/a-million-miles-away-2023,2023-09-08,122,"drama,history"
2023-10-07T19:03:51Z,movie,A Million Ways to Die in the West,2014,6.51937,117784,tt2557490,188161,https://trakt.tv/movies/a-million-ways-to-die-in-the-west-2014,2014-05-30,116,"comedy,western"
2023-10-25T07:06:33Z,movie,A Most Violent Year,2014,6.81503,147084,tt2937898,241239,https://trakt.tv/movies/a-most-violent-year-2014,2014-12-31,124,"crime,drama,thriller"
2023-05-10T01:13:33Z,movie,A Most Wanted Man,2014,6.6915,102444,tt1972571,157849,https://trakt.tv/movies/a-most-wanted-man-2014,2014-07-25,121,thriller
2023-09-24T19:06:58Z,movie,A Royal Affair,2012,7.45079,66178,tt1276419,88273,https://trakt.tv/movies/a-royal-affair-2012,2012-03-29,137,"drama,history,romance"
2023-08-07T21:11:09Z,movie,A Score to Settle,2019,6.09958,347681,tt3758162,500922,https://trakt.tv/movies/a-score-to-settle-2019,2019-08-02,103,"action,thriller,drama,crime"
2023-08-07T20:47:22Z,movie,A Soldier's Revenge,2021,5.42105,539188,tt9302994,695576,https://trakt.tv/movies/a-soldier-s-revenge-2021,2020-06-16,140,western
2023-07-30T07:20:05Z,movie,A Star Is Born,2018,7.72789,213443,tt1517451,332562,https://trakt.tv/movies/a-star-is-born-2018,2018-10-05,136,"drama,romance,music"
2023-05-10T23:34:42Z,movie,A Time to Kill,1996,7.67385,1090,tt0117913,1645,https://trakt.tv/movies/a-time-to-kill-1996,1996-07-24,149,"crime,drama,thriller"
2018-06-14T06:48:48Z,movie,A View to a Kill,1985,6.61832,579,tt0090264,707,https://trakt.tv/movies/a-view-to-a-kill-1985,1985-06-12,131,"action,adventure,thriller"
2025-04-16T05:02:45Z,movie,A Working Man,2025,6.6772,966319,tt9150192,1197306,https://trakt.tv/movies/a-working-man-2025,2025-03-28,116,"action,thriller,crime"
2023-08-19T05:08:46Z,movie,A Wrinkle in Time,2018,5.86144,260750,tt1620680,407451,https://trakt.tv/movies/a-wrinkle-in-time-2018,2018-03-09,109,"adventure,family,fantasy,science-fiction"
2023-06-12T19:10:33Z,movie,A.I. Artificial Intelligence,2001,7.24896,520,tt0212720,644,https://trakt.tv/movies/a-i-artificial-intelligence-2001,2001-06-29,146,"adventure,drama,science-fiction"
2022-07-02T07:21:03Z,movie,Æon Flux,2005,6.12099,4071,tt0402022,8202,https://trakt.tv/movies/aeon-flux-2005,2005-12-02,93,"science-fiction,action,thriller"
2023-08-04T20:56:29Z,movie,About My Father,2023,6.35648,661276,tt8373206,829051,https://trakt.tv/movies/about-my-father-2023,2023-05-26,90,comedy
2025-08-10T02:36:36Z,movie,About Time,2013,8.01151,84894,tt2194499,122906,https://trakt.tv/movies/about-time-2013,2013-09-04,123,"drama,romance,fantasy"
2023-08-08T19:08:49Z,movie,Absolute Power,1997,7.01011,37,tt0118548,66,https://trakt.tv/movies/absolute-power-1997,1997-02-14,121,"crime,drama,action"
2023-08-12T07:05:39Z,movie,Across the Line: The Exodus of Charlie Wright,2010,5.5,36403,tt1663193,51823,https://trakt.tv/movies/across-the-line-the-exodus-of-charlie-wright-2010,2010-12-29,94,"action,crime,drama,thriller"
2023-05-08T21:43:52Z,movie,Act of Valor,2012,6.96353,55799,tt1591479,75674,https://trakt.tv/movies/act-of-valor-2012,2012-02-24,110,"action,thriller,war"
2023-05-25T11:22:20Z,movie,Acts of Vengeance,2017,6.70133,320624,tt6288694,445954,https://trakt.tv/movies/acts-of-vengeance-2017,2017-10-27,87,"action,drama,thriller"
2023-08-07T06:27:34Z,movie,Ad Astra,2019,6.38832,298164,tt2935510,419704,https://trakt.tv/movies/ad-astra-2019,2019-09-20,123,"science-fiction,drama"
2023-05-21T03:36:53Z,movie,Addams Family Values,1993,7.28046,1842,tt0106220,2758,https://trakt.tv/movies/addams-family-values-1993,1993-11-19,94,"comedy,fantasy,family"
2023-10-07T19:03:37Z,movie,Adventureland,2009,6.76393,10209,tt1091722,16614,https://trakt.tv/movies/adventureland-2009,2009-04-03,107,"comedy,drama,romance"
2023-06-25T09:16:13Z,movie,Affairs of State,2018,6.12308,377316,tt4180556,528998,https://trakt.tv/movies/affairs-of-state-2018,2018-06-15,98,"drama,thriller,romance"
2023-05-25T11:27:38Z,movie,After the Sunset,2004,6.7056,5766,tt0367479,10589,https://trakt.tv/movies/after-the-sunset-2004,2004-11-12,97,"action,comedy,crime,drama"
2025-07-01T02:32:37Z,movie,Afterburn,2025,6.12291,354421,tt1210027,507244,https://trakt.tv/movies/afterburn-2025,2025-09-19,105,"comedy,science-fiction,action"
2023-08-07T09:44:32Z,movie,Aftermath,2017,6.42228,232295,tt4581576,390051,https://trakt.tv/movies/aftermath-2017,2017-02-28,92,"thriller,drama"
2022-07-02T07:19:35Z,movie,Against the Clock,2019,4.3299,216734,tt3813094,336007,https://trakt.tv/movies/against-the-clock-2019,2019-01-11,102,"thriller,action"
2023-10-29T07:08:37Z,movie,Agatha and the Curse of Ishtar,2019,6.22269,490105,tt10964992,655730,https://trakt.tv/movies/agatha-and-the-curse-of-ishtar-2019,2019-12-15,95,crime
2023-10-29T07:08:37Z,movie,Agatha and the Midnight Murders,2020,5.92746,589539,tt11062400,749395,https://trakt.tv/movies/agatha-and-the-midnight-murders-2020,2020-10-07,91,"mystery,drama"
2023-10-29T07:08:38Z,movie,Agatha and the Truth of Murder,2018,6.42157,421469,tt9381998,570352,https://trakt.tv/movies/agatha-and-the-truth-of-murder-2018,2018-12-23,93,"mystery,drama"
2023-08-07T20:30:36Z,movie,Age of Heroes,2011,6.14699,24904,tt1590950,38540,https://trakt.tv/movies/age-of-heroes-2011,2011-09-09,90,"action,drama,thriller,war"
2023-05-08T20:53:29Z,movie,Agent Game,2022,5.59907,698208,tt14168394,872542,https://trakt.tv/movies/agent-game-2022,2022-04-08,90,"action,thriller"
2023-09-24T19:07:02Z,movie,Agora,2009,7.13212,16067,tt1186830,26428,https://trakt.tv/movies/agora-2009,2009-10-09,127,"adventure,drama,history"
2023-06-04T19:31:37Z,movie,Air,2023,7.43158,775413,tt16419074,964980,https://trakt.tv/movies/air-2023,2023-04-05,111,"drama,history"
2023-08-15T21:17:19Z,movie,Air America,1990,6.48092,6879,tt0099005,11856,https://trakt.tv/movies/air-america-1990,1990-08-10,112,"action,adventure,comedy,drama"
2023-05-15T15:11:59Z,movie,Air Force One,1997,6.99445,5033,tt0118571,9772,https://trakt.tv/movies/air-force-one-1997,1997-07-25,124,"action,thriller"
2024-02-22T20:23:09Z,movie,Air Force One Down,2024,6.32409,904649,tt27708700,1124127,https://trakt.tv/movies/air-force-one-down-2024,2024-02-09,84,"action,thriller"
2023-05-09T01:17:31Z,movie,Airplane II: The Sequel,1982,6.62291,1796,tt0083530,2665,https://trakt.tv/movies/airplane-ii-the-sequel-1982,1982-12-10,85,comedy
2023-05-09T01:17:49Z,movie,Airplane!,1980,7.72125,656,tt0080339,813,https://trakt.tv/movies/airplane-1980,1980-06-27,88,comedy
2025-02-02T06:03:55Z,movie,Alarum,2025,5.27474,1012109,tt31456973,1249289,https://trakt.tv/movies/alarum-2025,2025-01-17,95,"action,crime,thriller"
2023-09-24T19:06:59Z,movie,Alexander,2004,6.09797,1334,tt0346491,1966,https://trakt.tv/movies/alexander-2004,2004-11-24,176,"action,adventure,drama,history,romance,war"
2023-06-21T14:56:52Z,movie,Ali,2001,6.91388,4226,tt0248667,8489,https://trakt.tv/movies/ali-2001,2001-12-10,157,drama
2022-07-02T07:19:06Z,movie,Alice in Wonderland,2010,6.7621,7070,tt1014759,12155,https://trakt.tv/movies/alice-in-wonderland-2010,2010-03-05,108,"fantasy,adventure,family"
2022-07-02T07:19:04Z,movie,Alice Through the Looking Glass,2016,6.97311,147091,tt2567026,241259,https://trakt.tv/movies/alice-through-the-looking-glass-2016,2016-05-27,113,"fantasy,family,adventure"
2023-05-10T01:14:08Z,movie,All the King's Men,2006,6.00247,1148,tt0405676,1717,https://trakt.tv/movies/all-the-king-s-men-2006,2006-09-10,125,"drama,thriller"
2025-07-11T21:23:26Z,movie,All the Money in the World,2017,7.01768,293456,tt5294550,446791,https://trakt.tv/movies/all-the-money-in-the-world-2017,2017-12-25,132,"crime,history,thriller"
2022-06-01T13:44:00Z,movie,All the Old Knives,2022,6.38849,302414,tt3706352,294793,https://trakt.tv/movies/all-the-old-knives-2022,2022-04-07,101,"thriller,mystery"
2023-08-15T19:28:00Z,movie,All the President's Men,1976,7.89692,734,tt0074119,891,https://trakt.tv/movies/all-the-president-s-men-1976,1976-04-09,138,"drama,mystery,thriller"
2022-07-02T07:19:09Z,movie,Allegiant,2016,6.57388,161418,tt3410834,262504,https://trakt.tv/movies/allegiant-2016,2016-03-18,120,"science-fiction,adventure,action,mystery"
2023-07-07T12:13:06Z,movie,Allied,2016,7.30658,226556,tt3640424,369885,https://trakt.tv/movies/allied-2016,2016-11-23,124,"war,drama,romance,thriller,action"
2023-06-26T19:13:13Z,movie,Aloha,2015,6.06295,136908,tt1243974,222936,https://trakt.tv/movies/aloha-2015,2015-05-29,105,"comedy,romance,drama"
2023-05-12T16:14:33Z,movie,Alpha Dog,2006,7.01075,3917,tt0426883,7457,https://trakt.tv/movies/alpha-dog-2006,2006-01-27,122,"crime,drama,thriller"
2022-07-03T05:37:36Z,movie,Ambulance,2022,6.58869,601849,tt4998632,763285,https://trakt.tv/movies/ambulance-2022,2022-03-25,136,"thriller,action,crime"
2018-01-01T14:06:34Z,movie,American Assassin,2017,6.94711,260759,tt1961175,415842,https://trakt.tv/movies/american-assassin-2017,2017-09-15,112,"thriller,action,adventure"
2023-05-10T02:44:06Z,movie,American Beauty,1999,8.06155,10,tt0169547,14,https://trakt.tv/movies/american-beauty-1999,1999-09-15,122,drama
2023-05-10T20:25:18Z,movie,American Flyers,1985,7.03846,8388,tt0088707,14040,https://trakt.tv/movies/american-flyers-1985,1985-08-16,113,drama
2023-05-10T20:04:54Z,movie,American Gangster,2007,7.83607,2913,tt0765429,4982,https://trakt.tv/movies/american-gangster-2007,2007-11-02,157,"crime,drama"
2023-08-09T00:39:37Z,movie,American Hero,2015,5.82152,223830,tt4733536,367551,https://trakt.tv/movies/american-hero-2015,2015-12-11,86,"science-fiction,action,comedy"
2023-05-08T01:59:23Z,movie,American History X,1998,8.4535,43,tt0120586,73,https://trakt.tv/movies/american-history-x-1998,1998-10-30,119,drama
2023-07-30T07:05:07Z,movie,American Hustle,2013,7.0892,107776,tt1800241,168672,https://trakt.tv/movies/american-hustle-2013,2013-12-03,138,"crime,drama"
2023-05-08T03:24:10Z,movie,American Made,2017,7.33893,217731,tt3532216,337170,https://trakt.tv/movies/american-made-2017,2017-09-29,115,"crime,comedy,drama,action"
2022-07-03T05:37:58Z,movie,American Pie,1999,7.13119,1454,tt0163651,2105,https://trakt.tv/movies/american-pie-1999,1999-07-09,95,"comedy,romance"
2022-07-03T05:38:02Z,movie,American Pie 2,2001,6.66498,1851,tt0252866,2770,https://trakt.tv/movies/american-pie-2-2001,2001-08-10,108,"comedy,romance"
2022-07-03T05:38:12Z,movie,American Reunion,2012,6.7279,52492,tt1605630,71552,https://trakt.tv/movies/american-reunion-2012,2012-04-06,113,comedy
2023-08-10T18:15:46Z,movie,American Sicario,2021,5.64198,716575,tt13322120,893297,https://trakt.tv/movies/american-sicario-2021,2021-12-10,90,"crime,action"
2023-03-30T00:01:53Z,movie,American Sniper,2014,7.41646,119348,tt2179136,190859,https://trakt.tv/movies/american-sniper-2014,2014-12-25,133,"action,war"
2024-01-28T20:09:26Z,movie,American Star,2024,5.90717,943779,tt19984386,1170824,https://trakt.tv/movies/american-star-2024,2024-01-26,107,"thriller,mystery,drama"
2023-08-15T22:39:27Z,movie,American Traitor: The Trial of Axis Sally,2021,6.11111,560129,tt7050946,603603,https://trakt.tv/movies/american-traitor-the-trial-of-axis-sally-2021,2021-05-28,107,"drama,history"
2022-07-03T10:17:53Z,movie,American Ultra,2015,6.60951,160399,tt3316948,261392,https://trakt.tv/movies/american-ultra-2015,2015-08-21,96,"action,comedy"
2022-07-03T05:38:14Z,movie,American Wedding,2003,6.56039,4097,tt0328828,8273,https://trakt.tv/movies/american-wedding-2003,2003-08-01,103,"comedy,romance"
2023-09-24T19:07:03Z,movie,Amistad,1997,7.34313,6855,tt0118607,11831,https://trakt.tv/movies/amistad-1997,1997-12-10,155,"drama,history,mystery"
2023-08-07T21:44:20Z,movie,Amos & Andrew,1993,5.79111,19758,tt0106266,31000,https://trakt.tv/movies/amos-andrew-1993,1993-03-05,96,"action,comedy"
2023-08-15T22:41:55Z,movie,Amsterdam,2022,6.13358,498243,tt10304142,664469,https://trakt.tv/movies/amsterdam-2022,2022-09-27,134,"mystery,comedy,drama"
2023-05-10T20:37:00Z,movie,An Officer and a Gentleman,1982,7.31079,1776,tt0084434,2623,https://trakt.tv/movies/an-officer-and-a-gentleman-1982,1982-07-28,124,"drama,romance"
2023-03-09T21:25:19Z,movie,Analyze That,2002,6.3298,5164,tt0289848,9932,https://trakt.tv/movies/analyze-that-2002,2002-12-06,96,"comedy,crime"
2023-03-09T21:25:40Z,movie,Analyze This,1999,6.97566,4813,tt0122933,9535,https://trakt.tv/movies/analyze-this-1999,1999-03-05,103,"comedy,crime"
2023-03-09T21:25:32Z,movie,Anchorman 2: The Legend Continues,2013,6.4509,77348,tt1229340,109443,https://trakt.tv/movies/anchorman-2-the-legend-continues-2013,2013-12-18,119,comedy
2023-03-09T21:25:31Z,movie,Anchorman: The Legend of Ron Burgundy,2004,7.22,4278,tt0357413,8699,https://trakt.tv/movies/anchorman-the-legend-of-ron-burgundy-2004,2004-07-09,95,comedy
2022-07-01T01:25:58Z,movie,Angel Has Fallen,2019,7.03374,268664,tt6189022,423204,https://trakt.tv/movies/angel-has-fallen-2019,2019-08-23,122,"action,thriller"
2022-07-02T01:30:44Z,movie,Angels & Demons,2009,7.02908,7917,tt0808151,13448,https://trakt.tv/movies/angels-demons-2009,2009-05-13,139,"mystery,thriller"
2023-05-10T18:53:37Z,movie,Anger Management,2003,6.4916,4786,tt0305224,9506,https://trakt.tv/movies/anger-management-2003,2003-04-11,106,comedy
2023-05-21T03:42:20Z,movie,Animal House,1978,7.50822,4221,tt0077975,8469,https://trakt.tv/movies/animal-house-1978,1978-07-28,109,comedy
2023-05-25T11:27:13Z,movie,Animal Kingdom,2010,7.11977,30313,tt1313092,44629,https://trakt.tv/movies/animal-kingdom-2010,2010-06-03,113,"crime,drama"
2022-07-02T01:29:14Z,movie,Anna,2019,7.14748,331691,tt7456310,484641,https://trakt.tv/movies/anna-2019,2019-06-21,119,"thriller,action,adventure"
2023-11-04T03:38:49Z,movie,Annihilation,2018,6.84383,220563,tt2798920,300668,https://trakt.tv/movies/annihilation-2018,2018-02-23,115,"science-fiction,horror"
2023-07-07T23:52:57Z,movie,Anonymous Killers,2020,4,590025,tt3727948,750109,https://trakt.tv/movies/anonymous-killers-2020,2020-10-06,100,"crime,horror"
2023-05-08T03:10:14Z,movie,Another 48 Hrs.,1990,6.51422,6672,tt0099044,11595,https://trakt.tv/movies/another-48-hrs-1990,1990-06-08,95,"action,comedy,crime,thriller"
2023-05-08T03:10:04Z,movie,Ant-Man,2015,7.42467,73582,tt0478970,102899,https://trakt.tv/movies/ant-man-2015,2015-07-17,117,"action,science-fiction,adventure,superhero"
2023-05-08T03:10:08Z,movie,Ant-Man and the Wasp,2018,7.20907,223262,tt5095030,363088,https://trakt.tv/movies/ant-man-and-the-wasp-2018,2018-07-06,119,"adventure,science-fiction,action,superhero"
2023-05-05T22:09:19Z,movie,Ant-Man and the Wasp: Quantumania,2023,6.19452,478761,tt10954600,640146,https://trakt.tv/movies/ant-man-and-the-wasp-quantumania-2023,2023-02-17,125,"superhero,adventure,science-fiction,action"
2023-05-10T20:08:33Z,movie,Antwone Fisher,2002,7.39817,7905,tt0168786,13435,https://trakt.tv/movies/antwone-fisher-2002,2002-12-19,120,"drama,romance,history"
2023-08-08T19:03:03Z,movie,Any Which Way You Can,1980,6.76946,10510,tt0080377,17169,https://trakt.tv/movies/any-which-way-you-can-1980,1980-12-17,115,"action,adventure,comedy"
2023-05-11T01:14:59Z,movie,Apollo 13,1995,7.9391,448,tt0112384,568,https://trakt.tv/movies/apollo-13-1995,1995-06-30,140,"drama,history"
2023-10-29T07:08:36Z,movie,Appointment with Death,1988,6.43046,2518,tt0094669,4281,https://trakt.tv/movies/appointment-with-death-1988,1988-04-15,102,"crime,drama,mystery,thriller"
2023-08-19T15:48:16Z,movie,Apt Pupil,1998,6.76564,4732,tt0118636,9445,https://trakt.tv/movies/apt-pupil-1998,1998-09-16,107,"drama,thriller"
2022-06-01T14:45:58Z,movie,Aquaman,2018,7.128,193968,tt1477834,297802,https://trakt.tv/movies/aquaman-2018,2018-12-21,143,"fantasy,superhero,adventure,action"
2024-01-28T20:09:26Z,movie,Aquaman and the Lost Kingdom,2023,6.2122,423775,tt9663764,572802,https://trakt.tv/movies/aquaman-and-the-lost-kingdom-2023,2023-12-22,124,"adventure,action,fantasy,superhero"
2022-07-02T01:44:37Z,movie,Argo,2012,7.63937,50144,tt1024648,68734,https://trakt.tv/movies/argo-2012,2012-10-17,120,"drama,thriller"
2024-03-10T20:06:39Z,movie,Argylle,2024,6.17441,678040,tt15009428,848538,https://trakt.tv/movies/argylle-2024,2024-02-01,139,"action,comedy,adventure,thriller"
2023-08-28T19:55:05Z,movie,Arlington Road,1999,7.27098,838,tt0137363,1073,https://trakt.tv/movies/arlington-road-1999,1999-07-09,117,"drama,mystery,thriller,crime"
2022-07-03T06:58:54Z,movie,Armageddon,1998,7.19879,64,tt0120591,95,https://trakt.tv/movies/armageddon-1998,1998-07-01,151,"action,adventure,science-fiction,thriller"
2023-08-08T00:22:14Z,movie,Army of One,2016,6,222506,tt4382824,336445,https://trakt.tv/movies/army-of-one-2016,2016-11-04,92,comedy
2023-05-11T02:27:16Z,movie,Arrival,2016,7.81131,210803,tt2543164,329865,https://trakt.tv/movies/arrival-2016,2016-11-11,116,"science-fiction,drama,mystery"
2023-06-20T22:49:55Z,movie,Arthur,1981,7.0288,8089,tt0082031,13665,https://trakt.tv/movies/arthur-1981,1981-07-17,97,"comedy,drama,romance"
2023-06-21T14:44:55Z,movie,Arthur,2011,6.08343,34063,tt1334512,49012,https://trakt.tv/movies/arthur-2011,2011-04-08,110,"comedy,romance"
2023-06-08T22:07:02Z,movie,Arthur 2: On the Rocks,1988,5.5,15812,tt0094678,26044,https://trakt.tv/movies/arthur-2-on-the-rocks-1988,1988-07-08,113,"comedy,romance"
2023-02-03T01:05:24Z,movie,Asher,2018,6.2543,379932,tt6131450,529982,https://trakt.tv/movies/asher-2018,2018-12-07,117,"thriller,action,drama"
2023-04-02T21:43:24Z,movie,Assassin,2023,4.98438,737923,tt14555174,921355,https://trakt.tv/movies/assassin-2023,2023-03-31,88,"action,science-fiction,thriller,crime"
2023-08-10T18:20:13Z,movie,Assassin Club,2023,5.57624,701971,tt7720142,876969,https://trakt.tv/movies/assassin-club-2023,2023-05-16,113,"thriller,action,adventure"
2023-10-01T00:58:43Z,movie,Assassination Games,2011,6.12966,52592,tt1436568,71677,https://trakt.tv/movies/assassination-games-2011,2011-07-28,101,"action,crime,drama,thriller"
2023-08-10T18:22:48Z,movie,Assassination Tango,2003,6.2963,10127,tt0283897,16425,https://trakt.tv/movies/assassination-tango-2003,2003-03-08,114,"drama,thriller,romance"
2023-06-30T20:04:46Z,movie,Assassins,1995,6.61151,4963,tt0112401,9691,https://trakt.tv/movies/assassins-1995,1995-10-06,132,"action,adventure,crime,thriller"
2023-05-25T11:28:32Z,movie,Assassin's Bullet,2012,4.84103,82162,tt1780983,117923,https://trakt.tv/movies/assassin-s-bullet-2012,2012-08-02,91,"action,thriller,adventure"
2025-03-22T05:02:51Z,movie,Assassin's Creed,2016,6.27975,84393,tt2094766,121856,https://trakt.tv/movies/assassin-s-creed-2016,2016-12-21,116,"action,adventure,science-fiction"
2024-04-14T07:08:18Z,movie,At Close Range,1986,6.93318,8134,tt0090670,13715,https://trakt.tv/movies/at-close-range-1986,1986-04-18,111,"crime,drama,thriller"
2023-08-07T20:22:42Z,movie,At First Sight,1999,6.45682,9467,tt0132512,15556,https://trakt.tv/movies/at-first-sight-1999,1999-01-15,128,"drama,romance"
2025-03-22T05:02:51Z,movie,Atlas Shrugged: Part II,2012,6.14661,90854,tt1985017,134371,https://trakt.tv/movies/atlas-shrugged-part-ii-2012,2012-10-12,112,"drama,mystery,science-fiction"
2025-03-22T05:02:50Z,movie,Atlas Shrugged: Part III,2014,5.33557,124787,tt2800038,199933,https://trakt.tv/movies/atlas-shrugged-part-iii-2014,2014-09-12,99,"drama,mystery,science-fiction"
2020-04-25T23:59:02Z,movie,Atomic Blonde,2017,7.09398,224157,tt2406566,341013,https://trakt.tv/movies/atomic-blonde-2017,2017-07-28,115,"thriller,action,adventure"
2023-05-15T14:46:52Z,movie,Austin Powers in Goldmember,2002,6.61118,661,tt0295178,818,https://trakt.tv/movies/austin-powers-in-goldmember-2002,2002-07-26,94,"comedy,crime,science-fiction"
2023-05-15T14:47:05Z,movie,Austin Powers: International Man of Mystery,1997,7.17203,659,tt0118655,816,https://trakt.tv/movies/austin-powers-international-man-of-mystery-1997,1997-05-02,89,"comedy,crime,science-fiction"
2023-05-15T14:47:14Z,movie,Austin Powers: The Spy Who Shagged Me,1999,6.99301,660,tt0145660,817,https://trakt.tv/movies/austin-powers-the-spy-who-shagged-me-1999,1999-06-08,95,"adventure,comedy,crime,science-fiction"
2022-07-03T06:59:06Z,movie,Ava,2020,6.21348,391004,tt8784956,539885,https://trakt.tv/movies/ava-2020,2020-09-25,96,"action,thriller,crime"
2020-06-15T22:18:31Z,movie,Avatar,2009,7.80532,12269,tt0499549,19995,https://trakt.tv/movies/avatar-2009,2009-12-18,162,"action,adventure,fantasy,science-fiction"
2023-01-10T11:31:48Z,movie,Avatar: The Way of Water,2022,7.543,56580,tt1630029,76600,https://trakt.tv/movies/avatar-the-way-of-water-2022,2022-12-16,192,"action,adventure,science-fiction,fantasy"
2022-06-01T12:59:27Z,movie,Avengers Grimm,2015,4.67847,204283,tt4296026,323660,https://trakt.tv/movies/avengers-grimm-2015,2015-03-17,90,"action,fantasy"
2022-06-01T12:28:30Z,movie,Avengers Grimm: Time Wars,2018,4.19266,369883,tt8159584,521720,https://trakt.tv/movies/avengers-grimm-time-wars-2018,2018-05-01,88,"action,adventure,fantasy"
2020-06-15T22:23:09Z,movie,Avengers: Age of Ultron,2015,7.48174,71938,tt2395427,99861,https://trakt.tv/movies/avengers-age-of-ultron-2015,2015-05-01,141,"action,adventure,science-fiction,superhero"
2023-05-08T02:00:14Z,movie,Avengers: Endgame,2019,8.4119,191798,tt4154796,299534,https://trakt.tv/movies/avengers-endgame-2019,2019-04-26,181,"action,adventure,science-fiction,superhero"
2020-06-15T22:22:10Z,movie,Avengers: Infinity War,2018,8.44393,191797,tt4154756,299536,https://trakt.tv/movies/avengers-infinity-war-2018,2018-04-27,149,"action,adventure,superhero,science-fiction"
2023-08-28T21:35:08Z,movie,Awake,2019,6.03661,460949,tt7584702,618019,https://trakt.tv/movies/awake-2019,2019-08-16,92,"thriller,action"
2023-08-10T18:23:53Z,movie,Baby Driver,2017,7.64681,219867,tt3890160,339403,https://trakt.tv/movies/baby-driver-2017,2017-06-28,113,"action,crime,romance"
2023-05-15T00:34:09Z,movie,Babylon,2022,7.00558,459051,tt10640346,615777,https://trakt.tv/movies/babylon-2022,2022-12-23,189,"drama,comedy"
2023-05-15T00:34:07Z,movie,Babylon A.D.,2008,5.99863,4670,tt0364970,9381,https://trakt.tv/movies/babylon-a-d-2008,2008-08-29,101,"action,adventure,science-fiction,thriller"
2023-05-11T01:20:34Z,movie,Bachelor Party,1984,6.60524,7182,tt0086927,12309,https://trakt.tv/movies/bachelor-party-1984,1984-06-29,105,comedy
2023-06-29T11:48:33Z,movie,Bachelor Party 2: The Last Temptation,2008,5.4403,8733,tt0954541,14503,https://trakt.tv/movies/bachelor-party-2-the-last-temptation-2008,2008-03-11,104,comedy
2025-01-17T16:24:33Z,movie,Back in Action,2025,6.6934,798786,tt21191806,993710,https://trakt.tv/movies/back-in-action-2025,2025-01-17,114,"action,comedy"
2023-05-11T00:58:08Z,movie,Back to School,1986,6.94932,9498,tt0090685,15596,https://trakt.tv/movies/back-to-school-1986,1986-06-13,96,comedy
2023-05-05T15:23:46Z,movie,Back to the Future,1985,8.56715,74,tt0088763,105,https://trakt.tv/movies/back-to-the-future-1985,1985-07-03,116,"adventure,comedy,science-fiction"
2023-05-05T15:23:58Z,movie,Back to the Future Part II,1989,8.13928,130,tt0096874,165,https://trakt.tv/movies/back-to-the-future-part-ii-1989,1989-11-22,108,"adventure,comedy,science-fiction"
2023-05-05T15:23:50Z,movie,Back to the Future Part III,1990,7.81113,159,tt0099088,196,https://trakt.tv/movies/back-to-the-future-part-iii-1990,1990-05-25,119,"adventure,comedy,science-fiction"
2023-08-15T23:13:32Z,movie,Backdraft,1991,7.08518,1940,tt0101393,2924,https://trakt.tv/movies/backdraft-1991,1991-05-24,137,"crime,drama,thriller,action"
2024-04-17T19:11:11Z,movie,Backdraft 2,2019,5.95816,435025,tt8172466,587808,https://trakt.tv/movies/backdraft-2-2019,2019-05-14,102,"action,crime,drama"
2022-06-01T13:49:19Z,movie,Backstabbing for Beginners,2018,6.88889,324039,tt5153288,476678,https://trakt.tv/movies/backstabbing-for-beginners-2018,2018-04-27,108,"thriller,drama,history"
2023-05-08T03:10:10Z,movie,Bad Boys,1995,7.2679,5003,tt0112442,9737,https://trakt.tv/movies/bad-boys-1995,1995-04-07,119,"action,comedy,crime,thriller"
2023-05-08T03:10:11Z,movie,Bad Boys,1983,7.21086,8065,tt0085210,13633,https://trakt.tv/movies/bad-boys-1983,1983-03-25,123,"crime,drama,thriller"
2023-05-08T03:10:05Z,movie,Bad Boys for Life,2020,7.0024,25039,tt1502397,38700,https://trakt.tv/movies/bad-boys-for-life-2020,2020-01-17,124,"action,crime,thriller"
2023-05-08T03:09:56Z,movie,Bad Boys II,2003,7.1211,4429,tt0172156,8961,https://trakt.tv/movies/bad-boys-ii-2003,2003-07-18,146,"action,comedy,crime"
2025-03-17T12:21:52Z,movie,Bad Boys: Ride or Die,2024,7.14382,424256,tt4919268,573435,https://trakt.tv/movies/bad-boys-ride-or-die-2024,2024-06-07,115,"action,comedy,crime,thriller,adventure"
2023-06-12T18:12:26Z,movie,Bad Company,2002,6.2477,2101,tt0280486,3132,https://trakt.tv/movies/bad-company-2002,2002-06-07,116,"action,adventure,comedy,thriller"
2023-08-25T17:59:05Z,movie,Bad Karma,2012,5.23333,84827,tt1847548,122796,https://trakt.tv/movies/bad-karma-2012,2012-09-12,87,thriller
2023-08-07T20:29:14Z,movie,Bad Lieutenant: Port of Call - New Orleans,2009,6.3713,6771,tt1095217,11699,https://trakt.tv/movies/bad-lieutenant-port-of-call-new-orleans-2009,2009-11-20,122,"crime,drama"
2023-06-21T15:09:52Z,movie,Bad Santa,2003,7.07347,5363,tt0307987,10147,https://trakt.tv/movies/bad-santa-2003,2003-11-26,92,"comedy,crime,drama,holiday"
2023-06-21T15:10:28Z,movie,Bad Santa 2,2016,6.55815,219429,tt1798603,338964,https://trakt.tv/movies/bad-santa-2-2016,2016-11-23,92,"comedy,crime,mystery,holiday"
2023-05-12T16:07:55Z,movie,Bad Teacher,2011,5.89158,36940,tt1284575,52449,https://trakt.tv/movies/bad-teacher-2011,2011-06-19,92,comedy
2025-07-02T05:08:16Z,movie,Ballerina,2025,7.23783,392717,tt7181546,541671,https://trakt.tv/movies/ballerina-2025,2025-06-06,125,"action,crime,thriller"
2022-07-02T00:37:33Z,movie,Ballistic: Ecks vs. Sever,2002,4.82792,5728,tt0308208,10550,https://trakt.tv/movies/ballistic-ecks-vs-sever-2002,2002-09-20,91,"action,adventure,thriller"
2023-07-07T23:15:32Z,movie,Bandit,2022,7.00851,673280,tt9853500,842942,https://trakt.tv/movies/bandit-2022,2022-09-23,126,"crime,drama,thriller"
2023-06-21T15:14:10Z,movie,Bandits,2001,6.69465,2130,tt0219965,3172,https://trakt.tv/movies/bandits-2001,2001-10-12,123,"comedy,crime"
2022-07-01T01:51:17Z,movie,Bangkok Dangerous,2008,5.6247,7730,tt0814022,13184,https://trakt.tv/movies/bangkok-dangerous-2008,2008-09-04,99,"action,crime,thriller"
2023-08-15T19:05:26Z,movie,Barney's Version,2010,7.0177,32205,tt1423894,46829,https://trakt.tv/movies/barney-s-version-2010,2010-10-26,134,"comedy,drama"
2022-06-01T13:48:43Z,movie,Basic,2003,6.96101,5943,tt0264395,10782,https://trakt.tv/movies/basic-2003,2003-04-18,98,"action,crime,drama,mystery,thriller"
2023-05-10T01:14:28Z,movie,Basic Instinct,1992,7.14879,320,tt0103772,402,https://trakt.tv/movies/basic-instinct-1992,1992-03-20,128,"mystery,thriller"
2023-05-10T01:14:26Z,movie,Basic Instinct 2,2006,5.27778,2068,tt0430912,3093,https://trakt.tv/movies/basic-instinct-2-2006,2006-03-31,114,"thriller,crime,mystery"
2025-07-24T17:13:52Z,movie,Bastille Day,2016,6.94532,214605,tt2368619,333669,https://trakt.tv/movies/bastille-day-2016,2016-04-22,92,action
2023-05-10T01:17:21Z,movie,Batman,1989,7.46724,224,tt0096895,268,https://trakt.tv/movies/batman-1989,1989-06-23,126,"action,fantasy,superhero,crime"
2023-05-10T01:16:33Z,movie,Batman & Robin,1997,4.71084,331,tt0118688,415,https://trakt.tv/movies/batman-robin-1997,1997-06-20,125,"action,superhero,science-fiction,adventure"
2023-05-10T01:16:14Z,movie,Batman Begins,2005,8.13693,228,tt0372784,272,https://trakt.tv/movies/batman-begins-2005,2005-06-15,140,"action,crime,drama,superhero"
2023-05-10T01:18:35Z,movie,Batman Forever,1995,5.68595,330,tt0112462,414,https://trakt.tv/movies/batman-forever-1995,1995-06-16,121,"fantasy,action,crime,superhero"
2023-05-10T01:16:01Z,movie,Batman Returns,1992,7.13598,300,tt0103776,364,https://trakt.tv/movies/batman-returns-1992,1992-06-19,126,"action,fantasy,superhero"
2016-04-08T04:29:18Z,movie,Batman v Superman: Dawn of Justice,2016,6.58187,129583,tt2975590,209112,https://trakt.tv/movies/batman-v-superman-dawn-of-justice-2016,2016-03-25,152,"action,adventure,fantasy,superhero"
2023-05-10T02:44:58Z,movie,Battleship,2012,6.37334,30479,tt1440129,44833,https://trakt.tv/movies/battleship-2012,2012-05-18,131,"action,adventure,science-fiction,thriller"
2023-11-04T03:38:48Z,movie,Baywatch,2017,6.49884,220314,tt1469304,339846,https://trakt.tv/movies/baywatch-2017,2017-05-26,116,"comedy,action,crime"
2022-07-03T09:24:36Z,movie,Be Cool,2005,6.29322,2677,tt0377471,4551,https://trakt.tv/movies/be-cool-2005,2005-03-04,118,"comedy,crime"
2022-06-01T13:49:03Z,movie,Bedazzled,2000,6.50542,1082,tt0230030,1636,https://trakt.tv/movies/bedazzled-2000,2000-10-19,93,"comedy,fantasy,romance"
2022-06-25T21:51:43Z,movie,Beetlejuice,1988,7.61125,2408,tt0094721,4011,https://trakt.tv/movies/beetlejuice-1988,1988-03-30,92,"comedy,fantasy"
2024-10-09T19:10:59Z,movie,Beetlejuice Beetlejuice,2024,6.81218,734869,tt2049403,917496,https://trakt.tv/movies/beetlejuice-beetlejuice-2024,2024-09-06,105,"comedy,fantasy,horror"
2023-08-15T22:07:43Z,movie,Before the Devil Knows You're Dead,2007,7.07837,3986,tt0292963,7972,https://trakt.tv/movies/before-the-devil-knows-you-re-dead-2007,2007-10-26,117,"drama,thriller,crime"
2023-08-10T18:25:23Z,movie,Behind Enemy Lines,2001,6.7645,4001,tt0159273,8007,https://trakt.tv/movies/behind-enemy-lines-2001,2001-11-30,106,"action,drama,thriller,war"
2023-05-10T20:45:29Z,movie,Being John Malkovich,1999,7.62446,386,tt0120601,492,https://trakt.tv/movies/being-john-malkovich-1999,1999-10-29,113,"comedy,drama,fantasy"
2024-09-15T07:04:17Z,movie,Being the Ricardos,2021,6.62986,365183,tt4995540,517088,https://trakt.tv/movies/being-the-ricardos-2021,2021-12-10,132,"drama,history"
2022-06-01T13:50:58Z,movie,Beirut,2018,6.88211,242484,tt4669264,399248,https://trakt.tv/movies/beirut-2018,2018-04-11,109,"thriller,action,drama"
2022-06-01T13:51:13Z,movie,Bent,2018,6.23969,352825,tt2237324,505579,https://trakt.tv/movies/bent-2018,2018-03-09,96,"thriller,crime"
2023-05-11T00:20:39Z,movie,Bernie,2012,6.77299,68391,tt1704573,92591,https://trakt.tv/movies/bernie-2012,2012-04-27,99,"comedy,crime,drama"
2023-05-10T20:52:35Z,movie,Better Off Dead...,1985,7.36895,8091,tt0088794,13667,https://trakt.tv/movies/better-off-dead-1985,1985-08-23,97,"comedy,romance"
2022-06-01T13:51:32Z,movie,Beverly Hills Cop,1984,7.62472,59,tt0086960,90,https://trakt.tv/movies/beverly-hills-cop-1984,1984-12-05,105,"action,comedy,crime"
2022-06-01T13:51:35Z,movie,Beverly Hills Cop II,1987,7.06979,65,tt0092644,96,https://trakt.tv/movies/beverly-hills-cop-ii-1987,1987-05-18,103,"action,comedy,crime"
2022-06-01T13:51:37Z,movie,Beverly Hills Cop III,1994,6.31588,257,tt0109254,306,https://trakt.tv/movies/beverly-hills-cop-iii-1994,1994-05-24,105,"action,comedy,crime"
2024-07-23T19:09:33Z,movie,Beverly Hills Cop: Axel F,2024,7.04902,177664,tt3083016,280180,https://trakt.tv/movies/beverly-hills-cop-axel-f-2024,2024-07-03,118,"action,comedy,crime"
2023-06-08T22:07:02Z,movie,Bezos,2023,5.5102,789176,tt15559582,982104,https://trakt.tv/movies/bezos-2023,2023-01-24,94,drama
2023-06-19T00:18:49Z,movie,Bicentennial Man,1999,7.40912,1602,tt0182789,2277,https://trakt.tv/movies/bicentennial-man-1999,1999-12-17,131,"science-fiction,drama"
2023-05-11T01:20:24Z,movie,Big,1988,7.49069,1603,tt0094737,2280,https://trakt.tv/movies/big-1988,1988-06-03,104,"comedy,drama,fantasy,romance,family"
2023-05-10T18:55:07Z,movie,Big Daddy,1999,6.77256,4485,tt0142342,9032,https://trakt.tv/movies/big-daddy-1999,1999-06-25,93,"comedy,drama"
2023-08-01T19:24:22Z,movie,Big Game,2015,6.13339,140487,tt2088003,230179,https://trakt.tv/movies/big-game-2015,2015-06-26,90,"action,thriller,adventure"
2023-08-10T19:27:28Z,movie,Billion Dollar Brain,1967,6.25568,2837,tt0061405,4889,https://trakt.tv/movies/billion-dollar-brain-1967,1967-12-20,111,thriller
2023-09-24T19:07:01Z,movie,Billion Dollar Heist,2023,7.05926,924057,tt11028122,1147203,https://trakt.tv/movies/billion-dollar-heist-2023,2023-08-14,85,documentary
2023-05-10T18:57:59Z,movie,Billy Madison,1995,6.76654,6154,tt0112508,11017,https://trakt.tv/movies/billy-madison-1995,1995-02-10,90,comedy
2023-08-15T21:18:19Z,movie,Bird on a Wire,1990,6.5187,1158,tt0099141,1727,https://trakt.tv/movies/bird-on-a-wire-1990,1990-05-18,110,"action,adventure,comedy,romance"
2022-07-03T09:25:53Z,movie,Birds of Prey (and the Fantabulous Emancipation of One Harley Quinn),2020,6.57691,342639,tt7713068,495764,https://trakt.tv/movies/birds-of-prey-and-the-fantabulous-emancipation-of-one-harley-quinn-2020,2020-02-07,109,"action,crime,superhero"
2023-05-08T03:12:01Z,movie,Black Adam,2022,6.49089,288212,tt6443346,436270,https://trakt.tv/movies/black-adam-2022,2022-10-21,125,"action,superhero,science-fiction,adventure"
2022-07-01T22:30:14Z,movie,Black Hawk Down,2001,7.80584,698,tt0265086,855,https://trakt.tv/movies/black-hawk-down-2001,2001-12-28,145,"action,history,war"
2023-05-10T19:51:51Z,movie,Black Mass,2015,6.88064,160067,tt1355683,261023,https://trakt.tv/movies/black-mass-2015,2015-09-18,123,"drama,crime,history"
2020-06-15T22:24:03Z,movie,Black Panther,2018,7.5911,181313,tt1825683,284054,https://trakt.tv/movies/black-panther-2018,2018-02-16,135,"action,adventure,science-fiction,superhero"
2023-01-16T17:16:55Z,movie,Black Panther: Wakanda Forever,2022,6.86512,352796,tt9114286,505642,https://trakt.tv/movies/black-panther-wakanda-forever-2022,2022-11-11,162,"superhero,action,adventure,science-fiction"
2023-05-08T03:24:47Z,movie,Black Site,2022,5.78382,677478,tt13918550,848123,https://trakt.tv/movies/black-site-2022,2022-11-23,99,"action,thriller,crime,drama"
2023-05-05T22:09:23Z,movie,Black Warrant,2022,6.01775,790694,tt11696342,983768,https://trakt.tv/movies/black-warrant-2022,2022-12-09,94,"action,thriller,mystery"
2022-07-01T01:58:31Z,movie,Black Widow,2021,6.9128,344686,tt3480822,497698,https://trakt.tv/movies/black-widow-2021,2021-07-09,134,"action,adventure,science-fiction"
2023-06-30T20:07:01Z,movie,BlackBerry,2023,7.36454,816763,tt21867434,1016084,https://trakt.tv/movies/blackberry-2023,2023-05-12,120,"comedy,drama,history"
2022-07-02T07:20:23Z,movie,Blackhat,2015,5.93777,125408,tt2717822,201088,https://trakt.tv/movies/blackhat-2015,2015-01-16,133,"crime,thriller,action"
2022-07-02T00:40:58Z,movie,Blacklight,2022,6.05584,656669,tt14060094,823625,https://trakt.tv/movies/blacklight-2022,2022-02-10,104,"action,thriller,adventure"
2023-07-07T23:14:37Z,movie,Blackout,2022,5.32817,598357,tt8363392,759507,https://trakt.tv/movies/blackout-2022-10-12,2022-10-12,81,"action,adventure,thriller"
2023-03-22T01:34:58Z,movie,Blade,1998,7.31005,23293,tt0120611,36647,https://trakt.tv/movies/blade-1998,1998-08-21,121,"action,horror,superhero"
2023-05-08T03:09:36Z,movie,Blade II,2002,6.92205,23244,tt0187738,36586,https://trakt.tv/movies/blade-ii-2002,2002-03-22,117,"action,horror,thriller,fantasy,superhero"
2023-06-29T12:03:30Z,movie,Blade of the 47 Ronin,2022,5.78957,574169,tt12610794,732459,https://trakt.tv/movies/blade-of-the-47-ronin-2022,2022-10-25,106,fantasy
2023-05-10T01:16:56Z,movie,Blade Runner,1982,8.02529,48,tt0083658,78,https://trakt.tv/movies/blade-runner-1982,1982-06-25,118,"drama,science-fiction,thriller"
2023-05-10T01:16:55Z,movie,Blade Runner 2049,2017,7.79896,216716,tt1856101,335984,https://trakt.tv/movies/blade-runner-2049-2017,2017-10-06,164,"science-fiction,drama"
2023-05-08T03:09:34Z,movie,Blade: Trinity,2004,6.31879,23294,tt0359013,36648,https://trakt.tv/movies/blade-trinity-2004,2004-12-08,123,"action,horror,superhero,science-fiction"
2023-06-18T02:45:14Z,movie,Blazing Saddles,1974,7.76351,6209,tt0071230,11072,https://trakt.tv/movies/blazing-saddles-1974,1974-02-07,93,"comedy,western"
2023-05-10T18:47:34Z,movie,Blended,2014,7.06357,141790,tt1086772,232672,https://trakt.tv/movies/blended-2014,2014-05-23,117,"comedy,romance"
2023-05-25T11:36:15Z,movie,Blitz,2011,6.49629,39764,tt1297919,55846,https://trakt.tv/movies/blitz-2011,2011-05-20,97,"action,crime,thriller"
2023-06-04T03:33:24Z,movie,Blonde,2022,5.47756,217958,tt1655389,301502,https://trakt.tv/movies/blonde-2022,2022-09-16,167,drama
2023-05-10T17:58:14Z,movie,Blood Diamond,2006,7.83863,911,tt0450259,1372,https://trakt.tv/movies/blood-diamond-2006,2006-12-08,143,"action,drama,thriller"
2023-08-15T21:03:55Z,movie,Blood Father,2016,7.05552,197630,tt3647498,309886,https://trakt.tv/movies/blood-father-2016,2016-08-31,88,"action,thriller,drama"
2023-05-10T21:02:14Z,movie,Blood Money,2017,6,293536,tt3758852,422821,https://trakt.tv/movies/blood-money-2017-10-14,2017-10-14,100,"thriller,drama"
2022-07-02T00:41:46Z,movie,Blow,2001,7.63917,2434,tt0221027,4133,https://trakt.tv/movies/blow-2001,2001-04-05,124,"drama,crime"
2023-08-07T20:54:05Z,movie,Blowback,2022,5.84138,781255,tt1551614,972313,https://trakt.tv/movies/blowback-2022,2022-06-17,93,"action,thriller,mystery,crime"
2023-09-19T18:51:31Z,movie,Blue Beetle,2023,6.34052,415437,tt9362930,565770,https://trakt.tv/movies/blue-beetle-2023,2023-08-18,128,"action,science-fiction,superhero,adventure"
2023-06-30T20:08:39Z,movie,Blue Ruin,2014,7.04731,117788,tt2359024,188166,https://trakt.tv/movies/blue-ruin-2014,2014-07-09,91,"thriller,crime"
2023-05-21T03:40:28Z,movie,Blues Brothers 2000,1998,6.16147,6648,tt0118747,11568,https://trakt.tv/movies/blues-brothers-2000-1998,1998-02-05,123,"action,comedy,crime,music"
2023-08-09T23:45:42Z,movie,Bobby,2006,6.71642,5905,tt0308055,10741,https://trakt.tv/movies/bobby-2006,2006-09-05,120,drama
2022-07-02T05:59:32Z,movie,Body of Lies,2008,7.05027,7031,tt0758774,12113,https://trakt.tv/movies/body-of-lies-2008,2008-11-21,128,"action,drama,thriller"
2023-05-25T11:17:42Z,movie,Bohemian Rhapsody,2018,8.05412,300068,tt1727824,424694,https://trakt.tv/movies/bohemian-rhapsody-2018,2018-11-02,135,"drama,music"
2023-08-08T23:58:12Z,movie,Bone Tomahawk,2015,7.06826,195457,tt2494362,294963,https://trakt.tv/movies/bone-tomahawk-2015,2016-02-19,133,"western,horror,drama"
2025-06-30T18:56:32Z,movie,Bonnie and Clyde,1967,7.47109,375,tt0061418,475,https://trakt.tv/movies/bonnie-and-clyde-1967,1967-08-14,111,"crime,drama"
2023-07-18T05:15:31Z,movie,Boogie Nights,1997,7.71736,2925,tt0118749,4995,https://trakt.tv/movies/boogie-nights-1997,1997-10-10,156,drama
2023-05-21T02:48:58Z,movie,Book of Dragons,2011,6.96375,58970,tt2113625,79379,https://trakt.tv/movies/book-of-dragons-2011,2011-11-15,18,"action,animation,comedy,fantasy,family"
2023-05-21T02:11:17Z,movie,Boomerang,1992,6.60465,6203,tt0103859,11066,https://trakt.tv/movies/boomerang-1992,1992-06-30,117,"comedy,romance"
2025-03-17T12:39:59Z,movie,Borderlands,2024,5.60664,223432,tt4978420,365177,https://trakt.tv/movies/borderlands-2024,2024-08-09,101,"action,science-fiction,comedy"
2023-08-10T18:28:05Z,movie,Born on the Fourth of July,1989,7.09862,1762,tt0096969,2604,https://trakt.tv/movies/born-on-the-fourth-of-july-1989,1989-12-20,145,"drama,war"
2023-06-08T22:06:56Z,movie,Boss Level,2021,6.9714,360807,tt7638348,513310,https://trakt.tv/movies/boss-level-2021,2021-03-05,101,"action,science-fiction,thriller"
2023-10-29T07:08:35Z,movie,Boudica,2023,5.81716,784186,tt22688572,975902,https://trakt.tv/movies/boudica-2023,2023-10-30,101,"action,war"
2023-11-04T03:38:48Z,movie,Boudica: Rise of the Warrior Queen,2019,4.61765,460834,tt7916276,617921,https://trakt.tv/movies/boudica-rise-of-the-warrior-queen-2019,2019-09-16,82,history
2024-06-03T16:21:32Z,movie,Boy Kills World,2024,6.71362,706574,tt13923084,882059,https://trakt.tv/movies/boy-kills-world-2024,2024-04-26,110,"action,thriller,crime"
2023-08-09T00:28:52Z,movie,Brake,2012,6.17857,64142,tt1990181,85414,https://trakt.tv/movies/brake-2012,2012-03-23,92,"action,thriller,crime,mystery"
2023-09-25T15:52:01Z,movie,Bram Stoker's Van Helsing,2021,5.11628,625867,tt13304948,789413,https://trakt.tv/movies/bram-stoker-s-van-helsing-2021,2021-03-29,86,horror
2023-05-10T01:19:48Z,movie,Braveheart,1995,8.20952,160,tt0112573,197,https://trakt.tv/movies/braveheart-1995,1995-05-24,177,"action,drama,history,war"
2023-06-25T08:54:07Z,movie,Braven,2018,6.65202,306968,tt5001754,459910,https://trakt.tv/movies/braven-2018,2018-02-02,94,"action,drama,thriller"
2023-05-25T11:37:47Z,movie,Breach,2007,6.98836,2448,tt0401997,4169,https://trakt.tv/movies/breach-2007,2007-02-12,110,"crime,drama,history,thriller"
2023-05-11T00:53:56Z,movie,Brewster's Millions,1985,7.14851,6201,tt0088850,11064,https://trakt.tv/movies/brewster-s-millions-1985,1985-05-22,97,comedy
2023-09-07T05:02:56Z,movie,Bridesmaids,2011,7.01512,39659,tt1478338,55721,https://trakt.tv/movies/bridesmaids-2011,2011-05-13,125,"comedy,romance"
2022-07-02T06:03:41Z,movie,Bridge of Spies,2015,7.5798,193081,tt3682448,296098,https://trakt.tv/movies/bridge-of-spies-2015,2015-10-16,141,"drama,thriller"
2023-05-25T11:41:56Z,movie,Bright,2017,6.67535,264716,tt5519340,400106,https://trakt.tv/movies/bright-2017,2017-12-22,117,"action,thriller,fantasy"
2023-05-10T01:17:43Z,movie,Broken Arrow,1996,6.4793,4552,tt0115759,9208,https://trakt.tv/movies/broken-arrow-1996,1996-02-09,108,"action,thriller"
2023-08-15T21:49:58Z,movie,Broken City,2013,6.46959,71277,tt1235522,98357,https://trakt.tv/movies/broken-city-2013,2013-01-18,109,"crime,drama,thriller"
2023-05-09T01:47:29Z,movie,Bruce Almighty,2003,7.06048,261,tt0315327,310,https://trakt.tv/movies/bruce-almighty-2003,2003-05-23,101,"comedy,fantasy"
2023-05-25T11:43:17Z,movie,Bullet Head,2017,6.17854,327675,tt6204340,480572,https://trakt.tv/movies/bullet-head-2017,2017-12-08,93,"crime,drama,thriller"
2023-08-18T15:23:35Z,movie,Bullet to Beijing,1995,5.24138,23798,tt0113633,37237,https://trakt.tv/movies/bullet-to-beijing-1995,1995-12-20,101,"action,drama,thriller"
2023-02-01T15:34:28Z,movie,Bullet Train,2022,7.47663,561702,tt12593682,718930,https://trakt.tv/movies/bullet-train-2022,2022-08-05,126,"action,comedy,thriller"
2023-07-30T00:15:05Z,movie,Bulletproof,1996,6.2006,5890,tt0115783,10723,https://trakt.tv/movies/bulletproof-1996,1996-09-06,84,"comedy,crime,action"
2025-03-16T17:05:48Z,movie,Bulletproof 2,2020,5.43038,437893,tt9887580,591237,https://trakt.tv/movies/bulletproof-2-2020,2020-01-07,97,"action,comedy,crime"
2023-05-12T16:58:57Z,movie,Bulletproof Monk,2003,6.15076,6841,tt0245803,11817,https://trakt.tv/movies/bulletproof-monk-2003,2003-03-28,104,"action,comedy,fantasy,superhero"
2024-04-14T07:08:11Z,movie,Burlesque,2010,7.20115,28198,tt1126591,42297,https://trakt.tv/movies/burlesque-2010,2010-11-23,119,"drama,romance,musical"
2022-07-02T01:32:54Z,movie,Burn After Reading,2008,6.93369,2878,tt0887883,4944,https://trakt.tv/movies/burn-after-reading-2008,2008-09-12,96,"comedy,drama"
2024-03-13T04:00:16Z,movie,Burn Notice: The Fall of Sam Axe,2011,7.39563,44139,tt1697851,61537,https://trakt.tv/movies/burn-notice-the-fall-of-sam-axe-2011,2011-04-17,90,"comedy,crime,mystery,action,drama,thriller"
2023-07-30T07:18:06Z,movie,Burnt,2015,6.92062,196651,tt2503944,295964,https://trakt.tv/movies/burnt-2015,2015-10-30,100,drama
2023-06-30T19:10:34Z,movie,Caddyshack,1980,7.32152,6990,tt0080487,11977,https://trakt.tv/movies/caddyshack-1980,1980-07-25,98,comedy
2023-06-30T15:32:17Z,movie,Caddyshack II,1988,5.02407,11342,tt0094824,18509,https://trakt.tv/movies/caddyshack-ii-1988,1988-07-22,98,comedy
2023-10-07T19:29:35Z,movie,Camp X-Ray,2014,6.76448,148882,tt2994190,244506,https://trakt.tv/movies/camp-x-ray-2014,2014-10-17,117,drama
2023-06-22T22:21:18Z,movie,Cannonball Run II,1984,6.39046,6964,tt0087032,11950,https://trakt.tv/movies/cannonball-run-ii-1984,1984-06-29,108,"action,comedy"
2023-05-08T03:27:39Z,movie,Capone,2020,5.33999,277429,tt6199572,429422,https://trakt.tv/movies/capone-2020,2020-05-12,103,"crime,drama"
2023-08-15T22:08:35Z,movie,Capote,2005,7.16218,317,tt0379725,398,https://trakt.tv/movies/capote-2005,2005-09-30,114,"drama,crime"
2025-03-16T17:05:48Z,movie,Captain America: Brave New World,2025,6.05195,655031,tt14513804,822119,https://trakt.tv/movies/captain-america-brave-new-world-2025,2025-02-14,119,"superhero,action,science-fiction,thriller"
2023-05-10T23:03:08Z,movie,Captain America: Civil War,2016,7.86679,169105,tt3498820,271110,https://trakt.tv/movies/captain-america-civil-war-2016,2016-05-06,147,"action,science-fiction,adventure,superhero"
2020-06-15T22:24:37Z,movie,Captain America: The First Avenger,2011,7.40392,1170,tt0458339,1771,https://trakt.tv/movies/captain-america-the-first-avenger-2011,2011-07-22,124,"action,adventure,science-fiction,superhero"
2023-05-10T23:01:47Z,movie,Captain America: The Winter Soldier,2014,7.86485,72297,tt1843866,100402,https://trakt.tv/movies/captain-america-the-winter-soldier-2014,2014-04-04,136,"action,adventure,science-fiction,superhero"
2023-05-08T01:38:23Z,movie,Captain Marvel,2019,7.07162,193963,tt4154664,299537,https://trakt.tv/movies/captain-marvel-2019,2019-03-08,124,"science-fiction,action,adventure,superhero"
2023-05-11T01:04:00Z,movie,Captain Phillips,2013,7.80552,77333,tt1535109,109424,https://trakt.tv/movies/captain-phillips-2013,2013-10-10,134,"action,drama,thriller"
2023-06-24T01:01:56Z,movie,Car Wash,1976,7.1118,9391,tt0074281,15462,https://trakt.tv/movies/car-wash-1976,1976-10-22,97,"comedy,musical,drama,romance"
2022-07-03T09:30:39Z,movie,Carlito's Way,1993,7.80802,3470,tt0106519,6075,https://trakt.tv/movies/carlito-s-way-1993,1993-11-10,144,"crime,thriller,drama"
2022-07-03T09:30:35Z,movie,Carlito's Way: Rise to Power,2005,5.89372,7159,tt0427038,12261,https://trakt.tv/movies/carlito-s-way-rise-to-power-2005,2005-09-27,100,"action,adventure,drama,thriller"
2022-06-01T13:52:33Z,movie,Casablanca,1943,8.2255,243,tt0034583,289,https://trakt.tv/movies/casablanca-1943,1943-01-23,103,"drama,romance"
2024-05-02T19:11:10Z,movie,Cash Out,2024,6.4845,898359,tt24131288,1116490,https://trakt.tv/movies/cash-out-2024,2024-04-26,90,"action,thriller"
2022-07-03T09:34:57Z,movie,Casino,1995,8.15374,409,tt0112641,524,https://trakt.tv/movies/casino-1995,1995-11-22,179,"crime,drama"
2023-08-10T18:31:09Z,movie,Casino Royale,1967,5.46028,7113,tt0061452,12208,https://trakt.tv/movies/casino-royale-1967,1967-04-28,131,"action,adventure,comedy"
2018-06-14T06:47:08Z,movie,Casino Royale,2006,7.91553,23217,tt0381061,36557,https://trakt.tv/movies/casino-royale-2006,2006-11-15,144,"action,adventure,thriller"
2023-05-08T21:17:12Z,movie,Cast Away,2000,7.87227,4149,tt0162222,8358,https://trakt.tv/movies/cast-away-2000,2000-12-22,143,"adventure,drama"
2023-05-25T11:44:55Z,movie,Cat Run,2011,6.19649,40954,tt1446147,57353,https://trakt.tv/movies/cat-run-2011,2011-04-01,106,"action,comedy,thriller"
2023-05-25T11:47:23Z,movie,Cat Run 2,2014,5.01515,171498,tt3461828,273621,https://trakt.tv/movies/cat-run-2-2014,2014-08-19,97,"action,comedy"
2023-05-09T00:06:27Z,movie,Catch Me If You Can,2002,8.14262,516,tt0264464,640,https://trakt.tv/movies/catch-me-if-you-can-2002,2003-01-02,141,"crime,drama"
2023-05-25T11:48:57Z,movie,Catwoman,2004,4.53646,265,tt0327554,314,https://trakt.tv/movies/catwoman-2004,2004-07-23,104,"action,fantasy,superhero,crime"
2025-10-02T22:58:42Z,movie,Caught Stealing,2025,7.05966,1009138,tt1493274,1245993,https://trakt.tv/movies/caught-stealing-2025,2025-08-29,107,"thriller,crime,comedy"
2023-07-30T07:09:02Z,movie,Causeway,2022,6.69389,441649,tt10192406,595586,https://trakt.tv/movies/causeway-2022,2022-10-28,96,drama
2023-05-10T21:09:49Z,movie,Cell,2016,5.68252,107472,tt0775440,168098,https://trakt.tv/movies/cell-2016,2016-06-10,98,"horror,science-fiction,thriller"
2023-08-10T01:22:50Z,movie,Cellular,2004,6.62706,5020,tt0337921,9759,https://trakt.tv/movies/cellular-2004,2004-09-10,94,"thriller,action,drama,crime"
2022-07-02T01:45:39Z,movie,Central Intelligence,2016,7.1463,222153,tt1489889,302699,https://trakt.tv/movies/central-intelligence-2016,2016-06-17,107,"action,comedy"
2023-10-07T19:29:33Z,movie,Chain Reaction,1996,6.31275,7041,tt0115857,12123,https://trakt.tv/movies/chain-reaction-1996,1996-08-02,107,"action,science-fiction,thriller"
2023-08-01T19:24:31Z,movie,Changing Lanes,2002,6.59694,997,tt0264472,1537,https://trakt.tv/movies/changing-lanes-2002,2002-04-07,98,"thriller,drama"
2023-08-10T01:21:27Z,movie,Chaos,2005,6.68874,3062,tt0402910,5289,https://trakt.tv/movies/chaos-2005,2005-01-17,106,"action,crime,drama"
2023-10-07T19:03:32Z,movie,Chaos Theory,2008,6.57703,7564,tt0460745,12912,https://trakt.tv/movies/chaos-theory-2008,2008-04-11,87,"comedy,romance,drama"
2024-01-14T21:21:32Z,movie,Chaplin,1992,7.55069,5627,tt0103939,10435,https://trakt.tv/movies/chaplin-1992,1992-12-25,143,drama
2023-05-10T19:41:10Z,movie,Charlie and the Chocolate Factory,2005,6.94357,87,tt0367594,118,https://trakt.tv/movies/charlie-and-the-chocolate-factory-2005,2005-07-15,115,"adventure,comedy,fantasy,family"
2023-05-11T00:47:34Z,movie,Charlie Bartlett,2008,7.03459,4262,tt0423977,8669,https://trakt.tv/movies/charlie-bartlett-2008,2008-02-22,97,"comedy,drama,romance"
2023-05-25T11:55:02Z,movie,Charlie Wilson's War,2007,7.09847,3675,tt0472062,6538,https://trakt.tv/movies/charlie-wilson-s-war-2007,2007-12-21,102,"comedy,drama,history"
2023-05-08T01:39:34Z,movie,Charlie's Angels,2000,6.18709,2541,tt0160127,4327,https://trakt.tv/movies/charlie-s-angels-2000,2000-11-02,98,"action,adventure,comedy,crime,thriller"
2023-05-08T01:41:26Z,movie,Charlie's Angels,2019,6.21414,306046,tt5033998,458897,https://trakt.tv/movies/charlie-s-angels-2019,2019-11-15,118,"action,adventure,comedy"
2023-05-08T01:39:28Z,movie,Charlie's Angels: Full Throttle,2003,5.84494,4757,tt0305357,9471,https://trakt.tv/movies/charlie-s-angels-full-throttle-2003,2003-06-27,106,"action,adventure,comedy"
2024-06-03T16:21:32Z,movie,Chasing Raine,2024,5,1048893,tt23017354,1289205,https://trakt.tv/movies/chasing-raine-2024,2024-05-14,101,"thriller,action"
2023-08-10T01:52:04Z,movie,Che: Part One,2008,7.05364,4365,tt0892255,8881,https://trakt.tv/movies/che-part-one-2008,2008-12-12,134,"drama,history,war"
2023-08-10T01:52:29Z,movie,Che: Part Two,2008,6.72158,4364,tt0374569,8880,https://trakt.tv/movies/che-part-two-2008,2008-12-12,135,"drama,history,war"
2024-02-12T20:07:07Z,movie,Cherry,2021,6.7807,395091,tt9130508,544401,https://trakt.tv/movies/cherry-2021,2021-02-26,142,"crime,drama"
2024-05-05T02:50:50Z,movie,Chief of Station,2024,6.14346,879578,tt21301418,1093995,https://trakt.tv/movies/chief-of-station-2024,2024-05-03,93,"action,thriller"
2023-06-06T02:30:21Z,movie,Child 44,2015,6.70206,114124,tt1014763,181283,https://trakt.tv/movies/child-44-2015,2015-04-17,137,"thriller,crime"
2023-08-22T19:49:40Z,movie,Children of Men,2006,7.86882,4965,tt0206634,9693,https://trakt.tv/movies/children-of-men-2006,2006-09-22,109,"action,drama,science-fiction,thriller"
2023-08-01T19:24:28Z,movie,Chi-Raq,2015,6.52048,220732,tt4594834,340275,https://trakt.tv/movies/chi-raq-2015,2015-12-04,127,"drama,crime,comedy"
2025-10-05T06:01:26Z,movie,Chronicle,2012,7.16735,56686,tt1706593,76726,https://trakt.tv/movies/chronicle-2012,2012-02-02,84,"drama,science-fiction,thriller"
2024-04-14T07:08:18Z,movie,Citizen Kane,1941,7.91032,11,tt0033467,15,https://trakt.tv/movies/citizen-kane-1941,1941-05-06,119,"drama,mystery"
2025-03-18T17:05:18Z,movie,Citizenfour,2014,7.99975,190089,tt4044364,293310,https://trakt.tv/movies/citizenfour-2014,2014-10-31,114,documentary
2023-06-08T22:07:02Z,movie,City of Angels,1998,6.98935,638,tt0120632,795,https://trakt.tv/movies/city-of-angels-1998,1998-04-10,114,"drama,fantasy,romance"
2023-05-10T19:31:47Z,movie,City of Lies,2018,6.66449,304091,tt2677722,433501,https://trakt.tv/movies/city-of-lies-2018,2021-03-19,112,"crime,thriller,drama"
2024-07-25T19:14:04Z,movie,Civil War,2024,6.83619,745438,tt17279496,929590,https://trakt.tv/movies/civil-war-2024,2024-04-11,109,"action,war,drama"
2023-05-10T01:20:39Z,movie,Clash of the Titans,2010,6.2304,11558,tt0800320,18823,https://trakt.tv/movies/clash-of-the-titans-2010,2010-04-02,106,"action,adventure,fantasy"
2024-11-20T20:08:47Z,movie,Classified,2024,5.90079,904994,tt27714840,1124641,https://trakt.tv/movies/classified-2024,2024-10-22,105,"action,thriller"
2022-07-04T00:08:19Z,movie,Cleaner,2007,6.40233,7773,tt0896798,13252,https://trakt.tv/movies/cleaner-2007,2007-09-11,88,"crime,mystery,thriller"
2023-05-25T11:57:19Z,movie,Cleanskin,2012,6.39748,69798,tt1598873,95516,https://trakt.tv/movies/cleanskin-2012,2012-03-09,108,"crime,drama,thriller"
2023-05-08T20:31:12Z,movie,Clear and Present Danger,1994,7.27999,4626,tt0109444,9331,https://trakt.tv/movies/clear-and-present-danger-1994,1994-08-03,141,"action,drama,thriller"
2023-05-11T01:06:57Z,movie,Cloud Atlas,2012,7.23011,62551,tt1371111,83542,https://trakt.tv/movies/cloud-atlas-2012,2012-10-26,172,"drama,science-fiction"
2023-06-08T22:07:02Z,movie,Cloverfield,2008,6.93497,3832,tt1060277,7191,https://trakt.tv/movies/cloverfield-2008,2008-01-18,84,"action,science-fiction,thriller"
2024-04-14T07:08:17Z,movie,Clue,1985,7.57002,9225,tt0088930,15196,https://trakt.tv/movies/clue-1985,1985-12-13,94,"comedy,crime,mystery,thriller"
2023-06-30T14:58:43Z,movie,Cocktail,1988,6.4473,3943,tt0094889,7520,https://trakt.tv/movies/cocktail-1988,1988-07-29,104,"drama,romance,comedy"
2024-04-14T07:08:17Z,movie,Cocoon,1985,7.06807,5528,tt0088933,10328,https://trakt.tv/movies/cocoon-1985,1985-06-21,117,"science-fiction,comedy,mystery,drama"
2024-04-14T07:08:16Z,movie,Cocoon: The Return,1988,6.33733,6388,tt0094890,11285,https://trakt.tv/movies/cocoon-the-return-1988,1988-11-23,116,"comedy,science-fiction"
2023-05-09T23:47:45Z,movie,Code Name Banshee,2022,5.67967,734212,tt15438542,916719,https://trakt.tv/movies/code-name-banshee-2022,2022-07-01,93,"thriller,action"
2025-07-19T23:25:27Z,movie,Cold Mountain,2003,7.07227,1610,tt0159365,2289,https://trakt.tv/movies/cold-mountain-2003,2003-12-24,154,"history,adventure,romance,war"
2022-07-02T01:21:33Z,movie,Collateral,2004,7.4793,998,tt0369339,1538,https://trakt.tv/movies/collateral-2004,2004-08-04,120,"crime,thriller,drama"
2023-08-07T10:15:10Z,movie,Collateral Damage,2002,6.04503,5121,tt0233469,9884,https://trakt.tv/movies/collateral-damage-2002,2002-02-08,108,"action,drama,thriller"
2022-07-02T01:37:45Z,movie,Colombiana,2011,6.99234,45166,tt1657507,62835,https://trakt.tv/movies/colombiana-2011,2011-08-26,108,"action,crime,drama,thriller"
2023-05-10T20:31:15Z,movie,Colors,1988,7.16357,5343,tt0094894,10126,https://trakt.tv/movies/colors-1988,1988-04-15,120,"action,crime,drama,romance,thriller"
2023-05-21T03:27:40Z,movie,Coming 2 America,2021,6.06511,331914,tt6802400,484718,https://trakt.tv/movies/coming-2-america-2021,2021-03-04,110,comedy
2023-05-21T02:09:56Z,movie,Coming to America,1988,7.35284,4878,tt0094898,9602,https://trakt.tv/movies/coming-to-america-1988,1988-06-29,117,"comedy,romance"
2023-08-07T09:58:49Z,movie,Commando,1985,7.05817,6137,tt0088944,10999,https://trakt.tv/movies/commando-1985,1985-10-03,90,"action,adventure,thriller"
2023-05-08T03:24:30Z,movie,Con Air,1997,7.16286,1138,tt0118880,1701,https://trakt.tv/movies/con-air-1997,1997-06-06,116,"action,crime,thriller"
2023-07-29T23:36:02Z,movie,Con Man,2018,6.20339,301039,tt6675400,454648,https://trakt.tv/movies/con-man-2018,2018-03-02,100,"drama,crime"
2024-01-28T20:09:25Z,movie,"Confess, Fletch",2022,6.67855,567275,tt12718300,724665,https://trakt.tv/movies/confess-fletch-2022,2022-09-16,99,"crime,comedy,mystery"
2022-07-03T09:35:26Z,movie,Confessions of a Dangerous Mind,2002,6.92774,2851,tt0270288,4912,https://trakt.tv/movies/confessions-of-a-dangerous-mind-2002,2002-12-31,113,"comedy,drama,crime,romance,thriller,history"
2025-01-12T18:08:32Z,movie,Confessions of a Nazi Spy,1939,6.15385,71985,tt0031173,99920,https://trakt.tv/movies/confessions-of-a-nazi-spy-1939,1939-05-06,104,"drama,war"
2023-05-08T01:35:36Z,movie,Confidence,2003,6.7457,5907,tt0310910,10743,https://trakt.tv/movies/confidence-2003,2003-04-25,97,"action,comedy,crime,thriller,mystery"
2023-07-03T18:17:39Z,movie,Confidential Informant,2023,5.58187,860920,tt21391242,1070802,https://trakt.tv/movies/confidential-informant-2023,2023-06-27,88,"action,thriller,mystery,crime"
2023-08-07T19:56:30Z,movie,Conspiracy,2001,7.36638,7559,tt0266425,12900,https://trakt.tv/movies/conspiracy-2001,2001-05-19,96,"drama,history,war"
2023-08-07T20:08:33Z,movie,Conspiracy,2008,5.68687,7776,tt1043838,13255,https://trakt.tv/movies/conspiracy-2008,2008-02-15,90,"action,drama,mystery,thriller"
2023-05-25T11:59:18Z,movie,Conspiracy Theory,1997,7.05306,4325,tt0118883,8834,https://trakt.tv/movies/conspiracy-theory-1997,1997-08-08,135,"action,drama,mystery,thriller"
2023-06-12T22:19:24Z,movie,Constantine,2005,7.43168,442,tt0360486,561,https://trakt.tv/movies/constantine-2005,2005-02-18,121,"fantasy,horror,superhero,action"
2023-05-11T00:28:17Z,movie,Contact,1997,7.74855,558,tt0118884,686,https://trakt.tv/movies/contact-1997,1997-07-11,150,"drama,mystery,science-fiction"
2023-05-10T23:42:55Z,movie,Contagion,2011,7.05179,25724,tt1598778,39538,https://trakt.tv/movies/contagion-2011,2011-09-08,106,"drama,science-fiction,thriller"
2022-07-03T19:28:17Z,movie,Contraband,2012,6.73719,57594,tt1524137,77866,https://trakt.tv/movies/contraband-2012,2012-01-13,109,"action,crime,drama,thriller"
2023-08-15T23:09:17Z,movie,Cop Land,1997,6.99129,1485,tt0118887,2142,https://trakt.tv/movies/cop-land-1997,1997-08-15,104,"crime,drama,thriller"
2023-05-12T16:51:02Z,movie,Cop Out,2010,5.94249,14280,tt1385867,23742,https://trakt.tv/movies/cop-out-2010,2010-02-26,107,"action,comedy,crime"
2023-08-15T21:28:43Z,movie,Cops and Robbers,2017,6.2,339465,tt4717208,492402,https://trakt.tv/movies/cops-and-robbers-2017,2017-12-12,88,"action,crime"
2023-08-17T14:27:31Z,movie,Copshop,2021,6.58731,580065,tt5748448,738652,https://trakt.tv/movies/copshop-2021,2021-09-17,108,"action,thriller,crime"
2023-08-17T14:36:46Z,movie,Coriolanus,2011,6.02122,72651,tt1372686,101173,https://trakt.tv/movies/coriolanus-2011,2011-02-14,123,"drama,thriller"
2024-04-14T07:08:16Z,movie,Cosmopolis,2012,5.25628,34065,tt1480656,49014,https://trakt.tv/movies/cosmopolis-2012,2012-06-08,109,drama
2022-07-03T07:13:12Z,movie,Courage Under Fire,1996,6.90849,5855,tt0115956,10684,https://trakt.tv/movies/courage-under-fire-1996,1996-07-04,116,"drama,mystery,thriller,war"
2023-08-09T00:46:52Z,movie,Covert One: The Hades Factor,2006,6.0625,14346,tt0493327,23925,https://trakt.tv/movies/covert-one-the-hades-factor-2006,2006-01-01,158,"action,drama,science-fiction,mystery"
2022-07-03T19:28:30Z,movie,Crank,2006,7.03328,1319,tt0479884,1948,https://trakt.tv/movies/crank-2006,2006-08-31,88,"action,crime,thriller"
2022-07-03T22:02:17Z,movie,Crank: High Voltage,2009,6.49031,9155,tt1121931,15092,https://trakt.tv/movies/crank-high-voltage-2009,2009-04-16,96,"action,crime,thriller"
2023-06-18T23:05:45Z,movie,Creed,2015,7.56463,218281,tt3076658,312221,https://trakt.tv/movies/creed-2015,2015-11-25,133,"drama,action"
2023-06-18T23:05:50Z,movie,Creed II,2018,7.3835,331682,tt6343314,480530,https://trakt.tv/movies/creed-ii-2018,2018-11-21,130,"drama,action"
2023-06-18T23:06:58Z,movie,Creed III,2023,7.02834,512258,tt11145118,677179,https://trakt.tv/movies/creed-iii-2023,2023-03-03,116,"drama,action"
2023-10-07T19:03:32Z,movie,Crimes of the Future,2022,5.72384,653224,tt14549466,819876,https://trakt.tv/movies/crimes-of-the-future-2022,2022-06-03,107,"science-fiction,horror,drama"
2022-06-01T13:53:44Z,movie,Criminal,2016,7.12325,204299,tt3014866,302156,https://trakt.tv/movies/criminal-2016,2016-04-15,113,"action,crime,science-fiction"
2023-05-25T12:02:10Z,movie,Criminal Activities,2015,6.47632,215408,tt3687310,334527,https://trakt.tv/movies/criminal-activities-2015,2015-11-20,94,"crime,drama,thriller"
2023-05-09T00:29:27Z,movie,Crimson Tide,1995,7.6398,4430,tt0112740,8963,https://trakt.tv/movies/crimson-tide-1995,1995-05-12,116,"thriller,action,drama,war"
2023-06-23T21:09:04Z,movie,Critical Condition,1987,5.99415,20222,tt0092798,31563,https://trakt.tv/movies/critical-condition-1987,1987-01-16,100,comedy
2023-05-10T02:43:05Z,movie,Crocodile Dundee,1986,6.94207,4943,tt0090555,9671,https://trakt.tv/movies/crocodile-dundee-1986,1986-10-24,104,"adventure,comedy"
2023-05-10T02:43:13Z,movie,Crocodile Dundee II,1988,6.32346,4685,tt0092493,9396,https://trakt.tv/movies/crocodile-dundee-ii-1988,1988-05-19,110,"adventure,comedy"
2023-05-10T02:43:31Z,movie,Crocodile Dundee in Los Angeles,2001,5.79981,4590,tt0231402,9290,https://trakt.tv/movies/crocodile-dundee-in-los-angeles-2001,2001-04-12,95,"adventure,comedy"
2023-05-25T12:00:55Z,movie,"Crouching Tiger, Hidden Dragon",2000,7.70814,112,tt0190332,146,https://trakt.tv/movies/crouching-tiger-hidden-dragon-2000,2000-07-13,120,"action,adventure,drama,romance"
2023-06-29T11:50:13Z,movie,"Crouching Tiger, Hidden Dragon: Sword of Destiny",2016,6.71804,162173,tt2652118,263341,https://trakt.tv/movies/crouching-tiger-hidden-dragon-sword-of-destiny-2016,2016-02-26,103,"action,adventure,drama"
2023-06-28T05:50:09Z,movie,Cruella,2021,7.59934,218008,tt3228774,337404,https://trakt.tv/movies/cruella-2021,2021-05-28,134,"comedy,crime,adventure"
2023-03-09T21:25:39Z,movie,Crypto,2019,6.4841,417307,tt8563452,567733,https://trakt.tv/movies/crypto-2019,2019-04-12,105,"thriller,crime,drama"
2024-02-08T20:06:36Z,movie,Cult Killer,2024,6.23608,852471,tt21151212,1059345,https://trakt.tv/movies/cult-killer-2024,2024-01-19,105,"crime,thriller,mystery,horror"
2022-07-03T09:35:50Z,movie,Déjà Vu,2006,7.29325,3948,tt0453467,7551,https://trakt.tv/movies/deja-vu-2006,2006-12-15,126,"action,science-fiction,thriller"
2023-09-24T19:07:08Z,movie,Dallas Buyers Club,2013,7.99244,99886,tt0790636,152532,https://trakt.tv/movies/dallas-buyers-club-2013,2013-11-22,117,"drama,history"
2024-03-10T20:06:38Z,movie,Damsel,2024,6.81312,601689,tt13452446,763215,https://trakt.tv/movies/damsel-2024,2024-03-08,107,"fantasy,adventure,action"
2023-08-15T20:39:56Z,movie,Dangerous,2021,6.21316,602383,tt3876910,763788,https://trakt.tv/movies/dangerous-2021-11-05,2021-11-05,99,"action,thriller"
2023-08-15T20:09:10Z,movie,Dangerous Minds,1995,7.11082,5143,tt0112792,9909,https://trakt.tv/movies/dangerous-minds-1995,1995-08-11,99,drama
2023-05-10T01:18:57Z,movie,Daredevil,2003,5.52188,4766,tt0287978,9480,https://trakt.tv/movies/daredevil-2003,2003-02-14,103,"action,fantasy,superhero"
2022-05-31T11:48:11Z,movie,Dark Phoenix,2019,6.25085,200946,tt6565702,320288,https://trakt.tv/movies/dark-phoenix-2019,2019-06-07,114,"science-fiction,action,superhero,adventure"
2023-05-10T19:55:18Z,movie,Dark Shadows,2012,6.36094,44680,tt1077368,62213,https://trakt.tv/movies/dark-shadows-2012,2012-05-11,113,"comedy,fantasy"
2023-06-04T20:38:56Z,movie,Darkest Hour,2017,7.6192,242684,tt4555426,399404,https://trakt.tv/movies/darkest-hour-2017,2018-01-12,125,"drama,history"
2023-08-07T10:48:46Z,movie,Dave,1993,7.11714,6646,tt0106673,11566,https://trakt.tv/movies/dave-1993,1993-05-07,110,comedy
2022-06-01T14:46:43Z,movie,Dawn of Justice: Uniting the World's Finest,2016,7.44444,547412,tt5916750,704243,https://trakt.tv/movies/dawn-of-justice-uniting-the-world-s-finest-2016,2016-07-19,15,
2023-05-10T01:19:35Z,movie,Dawn of the Planet of the Apes,2014,7.63945,83040,tt2103281,119450,https://trakt.tv/movies/dawn-of-the-planet-of-the-apes-2014,2014-07-11,130,"action,drama,science-fiction,thriller"
2023-05-10T20:29:38Z,movie,Days of Thunder,1990,6.79427,1467,tt0099371,2119,https://trakt.tv/movies/days-of-thunder-1990,1990-06-27,107,"adventure,action,drama"
2023-10-29T07:08:35Z,movie,Dead Man's Folly,1986,6.45545,3481,tt0090914,6105,https://trakt.tv/movies/dead-man-s-folly-1986,1986-01-08,90,"crime,mystery,thriller"
2025-06-24T05:03:31Z,movie,Dead Man's Hand,2023,5.63636,922517,tt23469212,1145358,https://trakt.tv/movies/dead-man-s-hand-2023,2023-07-07,96,western
2023-05-25T12:07:07Z,movie,Dead Presidents,1995,7.13874,6531,tt0112819,11443,https://trakt.tv/movies/dead-presidents-1995,1995-09-29,119,"action,crime,drama,thriller,war"
2023-08-07T21:48:23Z,movie,Deadfall,1993,4.55914,21719,tt0106684,33927,https://trakt.tv/movies/deadfall-1993,1993-10-08,98,crime
2023-08-08T22:04:54Z,movie,Deadfall,2012,6.25476,70880,tt1667310,97614,https://trakt.tv/movies/deadfall-2012,2012-12-07,95,"crime,drama,thriller"
2018-02-05T16:10:48Z,movie,Deadpool,2016,8.25707,190430,tt1431045,293660,https://trakt.tv/movies/deadpool-2016,2016-02-12,108,"action,adventure,comedy,superhero"
2024-09-18T23:43:39Z,movie,Deadpool & Wolverine,2024,7.71462,395672,tt6263850,533535,https://trakt.tv/movies/deadpool-wolverine-2024,2024-07-26,128,"comedy,superhero,science-fiction,action"
2020-06-15T22:25:25Z,movie,Deadpool 2,2018,7.85414,226108,tt5463162,383498,https://trakt.tv/movies/deadpool-2-2018,2018-05-18,120,"comedy,action,superhero,adventure"
2023-08-29T10:37:37Z,movie,Deadwood: The Movie,2019,7.40286,389509,tt4943998,538225,https://trakt.tv/movies/deadwood-the-movie-2019,2019-05-31,110,"western,drama"
2024-12-01T00:19:52Z,movie,Dear Santa,2024,6.41422,882998,tt2396431,1097870,https://trakt.tv/movies/dear-santa-2024,2024-11-25,108,"comedy,fantasy,holiday"
2023-05-25T12:08:47Z,movie,Death at a Funeral,2010,6.234,22223,tt1321509,34803,https://trakt.tv/movies/death-at-a-funeral-2010,2010-04-15,92,comedy
2024-04-14T07:08:09Z,movie,Death of a Salesman,1985,7.15714,7381,tt0089006,12615,https://trakt.tv/movies/death-of-a-salesman-1985,1985-08-16,130,drama
2023-10-29T07:08:35Z,movie,Death on the Nile,1978,7.40347,2460,tt0077413,4192,https://trakt.tv/movies/death-on-the-nile-1978,1978-10-24,140,mystery
2023-06-29T11:52:23Z,movie,Death on the Nile,2022,6.54371,352249,tt7657566,505026,https://trakt.tv/movies/death-on-the-nile-2022,2022-02-11,127,"crime,mystery,thriller"
2023-08-10T02:21:16Z,movie,Death Proof,2007,7.04854,1352,tt1028528,1991,https://trakt.tv/movies/death-proof-2007,2007-07-21,113,"action,thriller"
2023-08-17T15:31:49Z,movie,Death Train,1993,5.6831,12548,tt0106689,20435,https://trakt.tv/movies/death-train-1993,1993-04-14,100,"action,thriller"
2023-08-10T18:43:51Z,movie,Death Wish,2018,7.01385,238823,tt1137450,395990,https://trakt.tv/movies/death-wish-2018,2018-03-02,107,"action,crime,thriller,drama"
2023-06-29T11:50:48Z,movie,Debt Collectors,2020,6.32182,484545,tt10933680,647785,https://trakt.tv/movies/debt-collectors-2020,2020-05-29,97,"action,comedy,crime"
2023-08-15T19:11:41Z,movie,Deconstructing Harry,1997,7.31566,1780,tt0118954,2639,https://trakt.tv/movies/deconstructing-harry-1997,1997-12-12,96,"comedy,drama"
2025-08-27T05:02:01Z,movie,Deep Impact,1998,6.65282,4258,tt0120647,8656,https://trakt.tv/movies/deep-impact-1998,1998-05-08,121,"action,drama,science-fiction"
2023-11-04T03:38:49Z,movie,Deepwater Horizon,2016,7.5572,205222,tt1860357,296524,https://trakt.tv/movies/deepwater-horizon-2016,2016-09-30,107,"action,drama"
2023-07-07T14:34:52Z,movie,Defiance,2008,7.20775,8209,tt1034303,13813,https://trakt.tv/movies/defiance-2008,2008-12-31,137,"drama,action,history,war"
2023-07-19T07:03:32Z,movie,Deliverance,1972,7.45788,5841,tt0068473,10669,https://trakt.tv/movies/deliverance-1972,1972-08-18,109,"adventure,drama,thriller"
2023-05-12T16:45:50Z,movie,Demolition Man,1993,7.19237,5005,tt0106697,9739,https://trakt.tv/movies/demolition-man-1993,1993-10-08,115,"action,science-fiction,crime"
2022-06-30T22:23:57Z,movie,Den of Thieves,2018,7.37372,296164,tt1259528,449443,https://trakt.tv/movies/den-of-thieves-2018,2018-01-19,140,"crime,thriller,action"
2025-01-28T18:06:25Z,movie,Den of Thieves 2: Pantera,2025,6.88645,449452,tt8008948,604685,https://trakt.tv/movies/den-of-thieves-2-pantera-2025,2025-01-10,131,"action,crime,thriller"
2023-05-08T20:59:59Z,movie,Desperado,1995,7.25808,4035,tt0112851,8068,https://trakt.tv/movies/desperado-1995,1995-08-25,104,"action,crime,thriller"
2023-08-15T20:05:30Z,movie,Desperate Measures,1998,6.38384,4745,tt0118966,9458,https://trakt.tv/movies/desperate-measures-1998,1998-01-30,100,"action,drama,thriller,crime"
2024-04-14T07:08:09Z,movie,Devil in a Blue Dress,1995,7.00734,4230,tt0112857,8512,https://trakt.tv/movies/devil-in-a-blue-dress-1995,1995-09-29,102,"thriller,crime,mystery"
2023-05-12T17:26:14Z,movie,Devotion,2022,7.14816,488476,tt7693316,653851,https://trakt.tv/movies/devotion-2022,2022-11-23,139,"war,drama,action"
2023-10-05T16:58:32Z,movie,Diablo,2016,5.48857,223407,tt4076760,362703,https://trakt.tv/movies/diablo-2016,2016-01-08,83,"action,adventure,thriller,western"
2018-06-14T06:48:57Z,movie,Diamonds Are Forever,1971,6.8039,555,tt0066995,681,https://trakt.tv/movies/diamonds-are-forever-1971,1971-12-30,120,"action,thriller"
2023-05-07T07:19:56Z,movie,Diary of a Spy,2022,5.71795,795792,tt10789216,990337,https://trakt.tv/movies/diary-of-a-spy-2022,2022-07-14,99,"thriller,romance"
2025-01-17T16:24:33Z,movie,Diddy: The Making of a Bad Boy,2025,6.21769,1154680,tt35261990,1411273,https://trakt.tv/movies/diddy-the-making-of-a-bad-boy-2025,2025-01-14,99,documentary
2018-06-14T06:47:19Z,movie,Die Another Day,2002,6.52357,23309,tt0246460,36669,https://trakt.tv/movies/die-another-day-2002,2002-11-17,133,"action,adventure,thriller"
2022-07-22T20:34:05Z,movie,Die Hard,1988,8.25926,443,tt0095016,562,https://trakt.tv/movies/die-hard-1988,1988-07-15,132,"action,thriller"
2022-07-22T20:34:11Z,movie,Die Hard 2,1990,7.48281,1030,tt0099423,1573,https://trakt.tv/movies/die-hard-2-1990,1990-07-03,124,"action,thriller"
2022-07-22T20:34:13Z,movie,Die Hard: With a Vengeance,1995,7.75727,1029,tt0112864,1572,https://trakt.tv/movies/die-hard-with-a-vengeance-1995,1995-05-19,128,"action,thriller"
2023-03-06T22:41:09Z,movie,Die Hart,2023,5.8517,866041,tt27116016,1077280,https://trakt.tv/movies/die-hart-2023,2023-02-24,84,"action,comedy,thriller"
2024-12-15T08:04:01Z,movie,Dirty Angels,2024,6.44783,840048,tt23872640,1043905,https://trakt.tv/movies/dirty-angels-2024,2024-12-13,104,"action,thriller,drama,war"
2023-08-12T07:05:39Z,movie,Dirty Dead Con Men,2018,5.02941,358445,tt3722052,510819,https://trakt.tv/movies/dirty-dead-con-men-2018,2018-03-30,85,"action,crime,drama"
2024-04-14T07:08:09Z,movie,Dirty Work,1998,6.7268,8788,tt0120654,14577,https://trakt.tv/movies/dirty-work-1998,1998-06-12,82,comedy
2023-05-23T16:21:40Z,movie,Disconnect,2013,7.46275,87323,tt1433811,127517,https://trakt.tv/movies/disconnect-2013,2013-04-12,116,"drama,thriller"
2023-06-08T22:06:58Z,movie,Disenchanted,2022,6.04925,219423,tt1596342,338958,https://trakt.tv/movies/disenchanted-2022,2022-11-18,119,"comedy,family,fantasy,musical"
2025-07-01T02:52:25Z,movie,District 9,2009,7.72942,10803,tt1136608,17654,https://trakt.tv/movies/district-9-2009,2009-08-14,112,science-fiction
2022-07-02T07:21:39Z,movie,Divergent,2014,6.93099,102162,tt1840309,157350,https://trakt.tv/movies/divergent-2014,2014-03-21,139,"action,science-fiction,adventure"
2023-05-08T01:35:43Z,movie,Django Unchained,2012,8.41833,50131,tt1853728,68718,https://trakt.tv/movies/django-unchained-2012,2012-12-25,165,"drama,western"
2023-09-24T19:07:04Z,movie,Doc Holliday's Revenge,2014,4.9,170653,tt3359872,272724,https://trakt.tv/movies/doc-holliday-s-revenge-2014,2014-06-01,84,western
2022-05-31T12:16:52Z,movie,Doctor Strange,2016,7.76772,181311,tt1211837,284052,https://trakt.tv/movies/doctor-strange-2016,2016-11-04,115,"action,adventure,fantasy,superhero"
2022-06-25T21:53:50Z,movie,Doctor Strange in the Multiverse of Madness,2022,7.06135,299910,tt9419884,453395,https://trakt.tv/movies/doctor-strange-in-the-multiverse-of-madness-2022,2022-05-06,126,"fantasy,action,adventure,superhero"
2023-12-15T20:09:29Z,movie,Doctor Who,1996,6.49689,195566,tt0116118,15691,https://trakt.tv/movies/doctor-who-1996,1996-05-14,89,"adventure,science-fiction"
2023-12-15T20:09:30Z,movie,Doctor Who: The Day of the Doctor,2013,8.44674,179468,tt2779318,313106,https://trakt.tv/movies/doctor-who-the-day-of-the-doctor-2013,2013-11-23,77,"science-fiction,adventure"
2023-12-15T20:09:28Z,movie,Doctor Who: The Time of the Doctor,2013,7.5904,180169,tt2986512,282848,https://trakt.tv/movies/doctor-who-the-time-of-the-doctor-2013,2013-12-25,60,"drama,science-fiction"
2023-12-15T20:09:31Z,movie,Doctor Who: The Ultimate Guide,2013,7.11111,292179,tt3414382,445374,https://trakt.tv/movies/doctor-who-the-ultimate-guide-2013,2013-11-18,118,documentary
2023-06-25T08:40:35Z,movie,Dog,2022,7.12735,505231,tt11252248,626735,https://trakt.tv/movies/dog-2022,2022-02-18,101,"comedy,drama"
2023-06-12T17:58:06Z,movie,Dolemite Is My Name,2019,7.28555,377030,tt8526872,528888,https://trakt.tv/movies/dolemite-is-my-name-2019,2019-10-04,118,"drama,comedy,history"
2023-05-15T14:44:05Z,movie,Domestic Disturbance,2001,6.2344,6544,tt0249478,11456,https://trakt.tv/movies/domestic-disturbance-2001,2001-10-30,89,"crime,mystery,thriller"
2022-07-03T23:30:31Z,movie,Domino,2005,6.09599,5157,tt0421054,9923,https://trakt.tv/movies/domino-2005,2005-11-23,127,"action,crime,drama,thriller"
2023-05-28T17:49:47Z,movie,Don Jon,2013,6.45434,93088,tt2229499,138697,https://trakt.tv/movies/don-jon-2013,2013-09-27,90,"comedy,drama,romance"
2023-05-10T19:41:29Z,movie,Donnie Brasco,1997,7.73655,4657,tt0119008,9366,https://trakt.tv/movies/donnie-brasco-1997,1997-02-27,127,"crime,drama,thriller"
2023-08-12T07:05:34Z,movie,Don't Come Back from the Moon,2019,5.91892,307036,tt5249200,459970,https://trakt.tv/movies/don-t-come-back-from-the-moon-2019,2019-01-18,98,drama
2022-09-10T08:08:09Z,movie,Don't Look Up,2021,6.98777,483617,tt11286314,646380,https://trakt.tv/movies/don-t-look-up-2021,2021-12-10,138,"science-fiction,comedy"
2023-05-21T03:48:57Z,movie,Dorothy and the Witches of Oz,2012,4.9,302638,tt2342071,456375,https://trakt.tv/movies/dorothy-and-the-witches-of-oz-2012,2012-02-17,101,"family,fantasy,adventure"
2023-08-08T22:33:02Z,movie,Double Identity,2009,5.37255,20129,tt1290400,31453,https://trakt.tv/movies/double-identity-2009,2009-12-18,93,"crime,thriller"
2023-06-12T19:11:53Z,movie,Down to Earth,2001,6.0522,10025,tt0231775,16300,https://trakt.tv/movies/down-to-earth-2001,2001-02-16,87,"comedy,fantasy,romance"
2023-05-07T07:50:35Z,movie,Downsizing,2017,6.14044,214603,tt1389072,301337,https://trakt.tv/movies/downsizing-2017,2017-12-22,135,"drama,science-fiction,comedy"
2023-08-19T19:25:17Z,movie,Dr. Jekyll and Mr. Hyde,2008,4.52778,22692,tt1159984,35801,https://trakt.tv/movies/dr-jekyll-and-mr-hyde-2008,2008-05-17,89,"drama,horror,science-fiction,thriller"
2018-06-14T06:47:29Z,movie,Dr. No,1962,7.27652,521,tt0055928,646,https://trakt.tv/movies/dr-no-1962,1962-10-07,110,"action,adventure,thriller"
2023-07-07T12:11:46Z,movie,Dracula Untold,2014,6.77114,34067,tt0829150,49017,https://trakt.tv/movies/dracula-untold-2014,2014-10-03,92,"action,fantasy,horror"
2023-08-15T21:02:00Z,movie,Dragged Across Concrete,2019,6.8916,316437,tt6491178,438674,https://trakt.tv/movies/dragged-across-concrete-2019,2019-04-30,159,"crime,thriller,action"
2023-08-27T14:09:19Z,movie,Dragon: The Bruce Lee Story,1993,7.33439,5616,tt0106770,10423,https://trakt.tv/movies/dragon-the-bruce-lee-story-1993,1993-05-07,119,"drama,history,action"
2023-05-21T02:45:53Z,movie,Dragons: Dawn of the Dragon Racers,2014,6.96517,191788,tt4191768,298115,https://trakt.tv/movies/dragons-dawn-of-the-dragon-racers-2014,2014-11-11,26,"animation,fantasy,adventure,comedy,family"
2023-05-21T02:46:42Z,movie,Dragons: Gift of the Night Fury,2011,7.63536,67799,tt2065968,91417,https://trakt.tv/movies/dragons-gift-of-the-night-fury-2011,2011-11-15,22,"adventure,animation,comedy,family,holiday"
2023-05-12T16:20:53Z,movie,Drive,2011,7.69111,46736,tt0780504,64690,https://trakt.tv/movies/drive-2011,2011-09-16,100,"crime,drama,thriller"
2023-08-07T22:11:33Z,movie,Drive Angry,2011,5.76221,32654,tt1502404,47327,https://trakt.tv/movies/drive-angry-2011,2011-02-24,104,"action,crime,fantasy,thriller"
2023-08-10T18:46:17Z,movie,Drive Hard,2014,5.34783,156115,tt2968804,256092,https://trakt.tv/movies/drive-hard-2014,2014-06-24,96,"action,comedy,crime"
2023-05-11T00:48:24Z,movie,Due Date,2010,6.67153,27656,tt1231583,41733,https://trakt.tv/movies/due-date-2010,2010-11-05,95,"comedy,drama"
2023-05-25T12:18:38Z,movie,Dumb and Dumber,1994,7.0895,4219,tt0109686,8467,https://trakt.tv/movies/dumb-and-dumber-1994,1994-12-16,107,comedy
2023-05-25T12:19:06Z,movie,Dumb and Dumber To,2014,5.73312,72049,tt2096672,100042,https://trakt.tv/movies/dumb-and-dumber-to-2014,2014-11-14,110,comedy
2023-05-25T12:19:42Z,movie,Dumb and Dumberer: When Harry Met Lloyd,2003,4.58143,5368,tt0329028,10152,https://trakt.tv/movies/dumb-and-dumberer-when-harry-met-lloyd-2003,2003-06-13,85,comedy
2024-01-28T20:09:25Z,movie,Dumb Money,2023,6.97773,627821,tt13957560,792293,https://trakt.tv/movies/dumb-money-2023,2023-09-15,105,"drama,history,comedy"
2024-04-19T19:06:08Z,movie,Dune,2021,7.98327,287071,tt1160419,438631,https://trakt.tv/movies/dune-2021,2021-10-21,155,"science-fiction,adventure"
2024-04-19T19:06:08Z,movie,Dune: Part Two,2024,8.35626,537449,tt15239678,693134,https://trakt.tv/movies/dune-part-two-2024,2024-03-01,167,"science-fiction,adventure,romance"
2022-07-03T09:36:04Z,movie,Duplicity,2009,6.19674,10188,tt1135487,16558,https://trakt.tv/movies/duplicity-2009,2009-03-19,125,"romance,comedy,crime"
2023-08-07T22:43:22Z,movie,Dying of the Light,2014,5.38862,193820,tt1274586,297596,https://trakt.tv/movies/dying-of-the-light-2014,2014-12-04,94,"drama,thriller"
2023-05-25T12:21:29Z,movie,Eagle Eye,2008,6.82224,7597,tt1059786,13027,https://trakt.tv/movies/eagle-eye-2008,2008-09-25,118,"action,thriller,mystery"
2023-06-25T10:10:56Z,movie,Easy A,2010,7.2754,24230,tt1282140,37735,https://trakt.tv/movies/easy-a-2010,2010-09-17,93,comedy
2023-08-10T18:55:06Z,movie,Easy Money,2010,6.87474,18925,tt1291652,29920,https://trakt.tv/movies/easy-money-2010,2010-08-19,124,"crime,drama,thriller"
2025-03-18T00:25:44Z,movie,Easy Money III: Life Deluxe,2013,6.25641,122410,tt2427502,196032,https://trakt.tv/movies/easy-money-iii-life-deluxe-2013,2013-08-30,127,"crime,drama,thriller"
2023-08-10T18:54:55Z,movie,Easy Money: Hard to Kill,2012,6.46324,68418,tt1588342,92647,https://trakt.tv/movies/easy-money-hard-to-kill-2012,2012-08-16,99,"crime,drama,action"
2025-06-13T05:05:45Z,movie,Echo Valley,2025,6.66431,882470,tt27052633,1097311,https://trakt.tv/movies/echo-valley-2025,2025-06-12,105,"thriller,drama"
2023-05-05T22:09:24Z,movie,Eddie Murphy Raw,1987,7.88411,10502,tt0092948,17159,https://trakt.tv/movies/eddie-murphy-raw-1987,1987-11-25,90,comedy
2023-05-07T07:50:57Z,movie,Eddie Murphy: Delirious,1983,8.04957,9252,tt0085474,15251,https://trakt.tv/movies/eddie-murphy-delirious-1983,1983-10-15,69,comedy
2025-08-13T00:50:55Z,movie,Eddington,2025,6.50418,485271,tt31176520,648878,https://trakt.tv/movies/eddington-2025,2025-07-18,149,"western,comedy,crime"
2023-08-15T21:06:42Z,movie,Edge of Darkness,2010,6.76398,7109,tt1226273,12201,https://trakt.tv/movies/edge-of-darkness-2010,2010-01-29,117,"crime,drama,mystery,thriller"
2023-05-10T02:46:29Z,movie,Edge of Tomorrow,2014,7.9264,92230,tt1631867,137113,https://trakt.tv/movies/edge-of-tomorrow-2014,2014-06-06,114,"action,science-fiction"
2023-05-12T16:13:14Z,movie,Edison,2005,5.80531,5285,tt0389957,10064,https://trakt.tv/movies/edison-2005,2006-07-18,99,"thriller,drama,action"
2023-05-10T19:46:04Z,movie,Edward Scissorhands,1990,7.78501,127,tt0099487,162,https://trakt.tv/movies/edward-scissorhands-1990,1990-12-07,105,"drama,fantasy,romance"
2025-06-12T05:09:01Z,movie,Einstein and Eddington,2008,6.89299,9116,tt0995036,15044,https://trakt.tv/movies/einstein-and-eddington-2008,2008-11-29,90,"drama,history"
2023-08-10T18:56:12Z,movie,El Camino: A Breaking Bad Movie,2019,7.23175,410927,tt9243946,559969,https://trakt.tv/movies/el-camino-a-breaking-bad-movie-2019,2019-10-11,123,"crime,drama,thriller"
2023-05-10T01:20:45Z,movie,Elektra,2005,5.26247,5177,tt0357277,9947,https://trakt.tv/movies/elektra-2005,2005-01-14,97,"action,fantasy,superhero,adventure"
2023-09-24T19:07:12Z,movie,Elf,2003,7.48669,5887,tt0319343,10719,https://trakt.tv/movies/elf-2003,2003-11-07,97,"comedy,fantasy,family,holiday,romance"
2023-06-28T18:57:24Z,movie,Elvis,1979,6.90506,26196,tt0079103,40047,https://trakt.tv/movies/elvis-1979,1979-02-11,168,"drama,music,history"
2023-05-11T00:59:13Z,movie,Elvis,2022,7.30385,458367,tt3704428,614934,https://trakt.tv/movies/elvis-2022,2022-06-23,159,"drama,music,history"
2023-06-28T18:53:25Z,movie,Elvis ’68 Comeback Special,2006,8.45455,393172,,542080,https://trakt.tv/movies/elvis-68-comeback-special-2006,2006-08-03,120,music
2023-06-30T19:10:35Z,movie,Elvis All-Star Tribute,2019,8.11111,430806,tt9420480,357820,https://trakt.tv/movies/elvis-all-star-tribute-2019,2019-02-17,120,music
2023-06-28T18:56:20Z,movie,Elvis on Tour,1972,7.97222,28357,tt0068537,42482,https://trakt.tv/movies/elvis-on-tour-1972,1972-11-01,93,"documentary,music"
2023-06-28T18:55:27Z,movie,Elvis Presley: The Searcher,2018,7.52308,711919,tt6244196,761061,https://trakt.tv/movies/elvis-presley-the-searcher-2018,2018-11-19,205,"documentary,music"
2023-06-28T18:54:30Z,movie,Elvis: That's the Way It Is,1970,8.11382,19891,tt0065687,31151,https://trakt.tv/movies/elvis-that-s-the-way-it-is-1970,1970-11-11,95,"documentary,music"
2023-06-28T19:13:35Z,movie,Elvis: The '68 Comeback Special,2018,7.625,47373,tt0285063,65471,https://trakt.tv/movies/elvis-the-68-comeback-special-2018,1968-12-03,74,music
2023-05-10T02:44:27Z,movie,Elysium,2013,6.8847,50137,tt1535108,68724,https://trakt.tv/movies/elysium-2013,2013-08-09,109,"action,drama,science-fiction,thriller"
2025-08-13T14:34:32Z,movie,Emilia Pérez,2024,5.77048,783557,tt20221436,974950,https://trakt.tv/movies/emilia-perez-2024,2024-08-21,132,"musical,drama,thriller"
2025-08-20T05:06:39Z,movie,Empire State,2013,5.91217,108018,tt2171867,169209,https://trakt.tv/movies/empire-state-2013,2013-09-03,94,"action,drama"
2023-05-25T12:24:48Z,movie,End Game,2006,6.00439,4996,tt0415778,9727,https://trakt.tv/movies/end-game-2006,2006-07-27,93,"action,thriller,crime,drama"
2023-12-13T20:09:21Z,movie,End of Loyalty,2023,4.2,882184,tt15811964,1096563,https://trakt.tv/movies/end-of-loyalty-2023,2023-03-07,90,"crime,action"
2023-08-19T05:00:45Z,movie,End of Watch,2012,7.61964,56931,tt1855199,77016,https://trakt.tv/movies/end-of-watch-2012,2012-09-21,109,"crime,drama,thriller"
2023-05-10T01:21:23Z,movie,Enemy at the Gates,2001,7.71887,696,tt0215750,853,https://trakt.tv/movies/enemy-at-the-gates-2001,2001-03-16,131,"war,history,drama,romance"
2020-04-26T00:03:20Z,movie,Enemy of the State,1998,7.54918,5057,tt0120660,9798,https://trakt.tv/movies/enemy-of-the-state-1998,1998-11-20,132,"action,drama,thriller"
2023-08-09T00:22:44Z,movie,Enigma,2001,6.82314,5674,tt0157583,10491,https://trakt.tv/movies/enigma-2001,2001-01-22,119,"drama,mystery,thriller,romance,war"
2023-03-09T21:25:26Z,movie,Enola Holmes,2020,7.02045,344612,tt7846844,497582,https://trakt.tv/movies/enola-holmes-2020,2020-09-23,123,"mystery,crime,adventure"
2023-03-09T21:25:35Z,movie,Enola Holmes 2,2022,7.22759,661649,tt14641788,829280,https://trakt.tv/movies/enola-holmes-2-2022,2022-11-04,131,"mystery,adventure,crime"
2023-08-07T09:53:54Z,movie,Enron: The Smartest Guys in the Room,2005,7.62953,7590,tt1016268,13020,https://trakt.tv/movies/enron-the-smartest-guys-in-the-room-2005,2005-04-22,110,documentary
2023-07-24T21:19:48Z,movie,Enter the Dragon,1973,7.72288,4748,tt0070034,9461,https://trakt.tv/movies/enter-the-dragon-1973,1973-07-26,102,action
2023-08-15T21:48:15Z,movie,Entourage,2015,6.71095,117811,tt1674771,188222,https://trakt.tv/movies/entourage-2015,2015-06-03,104,"comedy,drama"
2023-05-10T01:21:40Z,movie,Entrapment,1999,6.77466,1224,tt0137494,1844,https://trakt.tv/movies/entrapment-1999,1999-04-30,112,"romance,drama,mystery"
2023-08-17T14:10:33Z,movie,Equilibrium,2002,7.46208,3879,tt0238380,7299,https://trakt.tv/movies/equilibrium-2002,2002-12-06,107,"action,science-fiction,thriller"
2023-07-07T23:56:18Z,movie,Erased,2012,6.47362,75378,tt1645155,106021,https://trakt.tv/movies/erased-2012,2013-05-31,100,"action,thriller"
2022-07-03T09:36:17Z,movie,Eraser,1996,6.53798,4568,tt0116213,9268,https://trakt.tv/movies/eraser-1996,1996-06-21,115,"action,mystery,thriller"
2022-07-03T09:36:31Z,movie,Eraser: Reborn,2022,5.982,739758,tt15422240,923597,https://trakt.tv/movies/eraser-reborn-2022,2022-06-07,102,"action,crime,thriller"
2023-06-04T03:39:10Z,movie,Erin Brockovich,2000,7.60136,365,tt0195685,462,https://trakt.tv/movies/erin-brockovich-2000,2000-03-17,131,drama
2023-08-08T19:04:43Z,movie,Escape from Alcatraz,1979,7.65384,5901,tt0079116,10734,https://trakt.tv/movies/escape-from-alcatraz-1979,1979-06-22,113,"drama,thriller"
2023-09-24T19:07:05Z,movie,Escape from L.A.,1996,6.31586,5282,tt0116225,10061,https://trakt.tv/movies/escape-from-l-a-1996,1996-08-09,96,"action,adventure,science-fiction,thriller"
2023-09-24T19:07:08Z,movie,Escape from New York,1981,7.19045,846,tt0082340,1103,https://trakt.tv/movies/escape-from-new-york-1981,1981-06-26,99,"action,science-fiction"
2023-08-10T14:45:05Z,movie,Escobar: Paradise Lost,2014,6.70706,155486,tt2515030,255343,https://trakt.tv/movies/escobar-paradise-lost-2014,2014-11-05,120,"thriller,romance"
2022-07-01T01:10:42Z,movie,Eternals,2021,6.42307,372798,tt9032400,524434,https://trakt.tv/movies/eternals-2021,2021-11-05,156,"superhero,science-fiction,action,adventure"
2023-05-09T01:47:11Z,movie,Evan Almighty,2007,5.98448,1811,tt0413099,2698,https://trakt.tv/movies/evan-almighty-2007,2007-06-09,96,"comedy,fantasy,family"
2023-08-08T19:01:43Z,movie,Every Which Way but Loose,1978,6.8252,9361,tt0077523,15417,https://trakt.tv/movies/every-which-way-but-loose-1978,1978-12-20,110,"action,adventure,comedy,romance,drama"
2023-10-29T07:08:34Z,movie,Evil Under the Sun,1982,7.35502,2461,tt0083908,4193,https://trakt.tv/movies/evil-under-the-sun-1982,1982-03-23,117,"crime,drama,mystery,thriller"
2023-05-15T22:47:51Z,movie,Ex Machina,2015,7.72392,163375,tt0470752,264660,https://trakt.tv/movies/ex-machina-2015,2015-01-21,108,"drama,science-fiction"
2023-05-25T12:26:56Z,movie,Executive Action,1973,6.63768,18287,tt0070046,29142,https://trakt.tv/movies/executive-action-1973,1973-11-07,91,thriller
2023-03-22T01:35:02Z,movie,Executive Decision,1996,6.8093,1637,tt0116253,2320,https://trakt.tv/movies/executive-decision-1996,1996-03-15,132,"action,adventure,drama,thriller"
2023-07-24T21:19:48Z,movie,"Exit the Dragon, Enter the Tiger",1976,6.05556,54291,tt0074506,73826,https://trakt.tv/movies/exit-the-dragon-enter-the-tiger-1976,1976-01-02,79,action
2023-05-22T16:09:07Z,movie,Exodus: Gods and Kings,2014,6.29558,97444,tt1528100,147441,https://trakt.tv/movies/exodus-gods-and-kings-2014,2014-12-05,150,"drama,action,adventure"
2023-10-28T19:00:51Z,movie,Expend4bles,2023,5.74962,439496,tt3291150,299054,https://trakt.tv/movies/expend4bles-2023,2023-09-22,103,"action,adventure,thriller"
2023-08-10T18:57:04Z,movie,Extraction,2013,6.025,134546,tt2823574,218381,https://trakt.tv/movies/extraction-2013,2013-09-05,102,action
2023-05-25T12:29:36Z,movie,Extraction,2015,5.76042,207338,tt4382872,326425,https://trakt.tv/movies/extraction-2015,2016-03-14,82,"thriller,action"
2023-03-22T01:35:11Z,movie,Extraction,2020,7.10801,396109,tt8936646,545609,https://trakt.tv/movies/extraction-2020,2020-04-24,116,"action,thriller"
2023-06-19T00:02:46Z,movie,Extraction 2,2023,7.29765,541747,tt12263384,697843,https://trakt.tv/movies/extraction-2-2023,2023-06-09,122,"action,thriller,crime"
2023-05-12T17:09:48Z,movie,Extreme Movie,2008,4.54747,9458,tt0806147,15544,https://trakt.tv/movies/extreme-movie-2008,2008-12-05,88,comedy
2023-06-10T03:50:18Z,movie,Extremely Loud & Incredibly Close,2011,7.27348,46731,tt0477302,64685,https://trakt.tv/movies/extremely-loud-incredibly-close-2011,2011-12-25,129,drama
2023-07-07T23:56:49Z,movie,Eye in the Sky,2015,7.45662,214292,tt2057392,333352,https://trakt.tv/movies/eye-in-the-sky-2015,2016-04-08,102,"drama,thriller,war"
2023-05-07T07:19:55Z,movie,Eyes Wide Shut,1999,7.29222,292,tt0120663,345,https://trakt.tv/movies/eyes-wide-shut-1999,1999-09-09,159,"mystery,drama,thriller"
2025-08-22T01:15:14Z,movie,F1,2025,7.82612,729817,tt16311594,911430,https://trakt.tv/movies/f1-2025,2025-06-27,156,"action,drama"
2022-05-31T12:39:26Z,movie,F9,2021,6.12766,226253,tt5433138,385128,https://trakt.tv/movies/f9-2021,2021-06-25,143,"action,crime,adventure"
2023-03-22T01:34:54Z,movie,Face/Off,1997,7.33141,597,tt0119094,754,https://trakt.tv/movies/face-off-1997,1997-06-27,139,"action,crime,science-fiction"
2025-03-18T17:05:18Z,movie,Fahrenheit 451,2018,5.91858,246677,tt0360556,401905,https://trakt.tv/movies/fahrenheit-451-2018,2018-05-19,100,"science-fiction,drama,thriller"
2023-07-04T13:10:08Z,movie,Fair Game,1995,5.17848,6882,tt0113010,11859,https://trakt.tv/movies/fair-game-1995,1995-11-03,91,action
2023-05-08T03:09:40Z,movie,Fair Game,2010,6.74074,24770,tt0977855,38363,https://trakt.tv/movies/fair-game-2010,2010-05-20,108,"drama,thriller"
2023-10-29T07:08:34Z,movie,Fair Play,2023,6.41204,729120,tt16304446,910571,https://trakt.tv/movies/fair-play-2023,2023-09-29,113,"thriller,drama,romance"
2023-06-08T22:07:00Z,movie,Falling Down,1993,7.70334,23678,tt0106856,37094,https://trakt.tv/movies/falling-down-1993,1993-02-26,113,"crime,drama,thriller"
2024-04-14T07:08:09Z,movie,Family Business,1989,6.09428,5729,tt0097328,10551,https://trakt.tv/movies/family-business-1989,1989-12-15,110,"comedy,crime,drama"
2022-07-01T00:25:46Z,movie,Fantastic Beasts and Where to Find Them,2016,7.55787,158661,tt3183660,259316,https://trakt.tv/movies/fantastic-beasts-and-where-to-find-them-2016,2016-11-18,133,"fantasy,adventure"
2023-05-08T03:26:15Z,movie,Fantastic Beasts: The Crimes of Grindelwald,2018,6.89508,219417,tt4123430,338952,https://trakt.tv/movies/fantastic-beasts-the-crimes-of-grindelwald-2018,2018-11-16,134,"adventure,fantasy"
2022-07-03T06:07:38Z,movie,Fantastic Beasts: The Secrets of Dumbledore,2022,6.5579,219418,tt4123432,338953,https://trakt.tv/movies/fantastic-beasts-the-secrets-of-dumbledore-2022,2022-04-15,142,"fantasy,adventure"
2023-05-08T20:50:01Z,movie,Fantastic Four,2005,6.07694,5004,tt0120667,9738,https://trakt.tv/movies/fantastic-four-2005,2005-07-08,106,"action,fantasy,science-fiction,superhero"
2023-05-08T20:50:34Z,movie,Fantastic Four,2015,5.23925,106666,tt1502712,166424,https://trakt.tv/movies/fantastic-four-2015,2015-08-07,100,"action,adventure,science-fiction,superhero"
2023-05-08T20:48:42Z,movie,Fantastic Four: Rise of the Silver Surfer,2007,5.90303,1343,tt0486576,1979,https://trakt.tv/movies/fantastic-four-rise-of-the-silver-surfer-2007,2007-06-15,92,"action,adventure,superhero,science-fiction"
2022-05-31T12:38:09Z,movie,Fast & Furious,2009,6.94306,8202,tt1013752,13804,https://trakt.tv/movies/fast-furious-2009,2009-04-03,107,"action,crime,drama,thriller"
2022-05-31T12:38:47Z,movie,Fast & Furious 6,2013,7.13555,62123,tt1905041,82992,https://trakt.tv/movies/fast-furious-6-2013,2013-05-24,130,"action,crime,thriller"
2022-05-31T12:39:12Z,movie,Fast & Furious Presents: Hobbs & Shaw,2019,6.98252,299887,tt6806448,384018,https://trakt.tv/movies/fast-furious-presents-hobbs-shaw-2019,2019-08-02,137,"action,adventure,comedy"
2023-12-13T20:09:27Z,movie,Fast Charlie,2023,6.57777,759776,tt6722400,945937,https://trakt.tv/movies/fast-charlie-2023,2023-12-08,90,"action,crime,drama"
2022-05-31T12:39:19Z,movie,Fast Five,2011,7.36779,36131,tt1596343,51497,https://trakt.tv/movies/fast-five-2011,2011-04-29,131,"action,crime,thriller"
2023-05-10T20:59:26Z,movie,Fast Times at Ridgemont High,1982,7.2168,7831,tt0083929,13342,https://trakt.tv/movies/fast-times-at-ridgemont-high-1982,1982-08-13,90,comedy
2023-06-04T18:34:34Z,movie,Fast X,2023,6.42092,234190,tt5433140,385687,https://trakt.tv/movies/fast-x-2023,2023-05-19,142,"action,crime,thriller,adventure,mystery"
2023-08-10T18:58:24Z,movie,Faster,2010,6.61344,27285,tt1433108,41283,https://trakt.tv/movies/faster-2010,2010-11-23,98,"action,drama,thriller,crime"
2025-04-07T10:07:31Z,movie,Fat Man and Little Boy,1989,6.95541,16878,tt0097336,27461,https://trakt.tv/movies/fat-man-and-little-boy-1989,1989-10-20,127,"drama,history,war"
2023-05-10T01:21:55Z,movie,Fatal Attraction,1987,6.99721,6136,tt0093010,10998,https://trakt.tv/movies/fatal-attraction-1987,1987-09-18,119,"drama,thriller,romance"
2023-08-11T09:03:13Z,movie,Father Stu,2022,6.88721,643196,tt14439896,809140,https://trakt.tv/movies/father-stu-2022,2022-04-13,124,drama
2023-08-15T20:47:26Z,movie,Fatman,2020,6.30536,447608,tt10310140,602211,https://trakt.tv/movies/fatman-2020,2020-11-13,100,"action,fantasy,holiday,drama,thriller,crime,comedy,science-fiction"
2023-08-10T18:59:43Z,movie,Fear and Loathing in Las Vegas,1998,7.51615,1254,tt0120669,1878,https://trakt.tv/movies/fear-and-loathing-in-las-vegas-1998,1998-05-22,118,"adventure,comedy,drama"
2023-08-16T16:50:37Z,movie,Fear the Night,2023,5.96429,920616,tt19848268,1143190,https://trakt.tv/movies/fear-the-night-2023,2023-07-21,92,"thriller,action,horror"
2023-08-07T20:24:38Z,movie,Felon,2008,7.30169,7582,tt1117385,13012,https://trakt.tv/movies/felon-2008,2008-07-18,103,"drama,crime,thriller,action"
2024-01-28T20:09:24Z,movie,Ferrari,2023,6.49322,257726,tt3758542,365620,https://trakt.tv/movies/ferrari-2023,2023-12-14,131,"drama,history"
2022-07-03T09:37:07Z,movie,Ferris Bueller's Day Off,1986,7.97153,4667,tt0091042,9377,https://trakt.tv/movies/ferris-bueller-s-day-off-1986,1986-06-11,103,comedy
2023-05-10T01:23:00Z,movie,Fifty Shades Darker,2017,6.3903,222332,tt4465564,341174,https://trakt.tv/movies/fifty-shades-darker-2017,2017-02-10,118,"drama,romance"
2023-05-10T01:23:01Z,movie,Fifty Shades Freed,2018,6.18772,217786,tt4477536,337167,https://trakt.tv/movies/fifty-shades-freed-2018,2018-02-09,105,"drama,romance"
2023-05-10T01:23:00Z,movie,Fifty Shades of Grey,2015,5.46956,133346,tt2322441,216015,https://trakt.tv/movies/fifty-shades-of-grey-2015,2015-02-13,125,"drama,romance,thriller"
2020-06-15T22:22:10Z,movie,Fight Club,1999,8.70635,432,tt0137523,550,https://trakt.tv/movies/fight-club-1999,1999-10-15,139,"drama,thriller"
2023-08-19T19:25:52Z,movie,Final Score,2018,6.64911,266172,tt5254610,421658,https://trakt.tv/movies/final-score-2018,2018-09-14,105,"action,thriller,adventure,drama"
2025-06-23T05:05:09Z,movie,Finestkind,2023,6.66277,354819,tt7991508,507532,https://trakt.tv/movies/finestkind-2023,2023-12-15,126,"crime,drama,thriller"
2023-08-07T21:42:26Z,movie,Fire Birds,1990,6.0118,3634,tt0099575,6470,https://trakt.tv/movies/fire-birds-1990,1990-05-25,85,"action,adventure"
2024-05-05T02:50:50Z,movie,Fire with Fire,2012,6.2543,93526,tt1925431,139567,https://trakt.tv/movies/fire-with-fire-2012,2012-08-31,97,"action,crime,drama,thriller"
2023-07-07T12:24:34Z,movie,First Blood,1982,7.70529,907,tt0083944,1368,https://trakt.tv/movies/first-blood-1982,1982-10-22,93,"action,adventure,thriller,war"
2022-07-03T09:37:22Z,movie,First Kill,2017,6.59093,283246,tt5884234,410554,https://trakt.tv/movies/first-kill-2017,2017-07-21,97,"thriller,action,crime"
2023-06-04T20:54:18Z,movie,First Man,2018,7.29686,277750,tt1213641,369972,https://trakt.tv/movies/first-man-2018,2018-10-12,141,"history,drama"
2023-09-24T19:07:05Z,movie,Fist Fight,2017,6.99341,256673,tt3401882,345922,https://trakt.tv/movies/fist-fight-2017,2017-02-17,91,comedy
2023-10-07T19:03:32Z,movie,Flatliners,1990,6.75795,1010,tt0099582,1551,https://trakt.tv/movies/flatliners-1990,1990-08-10,115,"drama,horror,science-fiction"
2023-10-07T19:03:50Z,movie,Flatliners,2017,6.11909,243766,tt2039338,400710,https://trakt.tv/movies/flatliners-2017,2017-09-28,111,"drama,horror,thriller"
2024-01-28T20:09:24Z,movie,Fletch,1985,7.15289,5012,tt0089155,9749,https://trakt.tv/movies/fletch-1985,1985-05-31,98,"comedy,crime,mystery"
2024-01-28T20:09:24Z,movie,Fletch Lives,1989,6.55523,8828,tt0097366,14628,https://trakt.tv/movies/fletch-lives-1989,1989-03-17,95,"comedy,crime,mystery"
2023-05-10T20:00:28Z,movie,Flight,2012,7.28526,65754,tt1907668,87502,https://trakt.tv/movies/flight-2012,2012-11-02,138,drama
2022-07-03T07:13:18Z,movie,Focus,2015,6.99894,156518,tt2381941,256591,https://trakt.tv/movies/focus-2015,2015-02-27,105,"comedy,crime,romance"
2023-05-10T02:44:54Z,movie,Fool's Gold,2008,6.41844,4265,tt0770752,8676,https://trakt.tv/movies/fool-s-gold-2008,2008-02-08,112,"comedy,romance,adventure"
2023-10-09T19:08:41Z,movie,Footloose,1984,7.00566,1185,tt0087277,1788,https://trakt.tv/movies/footloose-1984,1984-02-17,107,"drama,romance"
2023-10-09T19:08:44Z,movie,Footloose,2011,6.67839,50216,tt1068242,68817,https://trakt.tv/movies/footloose-2011,2011-10-14,113,"drama,music,romance"
2023-08-08T18:57:50Z,movie,For a Few Dollars More,1965,8.08022,779,tt0059578,938,https://trakt.tv/movies/for-a-few-dollars-more-1965,1965-12-18,132,western
2018-06-14T06:47:32Z,movie,For Your Eyes Only,1981,6.93364,571,tt0082398,699,https://trakt.tv/movies/for-your-eyes-only-1981,1981-06-24,128,"action,adventure,thriller"
2023-08-15T20:48:30Z,movie,Force of Nature,2020,5.5843,462514,tt10308928,619592,https://trakt.tv/movies/force-of-nature-2020,2020-06-30,91,"action,crime,thriller,adventure"
2024-02-21T10:43:23Z,movie,Ford v Ferrari,2019,8.17505,324762,tt1950186,359724,https://trakt.tv/movies/ford-v-ferrari-2019,2019-11-15,153,"drama,history,action"
2023-08-15T21:13:23Z,movie,Forever Young,1992,6.7839,5526,tt0104291,10326,https://trakt.tv/movies/forever-young-1992,1992-12-16,102,"adventure,drama,fantasy,science-fiction,romance"
2023-05-12T15:41:43Z,movie,Forgetting Sarah Marshall,2008,7.18915,5107,tt0800039,9870,https://trakt.tv/movies/forgetting-sarah-marshall-2008,2008-04-17,111,"comedy,drama,romance"
2022-07-03T06:59:58Z,movie,Forrest Gump,1994,8.57918,9,tt0109830,13,https://trakt.tv/movies/forrest-gump-1994,1994-07-06,142,"comedy,drama,romance"
2023-08-01T19:24:21Z,movie,Fortress,2021,5.23382,659261,tt14577300,826749,https://trakt.tv/movies/fortress-2021,2021-12-17,100,"crime,action,thriller"
2023-08-01T19:24:21Z,movie,Fortress: Sniper's Eye,2022,4.66052,707521,tt14577304,883502,https://trakt.tv/movies/fortress-sniper-s-eye-2022,2022-04-29,87,"action,thriller,crime"
2025-05-23T05:02:13Z,movie,Fountain of Youth,2025,6.5207,883124,tt27075958,1098006,https://trakt.tv/movies/fountain-of-youth-2025,2025-05-23,126,"adventure,history,fantasy,mystery"
2022-07-03T19:28:50Z,movie,Four Assassins,2013,3.95455,89831,tt1478804,132236,https://trakt.tv/movies/four-assassins-2013,2013-05-14,83,thriller
2023-05-08T03:30:08Z,movie,Four Brothers,2005,7.04178,4115,tt0430105,8292,https://trakt.tv/movies/four-brothers-2005,2005-08-11,109,"action,crime"
2023-08-10T18:49:58Z,movie,Four Rooms,1995,7.00535,3,tt0113101,5,https://trakt.tv/movies/four-rooms-1995,1995-12-25,98,comedy
2023-08-15T20:15:28Z,movie,Frankie and Johnny,1991,6.85467,2349,tt0101912,3784,https://trakt.tv/movies/frankie-and-johnny-1991,1991-10-11,118,"drama,romance,comedy"
2022-07-03T06:28:43Z,movie,Free Guy,2021,7.27215,400704,tt6264654,550988,https://trakt.tv/movies/free-guy-2021,2021-08-13,115,"comedy,adventure,science-fiction"
2025-07-23T05:05:45Z,movie,Free State of Jones,2016,7.47943,197050,tt1124037,316152,https://trakt.tv/movies/free-state-of-jones-2016,2016-06-24,140,"drama,action,history,war"
2023-08-01T19:24:12Z,movie,Freedomland,2006,5.69655,5189,tt0349467,9959,https://trakt.tv/movies/freedomland-2006,2006-02-17,113,"crime,drama,mystery,thriller"
2023-12-05T20:03:15Z,movie,Freelance,2023,6.31763,719646,tt15744298,897087,https://trakt.tv/movies/freelance-2023,2023-10-27,108,"action,comedy"
2023-08-10T19:08:58Z,movie,French Connection II,1975,6.83811,5880,tt0073018,10711,https://trakt.tv/movies/french-connection-ii-1975,1975-05-18,119,"action,crime,thriller"
2023-08-11T08:12:06Z,movie,Frequency,2000,7.43093,5736,tt0186151,10559,https://trakt.tv/movies/frequency-2000,2000-04-28,118,"science-fiction,thriller"
2023-05-12T15:59:42Z,movie,Friends with Benefits,2011,6.93946,35353,tt1632708,50544,https://trakt.tv/movies/friends-with-benefits-2011,2011-07-21,110,"comedy,romance"
2023-05-08T03:30:58Z,movie,From Dusk Till Dawn,1996,7.43109,598,tt0116367,755,https://trakt.tv/movies/from-dusk-till-dawn-1996,1996-01-19,108,"action,crime,horror,thriller"
2023-05-10T21:04:17Z,movie,From Dusk Till Dawn 2: Texas Blood Money,1999,4.8209,7013,tt0120860,12095,https://trakt.tv/movies/from-dusk-till-dawn-2-texas-blood-money-1999,1999-03-16,88,"action,horror,thriller,crime"
2023-05-10T21:07:30Z,movie,From Dusk Till Dawn 3: The Hangman's Daughter,2000,5.15534,5425,tt0120695,10213,https://trakt.tv/movies/from-dusk-till-dawn-3-the-hangman-s-daughter-2000,1999-10-31,94,"horror,thriller,western"
2018-02-04T22:33:21Z,movie,From Paris with Love,2010,6.76022,16053,tt1179034,26389,https://trakt.tv/movies/from-paris-with-love-2010,2010-02-17,92,"action,crime,thriller"
2018-06-14T06:47:26Z,movie,From Russia with Love,1963,7.31539,531,tt0057076,657,https://trakt.tv/movies/from-russia-with-love-1963,1964-04-08,115,"action,adventure,thriller"
2023-05-25T12:37:04Z,movie,Full Metal Jacket,1987,8.23745,478,tt0093058,600,https://trakt.tv/movies/full-metal-jacket-1987,1987-06-26,117,"drama,war"
2023-08-12T07:05:45Z,movie,Funeral in Berlin,1966,6.86531,21979,tt0060437,34388,https://trakt.tv/movies/funeral-in-berlin-1966,1967-02-23,102,thriller
2025-03-18T00:25:55Z,movie,Furiosa: A Mad Max Saga,2024,7.42044,623532,tt12037194,786892,https://trakt.tv/movies/furiosa-a-mad-max-saga-2024,2024-05-23,149,"action,science-fiction,adventure"
2022-05-31T12:38:41Z,movie,Furious 7,2015,7.30729,107556,tt2820852,168259,https://trakt.tv/movies/furious-7-2015,2015-04-03,139,"action,thriller,crime"
2023-05-10T01:26:31Z,movie,Fury,2014,7.6926,139432,tt2713180,228150,https://trakt.tv/movies/fury-2014,2014-10-17,135,"action,drama,war"
2023-10-07T19:03:31Z,movie,Future World,2018,4.55186,256802,tt5737536,411135,https://trakt.tv/movies/future-world-2018,2018-05-25,88,science-fiction
2022-07-03T09:37:36Z,movie,G.I. Jane,1997,6.75594,2593,tt0119173,4421,https://trakt.tv/movies/g-i-jane-1997,1997-08-22,125,"action,drama"
2023-05-10T02:45:52Z,movie,G.I. Joe: Retaliation,2013,6.25429,53296,tt1583421,72559,https://trakt.tv/movies/g-i-joe-retaliation-2013,2013-03-29,110,"action,adventure,science-fiction,thriller"
2023-05-10T02:45:40Z,movie,G.I. Joe: The Rise of Cobra,2009,6.23593,9010,tt1046173,14869,https://trakt.tv/movies/g-i-joe-the-rise-of-cobra-2009,2009-08-07,118,"action,adventure,science-fiction,thriller"
2025-04-12T02:07:05Z,movie,G20,2025,6.27333,841507,tt23476986,1045938,https://trakt.tv/movies/g20-2025,2025-04-10,108,"action,mystery,drama"
2022-06-30T22:20:58Z,movie,Gamer,2009,6.17336,11334,tt1034032,18501,https://trakt.tv/movies/gamer-2009,2009-09-04,95,"action,science-fiction,thriller"
2023-08-10T00:48:46Z,movie,Gandhi,1982,7.68869,626,tt0083987,783,https://trakt.tv/movies/gandhi-1982,1982-12-08,191,"drama,history"
2023-05-10T17:59:31Z,movie,Gangs of New York,2002,7.53802,2100,tt0217505,3131,https://trakt.tv/movies/gangs-of-new-york-2002,2002-12-19,168,"crime,drama,history"
2023-08-19T05:01:38Z,movie,Gangster Squad,2013,6.91087,61856,tt1321870,82682,https://trakt.tv/movies/gangster-squad-2013,2013-01-11,113,"action,crime,drama,thriller"
2023-05-21T03:06:32Z,movie,Gemini Man,2019,6.52098,299929,tt1025100,453405,https://trakt.tv/movies/gemini-man-2019,2019-10-11,117,"action,thriller,science-fiction,adventure"
2023-12-13T20:09:27Z,movie,Genie,2023,6.57069,959144,tt24429218,1189198,https://trakt.tv/movies/genie-2023-11-22,2023-11-22,93,"comedy,fantasy,holiday"
2023-08-17T14:32:26Z,movie,Geostorm,2017,6.43721,172685,tt1981128,274855,https://trakt.tv/movies/geostorm-2017,2017-10-20,109,"action,thriller,science-fiction"
2023-08-10T19:09:54Z,movie,Get Carter,2000,5.81078,5645,tt0208988,10461,https://trakt.tv/movies/get-carter-2000,2000-10-06,102,"action,crime,drama,thriller"
2025-08-17T21:00:44Z,movie,Get Hard,2015,6.49357,156890,tt2561572,257091,https://trakt.tv/movies/get-hard-2015,2015-03-27,100,comedy
2023-05-12T15:37:30Z,movie,Get Him to the Greek,2010,6.48111,21043,tt1226229,32823,https://trakt.tv/movies/get-him-to-the-greek-2010,2010-06-04,109,"comedy,adventure,music"
2022-07-03T09:37:51Z,movie,Get Shorty,1995,7.0031,4006,tt0113161,8012,https://trakt.tv/movies/get-shorty-1995,1995-10-20,105,"comedy,crime,thriller"
2023-05-21T03:37:21Z,movie,Get Smart,2008,6.5686,6739,tt0425061,11665,https://trakt.tv/movies/get-smart-2008,2008-06-20,110,"action,comedy,thriller"
2023-05-21T03:39:15Z,movie,Get Smart's Bruce and Lloyd Out of Control,2008,5.60987,9447,tt1018723,15531,https://trakt.tv/movies/get-smart-s-bruce-and-lloyd-out-of-control-2008,2008-07-01,71,"action,comedy"
2023-08-15T21:05:01Z,movie,Get the Gringo,2012,7.06559,59861,tt1567609,80389,https://trakt.tv/movies/get-the-gringo-2012,2012-05-01,96,"action,crime,drama,thriller"
2023-05-09T01:20:50Z,movie,Ghost,1990,7.24576,209,tt0099653,251,https://trakt.tv/movies/ghost-1990,1990-07-13,126,"drama,fantasy,mystery,thriller,romance"
2022-07-02T07:22:58Z,movie,Ghost in the Shell,2017,6.81689,196549,tt1219827,315837,https://trakt.tv/movies/ghost-in-the-shell-2017,2017-03-31,107,"science-fiction,action,drama"
2023-05-05T12:11:15Z,movie,Ghostbusters,1984,7.9131,496,tt0087332,620,https://trakt.tv/movies/ghostbusters-1984,1984-06-08,107,"comedy,fantasy"
2023-05-05T12:12:58Z,movie,Ghostbusters,2016,6.19979,28880,tt1289401,43074,https://trakt.tv/movies/ghostbusters-2016,2016-07-15,117,"fantasy,action,comedy"
2023-05-05T12:11:17Z,movie,Ghostbusters II,1989,7.09263,1967,tt0097428,2978,https://trakt.tv/movies/ghostbusters-ii-1989,1989-06-16,108,"comedy,fantasy"
2023-05-05T12:12:43Z,movie,Ghostbusters: Afterlife,2021,7.22493,270182,tt4513678,425909,https://trakt.tv/movies/ghostbusters-afterlife-2021,2021-11-19,124,"comedy,fantasy,adventure,science-fiction"
2025-03-17T13:17:04Z,movie,Ghostbusters: Frozen Empire,2024,6.62738,778125,tt21235248,967847,https://trakt.tv/movies/ghostbusters-frozen-empire-2024,2024-03-22,115,"fantasy,adventure,comedy"
2023-05-05T12:14:10Z,movie,Ghosted,2023,6.50367,695073,tt15326988,868759,https://trakt.tv/movies/ghosted-2023,2023-04-20,117,"romance,action,comedy"
2023-05-10T02:46:16Z,movie,Ghosts of Girlfriends Past,2009,6.21449,7326,tt0821640,12556,https://trakt.tv/movies/ghosts-of-girlfriends-past-2009,2009-05-01,115,"comedy,fantasy,romance"
2022-07-09T18:23:09Z,movie,Gigli,2003,3.71743,4014,tt0299930,8046,https://trakt.tv/movies/gigli-2003,2003-08-01,122,"drama,comedy,romance,crime"
2024-10-06T07:01:18Z,movie,Girl in the Video,2024,6.57692,979798,tt30326011,1214803,https://trakt.tv/movies/girl-in-the-video-2024,2024-01-13,87,"drama,thriller"
2022-06-30T23:23:04Z,movie,Gladiator,2000,8.49425,67,tt0172495,98,https://trakt.tv/movies/gladiator-2000,2000-05-05,155,"action,adventure,drama"
2024-11-24T20:51:45Z,movie,Gladiator II,2024,6.86364,409281,tt9218128,558449,https://trakt.tv/movies/gladiator-ii-2024,2024-11-22,148,"action,adventure,drama"
2023-05-07T07:18:06Z,movie,Glass Onion: A Knives Out Mystery,2022,7.32146,495668,tt11564570,661374,https://trakt.tv/movies/glass-onion-a-knives-out-mystery-2022,2022-11-23,140,"mystery,comedy,crime"
2025-09-15T02:12:02Z,movie,God Knows Where I Am,2016,6.525,235417,tt5073020,392955,https://trakt.tv/movies/god-knows-where-i-am-2016,2016-04-07,97,"documentary,mystery,drama,history"
2023-08-17T14:35:31Z,movie,Gods of Egypt,2016,6.44245,127822,tt2404233,205584,https://trakt.tv/movies/gods-of-egypt-2016,2016-02-25,127,"fantasy,action,adventure"
2023-11-11T20:03:46Z,movie,Goin' South,1978,6.27451,21849,tt0077621,34130,https://trakt.tv/movies/goin-south-1978,1978-10-06,109,"western,comedy,romance"
2025-07-23T05:05:47Z,movie,Gold,2016,7.20551,215404,tt1800302,334524,https://trakt.tv/movies/gold-2016,2016-12-30,120,"drama,adventure,thriller"
2018-06-14T06:47:06Z,movie,GoldenEye,1995,7.3424,582,tt0113189,710,https://trakt.tv/movies/goldeneye-1995,1995-11-23,130,"action,adventure,thriller"
2018-06-14T06:47:13Z,movie,Goldfinger,1964,7.58112,532,tt0058150,658,https://trakt.tv/movies/goldfinger-1964,1964-09-20,110,"action,adventure,thriller"
2022-06-30T23:09:03Z,movie,Gone in Sixty Seconds,2000,7.09617,4951,tt0187078,9679,https://trakt.tv/movies/gone-in-sixty-seconds-2000,2000-06-09,118,"action,crime,thriller"
2023-06-19T00:06:15Z,movie,"Good Morning, Vietnam",1987,7.60983,644,tt0093105,801,https://trakt.tv/movies/good-morning-vietnam-1987,1987-12-23,121,"comedy,drama,war"
2022-07-03T19:29:56Z,movie,Good Will Hunting,1997,8.38654,383,tt0119217,489,https://trakt.tv/movies/good-will-hunting-1997,1997-12-05,127,drama
2022-07-03T08:13:23Z,movie,GoodFellas,1990,8.57942,612,tt0099685,769,https://trakt.tv/movies/goodfellas-1990,1990-09-19,145,"crime,drama"
2023-08-10T19:13:13Z,movie,Gorky Park,1983,6.87253,4112,tt0085615,8289,https://trakt.tv/movies/gorky-park-1983,1983-12-15,128,"drama,crime,thriller,mystery"
2023-05-15T14:35:21Z,movie,Gotti,2018,6.34282,219570,tt1801552,339103,https://trakt.tv/movies/gotti-2018,2018-06-15,106,"crime,drama,history,thriller"
2023-08-08T19:11:25Z,movie,Gran Torino,2008,8.1078,7759,tt1205489,13223,https://trakt.tv/movies/gran-torino-2008,2008-12-12,116,drama
2023-10-29T07:08:33Z,movie,Gran Turismo,2023,7.40464,787984,tt4495098,980489,https://trakt.tv/movies/gran-turismo-2023,2023-08-11,135,"action,drama,adventure"
2023-05-25T12:38:46Z,movie,Gravity,2013,7.46924,34093,tt1454468,49047,https://trakt.tv/movies/gravity-2013,2013-10-04,91,"drama,science-fiction,thriller"
2023-07-19T00:29:56Z,movie,Gray Matter,2023,6.12546,879511,tt25947954,1093796,https://trakt.tv/movies/gray-matter-2023,2023-07-13,87,science-fiction
2023-03-30T00:02:01Z,movie,Grease,1978,7.32302,497,tt0077631,621,https://trakt.tv/movies/grease-1978,1978-06-16,110,"romance,musical,comedy"
2023-06-29T11:52:04Z,movie,Grease 2,1982,5.67728,4490,tt0084021,9037,https://trakt.tv/movies/grease-2-1982,1982-06-11,115,"comedy,music,romance,musical"
2025-06-22T02:31:17Z,movie,Greedy People,2024,6.45765,782939,tt20201748,974250,https://trakt.tv/movies/greedy-people-2024,2024-08-23,113,"mystery,comedy,crime"
2023-11-04T03:39:19Z,movie,Green Book,2018,8.25611,337145,tt6966692,490132,https://trakt.tv/movies/green-book-2018,2018-11-16,130,"drama,history,comedy"
2023-05-10T01:24:15Z,movie,Green Lantern,2011,5.54863,30549,tt1133985,44912,https://trakt.tv/movies/green-lantern-2011,2011-06-17,114,"action,adventure,science-fiction,thriller,superhero"
2023-08-15T23:55:03Z,movie,Green Street Hooligans,2005,7.46639,4400,tt0385002,8923,https://trakt.tv/movies/green-street-hooligans-2005,2005-09-09,109,"crime,drama"
2022-07-04T00:08:30Z,movie,Green Zone,2010,6.85357,13939,tt0947810,22972,https://trakt.tv/movies/green-zone-2010,2010-03-11,115,"action,adventure,drama,thriller,war"
2023-08-17T14:30:17Z,movie,Greenland,2020,6.89601,372518,tt7737786,524047,https://trakt.tv/movies/greenland-2020,2020-12-18,120,"action,thriller,science-fiction,adventure"
2023-07-07T11:56:17Z,movie,Gremlins,1984,7.52441,769,tt0087363,927,https://trakt.tv/movies/gremlins-1984,1984-06-08,106,"comedy,fantasy,horror,holiday"
2023-07-07T11:56:22Z,movie,Gremlins 2: The New Batch,1990,6.85027,770,tt0099700,928,https://trakt.tv/movies/gremlins-2-the-new-batch-1990,1990-06-15,106,"comedy,fantasy,horror"
2023-06-10T05:05:08Z,movie,Greyhound,2020,7.38592,364601,tt6048922,516486,https://trakt.tv/movies/greyhound-2020,2020-07-09,92,"war,action,drama"
2023-08-10T02:20:54Z,movie,Grindhouse,2007,7.24601,183108,tt0462322,285923,https://trakt.tv/movies/grindhouse-2007,2007-04-06,191,"action,horror,thriller"
2023-05-10T18:50:28Z,movie,Grown Ups,2010,6.58792,24772,tt1375670,38365,https://trakt.tv/movies/grown-ups-2010,2010-06-24,102,comedy
2023-05-10T18:52:31Z,movie,Grown Ups 2,2013,6.31971,77329,tt2191701,109418,https://trakt.tv/movies/grown-ups-2-2013,2013-07-12,101,comedy
2018-06-14T06:51:22Z,movie,Guardians of the Galaxy,2014,8.26881,82405,tt2015381,118340,https://trakt.tv/movies/guardians-of-the-galaxy-2014,2014-08-01,121,"adventure,science-fiction,action"
2020-06-15T22:18:21Z,movie,Guardians of the Galaxy Vol. 2,2017,7.8453,181256,tt3896198,283995,https://trakt.tv/movies/guardians-of-the-galaxy-vol-2-2017,2017-05-05,137,"action,superhero,adventure,science-fiction"
2023-05-24T22:25:37Z,movie,Guardians of the Galaxy Volume 3,2023,7.94637,293990,tt6791350,447365,https://trakt.tv/movies/guardians-of-the-galaxy-volume-3-2023,2023-05-05,150,"science-fiction,superhero,action,adventure,comedy"
2023-08-09T23:44:20Z,movie,Guess Who,2005,6.45683,6714,tt0372237,11638,https://trakt.tv/movies/guess-who-2005,2005-03-25,105,"comedy,romance"
2023-08-15T23:11:06Z,movie,Guilty by Suspicion,1991,6.52571,13645,tt0101984,22423,https://trakt.tv/movies/guilty-by-suspicion-1991,1991-03-15,100,"drama,thriller"
2023-05-24T22:25:38Z,movie,Guy Ritchie's The Covenant,2023,7.67751,706755,tt4873118,882569,https://trakt.tv/movies/guy-ritchie-s-the-covenant-2023,2023-04-21,123,"action,war,thriller"
2022-05-26T11:57:10Z,movie,Hackers,1995,7.30695,5621,tt0113243,10428,https://trakt.tv/movies/hackers-1995,1995-09-14,107,"action,crime,drama,thriller"
2023-05-25T12:41:16Z,movie,Hacksaw Ridge,2016,8.30408,212307,tt2119532,324786,https://trakt.tv/movies/hacksaw-ridge-2016,2016-10-07,139,"drama,history,war"
2023-05-12T15:34:34Z,movie,"Hail, Caesar!",2016,6.24727,168510,tt0475290,270487,https://trakt.tv/movies/hail-caesar-2016,2016-02-05,106,"comedy,crime,drama"
2023-06-04T03:35:42Z,movie,Hamilton,2025,8.33748,407854,tt8503618,556574,https://trakt.tv/movies/hamilton-2025,2020-07-03,160,"musical,drama,history"
2022-07-01T01:28:55Z,movie,Hancock,2008,6.68754,4428,tt0448157,8960,https://trakt.tv/movies/hancock-2008,2008-07-01,92,"action,fantasy,superhero"
2022-07-03T06:38:15Z,movie,Hanna,2011,7.07819,35279,tt0993842,50456,https://trakt.tv/movies/hanna-2011,2011-04-08,111,"action,adventure,thriller"
2023-05-10T18:58:50Z,movie,Happy Gilmore,1996,7.28035,4890,tt0116483,9614,https://trakt.tv/movies/happy-gilmore-1996,1996-02-16,92,comedy
2025-07-25T07:44:06Z,movie,Happy Gilmore 2,2025,6.65313,1024811,tt31868189,1263256,https://trakt.tv/movies/happy-gilmore-2-2025,2025-07-25,118,comedy
2023-08-01T19:24:22Z,movie,Hard Eight,1997,7.02765,4019,tt0119256,8052,https://trakt.tv/movies/hard-eight-1997,1997-02-28,102,"drama,crime"
2023-06-21T15:35:38Z,movie,Hard Kill,2020,4.68204,567462,tt11656172,724989,https://trakt.tv/movies/hard-kill-2020,2020-08-25,98,"action,thriller,adventure"
2023-05-25T12:42:42Z,movie,Hard to Kill,1990,6.46637,4847,tt0099739,9569,https://trakt.tv/movies/hard-to-kill-1990,1990-02-09,95,"action,drama,crime,thriller"
2023-08-07T20:26:24Z,movie,Hardwired,2009,5.34302,14432,tt1405412,24051,https://trakt.tv/movies/hardwired-2009,2009-11-03,94,"action,adventure,science-fiction,thriller"
2023-05-08T03:10:00Z,movie,Harlem Nights,1989,7.14833,4534,tt0097481,9085,https://trakt.tv/movies/harlem-nights-1989,1989-11-17,116,"comedy,crime,drama"
2025-06-22T02:41:39Z,movie,Harry & Meghan: A Royal Romance,2018,6.5,366873,tt7883022,518527,https://trakt.tv/movies/harry-meghan-a-royal-romance-2018,2018-05-13,120,"romance,family"
2025-06-22T02:41:35Z,movie,Harry & Meghan: The Next Step,2020,0,614886,tt14663630,777403,https://trakt.tv/movies/harry-meghan-the-next-step-2020,2020-03-04,90,documentary
2023-10-01T00:58:44Z,movie,Harry and Meghan: Escaping the Palace,2021,5.28571,686581,tt12821362,858717,https://trakt.tv/movies/harry-and-meghan-escaping-the-palace-2021,2021-09-06,120,drama
2023-05-25T11:40:48Z,movie,Harry Brown,2009,7.12672,15733,tt1289406,25941,https://trakt.tv/movies/harry-brown-2009,2009-11-11,103,"action,crime,drama,thriller"
2023-05-05T11:44:55Z,movie,Harry Potter and the Chamber of Secrets,2002,7.84938,546,tt0295297,672,https://trakt.tv/movies/harry-potter-and-the-chamber-of-secrets-2002,2002-11-15,161,"adventure,fantasy"
2023-02-01T15:35:03Z,movie,Harry Potter and the Deathly Hallows: Part 1,2010,7.89763,7228,tt0926084,12444,https://trakt.tv/movies/harry-potter-and-the-deathly-hallows-part-1-2010,2010-11-19,146,"adventure,fantasy"
2022-06-30T23:26:29Z,movie,Harry Potter and the Deathly Hallows: Part 2,2011,8.20276,7229,tt1201607,12445,https://trakt.tv/movies/harry-potter-and-the-deathly-hallows-part-2-2011,2011-07-15,130,"adventure,fantasy"
2020-06-17T09:46:32Z,movie,Harry Potter and the Goblet of Fire,2005,7.90946,548,tt0330373,674,https://trakt.tv/movies/harry-potter-and-the-goblet-of-fire-2005,2005-11-18,157,"adventure,fantasy"
2022-05-31T11:51:09Z,movie,Harry Potter and the Half-Blood Prince,2009,7.85352,610,tt0417741,767,https://trakt.tv/movies/harry-potter-and-the-half-blood-prince-2009,2009-07-15,153,"adventure,fantasy"
2022-07-01T21:59:53Z,movie,Harry Potter and the Order of the Phoenix,2007,7.82922,549,tt0373889,675,https://trakt.tv/movies/harry-potter-and-the-order-of-the-phoenix-2007,2007-07-12,138,"adventure,fantasy"
2022-07-01T22:00:11Z,movie,Harry Potter and the Philosopher's Stone,2001,8.00834,545,tt0241527,671,https://trakt.tv/movies/harry-potter-and-the-philosopher-s-stone-2001,2001-11-16,152,"adventure,fantasy"
2023-05-08T01:43:28Z,movie,Harry Potter and the Prisoner of Azkaban,2004,8.14585,547,tt0304141,673,https://trakt.tv/movies/harry-potter-and-the-prisoner-of-azkaban-2004,2004-05-31,141,"adventure,fantasy"
2023-05-25T12:44:01Z,movie,Hart's War,2002,6.64863,5769,tt0251114,10592,https://trakt.tv/movies/hart-s-war-2002,2002-02-15,125,"drama,war"
2023-05-25T12:47:30Z,movie,Hatton Garden: The Heist,2016,5.7381,266228,tt5953854,421768,https://trakt.tv/movies/hatton-garden-the-heist-2016,2016-10-17,87,"drama,crime"
2023-10-29T07:08:33Z,movie,Haunted Mansion,2023,6.41816,459989,tt1695843,616747,https://trakt.tv/movies/haunted-mansion-2023,2023-07-28,123,"comedy,fantasy,drama"
2022-07-03T06:39:23Z,movie,Haywire,2011,6.05677,51562,tt1506999,70435,https://trakt.tv/movies/haywire-2011,2011-11-06,93,"thriller,action,drama"
2025-07-13T05:05:36Z,movie,He Got Game,1998,7.13766,4755,tt0124718,9469,https://trakt.tv/movies/he-got-game-1998,1998-05-01,136,drama
2023-06-12T18:11:31Z,movie,Head of State,2003,6.21348,5037,tt0325537,9776,https://trakt.tv/movies/head-of-state-2003,2003-03-28,95,"comedy,drama"
2023-08-10T19:18:52Z,movie,Headhunters,2011,7.56946,51768,tt1614989,70670,https://trakt.tv/movies/headhunters-2011,2011-08-26,100,"crime,thriller,action"
2023-08-14T15:45:27Z,movie,Heart of Stone,2023,6.47393,566681,tt13603966,724209,https://trakt.tv/movies/heart-of-stone-2023,2023-08-11,122,"thriller,action"
2024-04-13T19:10:26Z,movie,Heart of the Hunter,2024,6.2192,952747,tt28943278,1181548,https://trakt.tv/movies/heart-of-the-hunter-2024,2024-03-28,108,action
2023-05-29T20:45:31Z,movie,Heartbreak Ridge,1986,7.40351,5240,tt0091187,10015,https://trakt.tv/movies/heartbreak-ridge-1986,1986-12-05,130,"drama,war"
2022-07-03T08:13:35Z,movie,Heat,1995,8.18744,789,tt0113277,949,https://trakt.tv/movies/heat-1995,1995-12-15,170,"action,crime,drama"
2023-05-25T12:48:33Z,movie,Heist,2001,6.79737,6223,tt0252503,11088,https://trakt.tv/movies/heist-2001,2001-11-09,107,"action,crime,drama,thriller"
2023-05-25T12:49:35Z,movie,Heist,2015,6.68766,216730,tt3276924,336004,https://trakt.tv/movies/heist-2015,2015-11-13,93,"action,crime,thriller,drama"
2023-10-05T16:58:33Z,movie,Heist 88,2023,6.07829,943882,tt7718100,1170944,https://trakt.tv/movies/heist-88-2023,2023-09-29,83,"crime,drama"
2025-06-22T23:54:56Z,movie,Hell or High Water,2016,7.55993,230569,tt2582782,338766,https://trakt.tv/movies/hell-or-high-water-2016,2016-08-12,102,"crime,drama,western"
2025-03-18T00:25:53Z,movie,Hellboy,2004,7.1562,981,tt0167190,1487,https://trakt.tv/movies/hellboy-2004,2004-04-02,122,"action,fantasy,superhero"
2023-06-30T20:14:28Z,movie,Hellboy II: The Golden Army,2008,7.09704,6375,tt0411477,11253,https://trakt.tv/movies/hellboy-ii-the-golden-army-2008,2008-08-21,120,"fantasy,superhero,action"
2024-09-29T12:31:05Z,movie,Hellboy: The Crooked Man,2024,5.24401,874515,tt26757462,1087822,https://trakt.tv/movies/hellboy-the-crooked-man-2024,2024-10-08,100,"horror,action,fantasy"
2025-08-22T05:03:28Z,movie,Hercules,2014,6.40067,115599,tt1267297,184315,https://trakt.tv/movies/hercules-2014,2014-07-25,98,"action,adventure"
2023-05-10T23:44:38Z,movie,Hereafter,2010,6.30128,30291,tt1212419,44603,https://trakt.tv/movies/hereafter-2010,2010-10-22,129,"drama,fantasy"
2023-08-15T19:26:43Z,movie,Hero,1992,6.70746,5870,tt0104412,10699,https://trakt.tv/movies/hero-1992,1992-10-02,117,"comedy,drama"
2023-08-16T04:46:43Z,movie,Hero Wanted,2008,5.5873,10147,tt0977214,16450,https://trakt.tv/movies/hero-wanted-2008,2008-03-28,95,"action,crime,thriller"
2023-06-09T20:48:42Z,movie,Hidden Figures,2016,8.27102,241112,tt4846340,381284,https://trakt.tv/movies/hidden-figures-2016,2016-12-10,127,"drama,history"
2022-07-03T09:14:40Z,movie,High Fidelity,2000,7.57595,201,tt0146882,243,https://trakt.tv/movies/high-fidelity-2000,2000-03-17,113,"comedy,drama,music,romance"
2023-05-10T01:24:28Z,movie,High Heat,2022,6.00375,816938,tt15721088,1015963,https://trakt.tv/movies/high-heat-2022,2022-12-16,84,"action,comedy,crime,thriller"
2025-03-16T17:05:45Z,movie,High Rollers,2025,6.09112,925691,tt27829510,1149167,https://trakt.tv/movies/high-rollers-2025,2025-03-14,101,"action,crime,thriller"
2024-11-28T20:12:11Z,movie,Hijack '93,2024,5.25316,1113686,tt33540966,1364082,https://trakt.tv/movies/hijack-93-2024,2024-10-25,86,"thriller,drama"
2023-06-30T14:59:52Z,movie,History of the World: Part I,1981,7.18881,5372,tt0082517,10156,https://trakt.tv/movies/history-of-the-world-part-i-1981,1981-06-12,92,"comedy,musical"
2023-07-30T07:15:23Z,movie,Hit & Run,2012,6.49441,77394,tt2097307,109513,https://trakt.tv/movies/hit-run-2012,2012-08-22,100,"action,comedy,romance"
2024-06-09T22:42:26Z,movie,Hit Man,2024,6.93992,783039,tt20215968,974635,https://trakt.tv/movies/hit-man-2024,2024-05-24,116,"comedy,crime,romance"
2025-07-10T05:13:20Z,movie,Hit Man,2024,4.5,1135075,,1388637,https://trakt.tv/movies/hit-man-2024-11-09,2024-11-09,90,"horror,comedy"
2023-05-10T01:27:10Z,movie,Hitch,2005,6.88508,4225,tt0386588,8488,https://trakt.tv/movies/hitch-2005,2005-02-11,118,"comedy,drama,romance"
2023-02-03T00:43:43Z,movie,Hitman,2007,6.4389,1067,tt0465494,1620,https://trakt.tv/movies/hitman-2007,2007-11-21,89,"action,drama,thriller"
2023-02-03T00:44:06Z,movie,Hitman: Agent 47,2015,6.50468,151163,tt2679042,249070,https://trakt.tv/movies/hitman-agent-47-2015,2015-08-21,96,"action,crime,thriller"
2022-06-01T14:00:32Z,movie,Hitman's Wife's Bodyguard,2021,6.67442,371065,tt8385148,522931,https://trakt.tv/movies/hitman-s-wife-s-bodyguard-2021,2021-06-16,100,"action,comedy,thriller,crime"
2023-08-08T19:16:42Z,movie,Hoffa,1992,6.78367,5603,tt0104427,10410,https://trakt.tv/movies/hoffa-1992,1992-12-25,140,"crime,history,drama"
2025-10-04T10:22:16Z,movie,Holmes & Watson,2018,5.23949,270885,tt1255919,426563,https://trakt.tv/movies/holmes-watson-2018,2018-12-25,90,"mystery,comedy,crime"
2023-05-21T02:17:58Z,movie,Holy Man,1998,5.61092,4984,tt0120701,9713,https://trakt.tv/movies/holy-man-1998,1998-10-08,114,"comedy,drama"
2023-08-01T19:24:20Z,movie,Home of the Brave,2006,5.77043,8487,tt0763840,14171,https://trakt.tv/movies/home-of-the-brave-2006,2006-12-15,106,"drama,war"
2023-08-10T00:53:22Z,movie,Homefront,2013,7.00537,127023,tt2312718,204082,https://trakt.tv/movies/homefront-2013,2013-11-27,100,"action,thriller"
2022-06-01T14:00:46Z,movie,Honest Thief,2020,6.61388,404631,tt1838556,553604,https://trakt.tv/movies/honest-thief-2020,2020-10-16,99,"action,thriller,crime"
2025-06-10T05:04:31Z,movie,Horizon: An American Saga - Chapter 1,2024,6.98026,747615,tt17505010,932086,https://trakt.tv/movies/horizon-an-american-saga-chapter-1-2024,2024-06-28,182,"western,drama"
2022-07-03T10:41:32Z,movie,Horrible Bosses,2011,6.99812,36171,tt1499658,51540,https://trakt.tv/movies/horrible-bosses-2011,2011-07-08,98,"comedy,crime"
2022-07-03T10:49:08Z,movie,Horrible Bosses 2,2014,6.47066,138919,tt2170439,227159,https://trakt.tv/movies/horrible-bosses-2-2014,2014-11-26,108,comedy
2023-06-30T15:14:40Z,movie,Hostage,2005,6.7208,1387,tt0340163,2026,https://trakt.tv/movies/hostage-2005,2005-03-11,113,"thriller,crime,action"
2023-06-30T15:14:05Z,movie,Hot Fuzz,2007,7.90013,2724,tt0425112,4638,https://trakt.tv/movies/hot-fuzz-2007,2007-02-14,121,"action,comedy,crime"
2023-08-15T20:33:31Z,movie,Hot Seat,2022,5.63201,712167,tt15690300,888195,https://trakt.tv/movies/hot-seat-2022,2022-07-01,99,"thriller,action"
2023-08-14T17:51:12Z,movie,Hot Take: The Depp/Heard Trial,2022,3.17647,824039,tt22058192,1024836,https://trakt.tv/movies/hot-take-the-depp-heard-trial-2022,2022-09-30,84,"drama,crime,thriller,history"
2023-06-30T20:15:01Z,movie,Hotel Artemis,2018,6.64024,250809,tt5834262,406761,https://trakt.tv/movies/hotel-artemis-2018,2018-07-20,94,"thriller,science-fiction,action,crime,drama"
2025-06-11T05:06:51Z,movie,Hotel Mumbai,2019,7.73575,260951,tt5461944,416144,https://trakt.tv/movies/hotel-mumbai-2019,2019-03-22,123,"drama,history,action,thriller"
2023-07-07T12:55:37Z,movie,Hotel Rwanda,2004,7.99357,167,tt0395169,205,https://trakt.tv/movies/hotel-rwanda-2004,2011-02-01,121,"drama,history,war"
2023-05-12T15:27:18Z,movie,How to Train Your Dragon,2010,8.20346,5405,tt0892769,10191,https://trakt.tv/movies/how-to-train-your-dragon-2010,2010-03-26,98,"adventure,animation,fantasy,family"
2025-06-15T21:34:51Z,movie,How to Train Your Dragon,2025,7.96757,873974,tt26743210,1087192,https://trakt.tv/movies/how-to-train-your-dragon-2025,2025-06-13,125,"fantasy,family,action,adventure"
2023-05-12T15:28:58Z,movie,How to Train Your Dragon 2,2014,7.91568,61873,tt1646971,82702,https://trakt.tv/movies/how-to-train-your-dragon-2-2014,2014-06-13,102,"action,adventure,animation,comedy,fantasy,family"
2023-05-25T12:54:49Z,movie,How to Train Your Dragon: Homecoming,2019,7.83211,477276,tt11112140,638507,https://trakt.tv/movies/how-to-train-your-dragon-homecoming-2019,2019-12-03,22,"animation,fantasy,adventure,action,family"
2023-06-24T01:00:10Z,movie,How to Train Your Dragon: Snoggletog Log,2019,5.70492,489126,tt11409576,654571,https://trakt.tv/movies/how-to-train-your-dragon-snoggletog-log-2019,2019-12-05,28,"animation,family"
2023-05-12T15:29:40Z,movie,How to Train Your Dragon: The Hidden World,2019,7.89187,106668,tt2386490,166428,https://trakt.tv/movies/how-to-train-your-dragon-the-hidden-world-2019,2019-02-22,104,"adventure,animation,family"
2023-05-09T12:07:29Z,movie,Hulk,2003,5.84837,1301,tt0286716,1927,https://trakt.tv/movies/hulk-2003,2003-06-20,138,"action,science-fiction,superhero,adventure"
2023-08-15T23:28:40Z,movie,Human Capital,2020,6.01474,421013,tt9185066,569711,https://trakt.tv/movies/human-capital-2020,2020-03-20,95,"drama,crime"
2023-08-10T01:16:49Z,movie,Hummingbird,2013,6.55151,91866,tt1893256,136418,https://trakt.tv/movies/hummingbird-2013,2013-06-28,100,"action,thriller"
2023-05-25T12:55:42Z,movie,Hunter Killer,2018,7.26292,292679,tt1846589,399402,https://trakt.tv/movies/hunter-killer-2018,2018-10-26,121,"action,thriller,adventure"
2024-11-10T16:14:36Z,movie,"Husband, Father, Killer: The Alyssa Pladl Story",2024,6.04545,1121748,tt33353846,1373873,https://trakt.tv/movies/husband-father-killer-the-alyssa-pladl-story-2024,2024-10-19,85,drama
2023-06-04T19:31:29Z,movie,Hypnotic,2023,6.30087,387856,tt8080204,536437,https://trakt.tv/movies/hypnotic-2023,2023-05-12,93,"thriller,mystery,science-fiction,action,drama"
2024-04-14T07:08:10Z,movie,I Am Jane Doe,2017,6.78205,276374,tt6398054,430448,https://trakt.tv/movies/i-am-jane-doe-2017,2017-02-10,91,"crime,documentary"
2022-07-03T22:02:50Z,movie,I Am Legend,2007,7.43544,3642,tt0480249,6479,https://trakt.tv/movies/i-am-legend-2007,2007-12-14,101,"drama,science-fiction,thriller"
2023-03-30T00:01:52Z,movie,I Am Number Four,2011,6.39369,31930,tt1464540,46529,https://trakt.tv/movies/i-am-number-four-2011,2011-02-18,109,"action,adventure,science-fiction,thriller"
2023-07-01T00:06:03Z,movie,I Am Sam,2001,7.64512,6098,tt0277027,10950,https://trakt.tv/movies/i-am-sam-2001,2001-12-28,132,drama
2022-06-01T14:02:29Z,movie,I Am Wrath,2016,6.82096,213275,tt3212232,332411,https://trakt.tv/movies/i-am-wrath-2016,2016-04-15,92,"action,thriller,drama,crime"
2023-05-10T18:51:01Z,movie,I Now Pronounce You Chuck & Larry,2007,6.18127,2276,tt0762107,3563,https://trakt.tv/movies/i-now-pronounce-you-chuck-larry-2007,2007-07-19,115,"comedy,romance"
2023-05-21T03:13:49Z,movie,I Spy,2002,6.05526,4191,tt0297181,8427,https://trakt.tv/movies/i-spy-2002,2002-10-31,97,"action,adventure,comedy,thriller"
2023-06-12T18:11:09Z,movie,I Think I Love My Wife,2007,5.73669,8679,tt0770772,14434,https://trakt.tv/movies/i-think-i-love-my-wife-2007,2007-03-07,94,"comedy,romance"
2023-09-28T21:21:53Z,movie,"I, Frankenstein",2014,5.70432,72179,tt1418377,100241,https://trakt.tv/movies/i-frankenstein-2014,2014-03-20,92,"horror,thriller"
2022-06-30T23:30:47Z,movie,"I, Robot",2004,7.2777,1406,tt0343818,2048,https://trakt.tv/movies/i-robot-2004,2004-07-16,115,"action,science-fiction"
2023-06-25T08:35:11Z,movie,Identity Thief,2013,6.32525,77338,tt2024432,109431,https://trakt.tv/movies/identity-thief-2013,2013-02-09,111,"comedy,crime"
2025-01-12T18:08:32Z,movie,Illegal,1955,6.65116,33003,tt0048199,47739,https://trakt.tv/movies/illegal-1955,1955-10-09,88,"crime,drama"
2024-04-07T19:09:49Z,movie,Imaginary,2024,5.84176,905597,tt26658104,1125311,https://trakt.tv/movies/imaginary-2024,2024-03-08,104,"horror,mystery"
2023-05-21T05:08:22Z,movie,Imagine That,2009,6.21848,12132,tt0780567,19724,https://trakt.tv/movies/imagine-that-2009,2009-06-19,107,"comedy,family,drama"
2023-07-05T18:52:38Z,movie,Imani,2023,6.44048,856367,tt21967864,1064750,https://trakt.tv/movies/imani-2023,2023-01-06,117,action
2023-08-14T15:47:31Z,movie,Immortal,2004,6.01789,3142,tt0314063,5552,https://trakt.tv/movies/immortal-2004,2004-03-24,103,"action,drama,science-fiction"
2022-07-03T08:12:51Z,movie,Immortals,2011,6.33114,24422,tt1253864,37958,https://trakt.tv/movies/immortals-2011,2011-11-11,110,"action,drama,fantasy"
2025-05-31T11:34:42Z,movie,Implosion: The Titanic Sub Disaster,2025,6.84328,1214983,tt37017342,1482059,https://trakt.tv/movies/implosion-the-titanic-sub-disaster-2025,2025-05-27,60,documentary
2023-09-24T19:07:03Z,movie,In Search of Tomorrow,2022,7.31148,460390,tt11341742,617031,https://trakt.tv/movies/in-search-of-tomorrow-2022,2022-02-19,301,"documentary,science-fiction"
2023-12-05T20:03:15Z,movie,In the Land of Saints and Sinners,2023,6.712,825782,tt15782690,1027073,https://trakt.tv/movies/in-the-land-of-saints-and-sinners-2023,2024-04-26,106,"action,thriller"
2023-08-08T19:07:37Z,movie,In the Line of Fire,1993,7.27658,4675,tt0107206,9386,https://trakt.tv/movies/in-the-line-of-fire-1993,1993-07-08,128,"action,crime,drama,mystery,thriller"
2023-08-10T01:19:37Z,movie,In the Name of the King: A Dungeon Siege Tale,2007,4.96568,1631,tt0460780,2312,https://trakt.tv/movies/in-the-name-of-the-king-a-dungeon-siege-tale-2007,2007-11-29,127,"action,adventure,drama,fantasy"
2023-05-12T16:16:07Z,movie,In Time,2011,7.13514,34516,tt1637688,49530,https://trakt.tv/movies/in-time-2011,2011-10-28,109,"action,science-fiction,thriller"
2022-06-01T10:16:02Z,movie,Inception,2010,8.62419,16662,tt1375666,27205,https://trakt.tv/movies/inception-2010,2010-07-16,148,"action,adventure,science-fiction"
2023-05-10T01:24:49Z,movie,Indecent Proposal,1993,6.39867,2626,tt0107211,4478,https://trakt.tv/movies/indecent-proposal-1993,1993-04-07,117,"drama,romance"
2022-07-09T18:24:01Z,movie,Independence Day,1996,7.45678,480,tt0116629,602,https://trakt.tv/movies/independence-day-1996,1996-06-25,145,"action,adventure,science-fiction"
2022-07-04T16:31:00Z,movie,Independence Day: Resurgence,2016,6.38173,33179,tt1628841,47933,https://trakt.tv/movies/independence-day-resurgence-2016,2016-06-24,120,"action,science-fiction,adventure"
2023-09-13T02:38:21Z,movie,Indiana Jones and the Dial of Destiny,2023,6.72862,216712,tt1462764,335977,https://trakt.tv/movies/indiana-jones-and-the-dial-of-destiny-2023,2023-06-30,155,"action,adventure"
2023-05-08T20:40:52Z,movie,Indiana Jones and the Kingdom of the Crystal Skull,2008,6.34595,176,tt0367882,217,https://trakt.tv/movies/indiana-jones-and-the-kingdom-of-the-crystal-skull-2008,2008-05-22,122,"action,adventure"
2023-05-08T20:39:23Z,movie,Indiana Jones and the Last Crusade,1989,8.22035,58,tt0097576,89,https://trakt.tv/movies/indiana-jones-and-the-last-crusade-1989,1989-05-24,127,"action,adventure"
2023-05-08T20:46:16Z,movie,Indiana Jones and the Temple of Doom,1984,7.69997,56,tt0087469,87,https://trakt.tv/movies/indiana-jones-and-the-temple-of-doom-1984,1984-05-23,118,"action,adventure"
2022-06-01T14:02:40Z,movie,Inferno,2016,6.85058,129013,tt3062096,207932,https://trakt.tv/movies/inferno-2016,2016-10-28,121,"thriller,mystery,action"
2023-05-05T12:52:47Z,movie,Infinite,2021,6.43635,430545,tt6654210,581726,https://trakt.tv/movies/infinite-2021,2021-06-10,106,"science-fiction,action,adventure"
2020-06-15T22:25:43Z,movie,Inglourious Basterds,2009,8.29912,10322,tt0361748,16869,https://trakt.tv/movies/inglourious-basterds-2009,2009-08-21,153,"drama,thriller,war"
2022-07-03T06:48:35Z,movie,Inside Man,2006,7.67142,308,tt0454848,388,https://trakt.tv/movies/inside-man-2006,2006-03-24,129,"crime,drama,thriller"
2023-09-24T19:07:02Z,movie,Inside Man,2023,6.30976,833319,tt18071320,1020662,https://trakt.tv/movies/inside-man-2023,2023-08-11,87,"thriller,crime,drama"
2023-06-29T10:50:37Z,movie,Inside Man: Most Wanted,2019,6.61059,462137,tt7832848,619278,https://trakt.tv/movies/inside-man-most-wanted-2019,2019-09-24,105,"action,thriller,crime"
2023-08-15T21:47:19Z,movie,Instant Family,2018,7.72304,338466,tt7401588,491418,https://trakt.tv/movies/instant-family-2018,2018-11-16,118,"comedy,drama"
2023-05-26T20:42:22Z,movie,Instinct,1999,6.95595,7035,tt0128278,12117,https://trakt.tv/movies/instinct-1999,1999-06-04,124,"thriller,drama"
2022-07-02T07:23:39Z,movie,Insurgent,2015,6.65806,161414,tt2908446,262500,https://trakt.tv/movies/insurgent-2015,2015-03-20,119,"science-fiction,thriller,action"
2022-07-03T09:38:59Z,movie,Interceptor,2022,5.90977,663874,tt14174940,831946,https://trakt.tv/movies/interceptor-2022,2022-05-26,98,"action,thriller,adventure"
2023-08-15T20:21:17Z,movie,Internal Affairs,1990,6.76937,6197,tt0099850,11060,https://trakt.tv/movies/internal-affairs-1990,1990-01-12,115,"crime,drama"
2023-01-02T03:34:11Z,movie,Interstellar,2014,8.63288,102156,tt0816692,157336,https://trakt.tv/movies/interstellar-2014,2014-11-05,169,"science-fiction,drama,adventure"
2023-05-08T01:44:04Z,movie,Interview with the Vampire,1994,7.63543,504,tt0110148,628,https://trakt.tv/movies/interview-with-the-vampire-1994,1994-11-11,123,"horror,drama,fantasy"
2023-07-02T16:20:51Z,movie,Into the Ashes,2019,6.16284,453400,tt3138122,609189,https://trakt.tv/movies/into-the-ashes-2019,2019-07-19,97,"crime,thriller,drama,mystery"
2023-05-10T19:53:40Z,movie,Into the Woods,2014,6.19238,137480,tt2180411,224141,https://trakt.tv/movies/into-the-woods-2014,2014-12-25,125,"fantasy,comedy,musical"
2023-08-15T22:02:55Z,movie,Intolerable Cruelty,2003,6.35274,6805,tt0138524,11775,https://trakt.tv/movies/intolerable-cruelty-2003,2003-10-10,100,"comedy,romance,crime"
2025-06-16T04:33:31Z,movie,Invictus,2009,7.39996,13930,tt1057500,22954,https://trakt.tv/movies/invictus-2009,2009-12-11,134,"drama,history"
2025-03-16T17:05:45Z,movie,Invitation to a Murder,2023,5.85988,795539,tt11773810,989473,https://trakt.tv/movies/invitation-to-a-murder-2023,2023-04-25,93,"mystery,thriller"
2023-09-29T02:00:46Z,movie,Ip Man,2008,8.10357,8923,tt1220719,14756,https://trakt.tv/movies/ip-man-2008,2008-12-12,106,"action,drama,history"
2023-09-29T02:00:44Z,movie,Ip Man 2,2010,7.71834,23997,tt1386932,37472,https://trakt.tv/movies/ip-man-2-2010,2010-04-29,108,"action,drama,history"
2023-09-29T02:00:41Z,movie,Ip Man 3,2015,7.4126,223804,tt2888046,365222,https://trakt.tv/movies/ip-man-3-2015,2016-03-04,105,"action,drama,history"
2023-09-29T02:00:44Z,movie,Ip Man 4: The Finale,2019,7.49421,296663,tt2076298,449924,https://trakt.tv/movies/ip-man-4-the-finale-2019,2019-12-20,105,"action,drama,history"
2023-09-29T02:00:42Z,movie,Ip Man and Four Kings,2019,6.2963,486289,tt11199464,643413,https://trakt.tv/movies/ip-man-and-four-kings-2019,2019-10-26,77,"action,drama"
2023-09-29T02:00:44Z,movie,Ip Man: Kung Fu Master,2019,5.74359,492353,tt12567246,658009,https://trakt.tv/movies/ip-man-kung-fu-master-2019,2019-12-23,82,"action,drama"
2023-09-29T02:00:44Z,movie,Ip Man: The Final Fight,2013,6.74561,114502,tt2495118,182127,https://trakt.tv/movies/ip-man-the-final-fight-2013,2013-03-28,100,"action,drama"
2022-05-31T12:15:46Z,movie,Iron Man,2008,8.08044,1157,tt0371746,1726,https://trakt.tv/movies/iron-man-2008,2008-05-02,126,"action,adventure,science-fiction,superhero"
2023-05-10T23:16:50Z,movie,Iron Man 2,2010,7.29235,5355,tt1228705,10138,https://trakt.tv/movies/iron-man-2-2010,2010-05-07,124,"action,adventure,science-fiction,superhero"
2023-05-10T23:17:10Z,movie,Iron Man 3,2013,7.31949,50134,tt1300854,68721,https://trakt.tv/movies/iron-man-3-2013,2013-05-03,130,"action,adventure,science-fiction,superhero"
2023-07-06T14:22:23Z,movie,Iron Mask,2019,6.06189,272270,tt6218010,428045,https://trakt.tv/movies/iron-mask-2019,2019-09-19,121,"adventure,fantasy,action,family"
2023-05-10T17:54:36Z,movie,J. Edgar,2011,6.50525,66426,tt1616195,88794,https://trakt.tv/movies/j-edgar-2011,2011-11-09,137,"crime,drama,history"
2022-05-31T12:15:19Z,movie,Jack Reacher,2012,7.27538,55894,tt0790724,75780,https://trakt.tv/movies/jack-reacher-2012,2012-12-21,130,"crime,drama,thriller,action"
2022-05-31T12:15:23Z,movie,Jack Reacher: Never Go Back,2016,7.01991,222913,tt3393786,343611,https://trakt.tv/movies/jack-reacher-never-go-back-2016,2016-10-21,118,"action,thriller,drama,crime"
2022-07-03T23:29:21Z,movie,Jack Ryan: Shadow Recruit,2014,6.79765,92215,tt1205537,137094,https://trakt.tv/movies/jack-ryan-shadow-recruit-2014,2014-01-17,105,"action,drama,thriller"
2023-12-26T08:05:29Z,movie,Jackie,2016,6.70531,225634,tt1619029,376866,https://trakt.tv/movies/jackie-2016,2016-12-02,100,drama
2023-05-10T23:34:40Z,movie,Jackie Brown,1997,7.54881,148,tt0119396,184,https://trakt.tv/movies/jackie-brown-1997,1997-12-25,154,"crime,drama,thriller"
2024-11-25T20:06:58Z,movie,Jake Paul vs. Mike Tyson,2024,4.57221,1018869,tt31630905,1256599,https://trakt.tv/movies/jake-paul-vs-mike-tyson-2024,2024-11-15,283,action
2023-11-17T08:03:37Z,movie,James Dean,2001,7.1982,1484,tt0240628,2141,https://trakt.tv/movies/james-dean-2001,2001-08-04,90,drama
2023-09-24T19:07:05Z,movie,Jarhead,2005,7.03881,20,tt0418763,25,https://trakt.tv/movies/jarhead-2005,2005-11-04,123,"drama,war"
2018-01-01T14:03:47Z,movie,Jason Bourne,2016,7.25881,205219,tt4196776,324668,https://trakt.tv/movies/jason-bourne-2016,2016-07-29,123,"action,thriller,adventure"
2023-08-19T19:27:56Z,movie,Jekyll and Hyde,2021,5.47761,718231,tt15321376,894844,https://trakt.tv/movies/jekyll-and-hyde-2021,2021-12-27,85,horror
2023-05-25T13:09:49Z,movie,Jerry Maguire,1996,7.34722,4679,tt0116695,9390,https://trakt.tv/movies/jerry-maguire-1996,1996-12-13,139,"comedy,drama,romance"
2023-05-10T20:21:00Z,movie,JFK,1991,7.75098,663,tt0102138,820,https://trakt.tv/movies/jfk-1991,1991-12-20,189,"drama,history,thriller"
2023-09-29T02:00:43Z,movie,Jim & Andy: The Great Beyond,2017,7.40172,316275,tt7214762,469019,https://trakt.tv/movies/jim-andy-the-great-beyond-2017,2017-09-11,93,"documentary,comedy,drama"
2023-08-07T21:17:57Z,movie,Jiu Jitsu,2020,4.2295,437419,tt9624766,590706,https://trakt.tv/movies/jiu-jitsu-2020,2020-11-20,102,"action,fantasy,science-fiction"
2023-05-25T13:11:28Z,movie,Jobs,2013,6.47449,80843,tt2357129,115782,https://trakt.tv/movies/jobs-2013,2013-08-16,129,"drama,history"
2023-08-07T22:23:39Z,movie,Joe,2014,6.71132,102443,tt2382396,157847,https://trakt.tv/movies/joe-2014,2013-05-16,118,drama
2023-05-10T01:25:33Z,movie,John Carter,2012,6.83798,34515,tt0401729,49529,https://trakt.tv/movies/john-carter-2012,2012-03-09,132,"action,adventure,science-fiction"
2023-05-10T20:09:42Z,movie,John Q,2002,7.41456,4222,tt0251160,8470,https://trakt.tv/movies/john-q-2002,2002-02-15,116,"crime,drama,thriller"
2018-02-04T22:20:15Z,movie,John Wick,2014,7.94955,149640,tt2911666,245891,https://trakt.tv/movies/john-wick-2014,2014-10-24,101,"action,thriller"
2018-03-27T12:00:39Z,movie,John Wick: Chapter 2,2017,7.71252,205127,tt4425200,324552,https://trakt.tv/movies/john-wick-chapter-2-2017,2017-02-10,122,"action,thriller,crime"
2022-05-31T11:47:22Z,movie,John Wick: Chapter 3 - Parabellum,2019,7.66492,304278,tt6146586,458156,https://trakt.tv/movies/john-wick-chapter-3-parabellum-2019,2019-05-17,131,"crime,thriller,action"
2023-03-30T00:01:55Z,movie,John Wick: Chapter 4,2023,7.65836,448646,tt10366206,603692,https://trakt.tv/movies/john-wick-chapter-4-2023,2023-03-24,170,"action,crime,thriller"
2023-09-24T19:07:06Z,movie,Johnny Mnemonic,1995,6.38028,5123,tt0113481,9886,https://trakt.tv/movies/johnny-mnemonic-1995,1995-05-26,97,"action,adventure,science-fiction"
2022-06-30T23:23:46Z,movie,Joker,2019,8.08772,322988,tt7286456,475557,https://trakt.tv/movies/joker-2019,2019-10-04,122,"crime,thriller,drama"
2024-10-06T07:01:18Z,movie,Joker: Folie à Deux,2024,5.26265,713866,tt11315808,889737,https://trakt.tv/movies/joker-folie-a-deux-2024,2024-10-04,138,"drama,crime,thriller,musical"
2022-07-03T20:48:28Z,movie,Jolt,2021,6.33956,525511,tt10228134,617502,https://trakt.tv/movies/jolt-2021,2021-07-23,91,"action,thriller,crime"
2023-06-30T21:10:09Z,movie,Jonah Hex,2010,5.58012,12608,tt1075747,20533,https://trakt.tv/movies/jonah-hex-2010,2010-06-18,82,"action,drama,fantasy,thriller,western"
2023-05-25T13:16:18Z,movie,Journey 2: The Mysterious Island,2012,6.48198,53284,tt1397514,72545,https://trakt.tv/movies/journey-2-the-mysterious-island-2012,2012-02-10,94,"action,adventure,science-fiction"
2023-05-25T13:13:55Z,movie,Journey to the Center of the Earth,2008,6.39574,66406,tt0373051,88751,https://trakt.tv/movies/journey-to-the-center-of-the-earth-2008-07-11,2008-07-11,93,"action,adventure,comedy,science-fiction,family"
2023-07-05T19:12:47Z,movie,Judas and the Black Messiah,2021,7.53698,431527,tt9784798,583406,https://trakt.tv/movies/judas-and-the-black-messiah-2021,2021-02-12,126,"drama,history"
2023-05-25T13:12:02Z,movie,Jumanji,1995,7.55236,4335,tt0113497,8844,https://trakt.tv/movies/jumanji-1995,1995-12-15,104,"adventure,fantasy,family"
2023-01-16T17:16:50Z,movie,Jumanji: The Next Level,2019,7.02106,360095,tt7975244,512200,https://trakt.tv/movies/jumanji-the-next-level-2019,2019-12-13,123,"adventure,comedy,fantasy"
2022-06-01T14:04:34Z,movie,Jumanji: Welcome to the Jungle,2017,7.26809,222254,tt2283362,353486,https://trakt.tv/movies/jumanji-welcome-to-the-jungle-2017,2017-12-20,119,"adventure,comedy,fantasy,action,family"
2022-07-03T20:48:37Z,movie,Jumper,2008,6.53339,4088,tt0489099,8247,https://trakt.tv/movies/jumper-2008,2008-02-14,88,"adventure,science-fiction,action"
2023-05-05T11:59:04Z,movie,Jungle Cruise,2021,6.95556,297576,tt0870154,451048,https://trakt.tv/movies/jungle-cruise-2021,2021-07-30,127,"adventure,fantasy"
2023-05-25T13:17:13Z,movie,Jupiter Ascending,2015,5.98075,56709,tt1617661,76757,https://trakt.tv/movies/jupiter-ascending-2015,2015-02-27,127,"action,fantasy,science-fiction"
2023-06-30T21:11:11Z,movie,Jurassic City,2015,4.56757,195099,tt2905674,315024,https://trakt.tv/movies/jurassic-city-2015,2015-02-03,88,"action,science-fiction,horror"
2023-06-30T21:12:24Z,movie,Jurassic Hunt,2021,4.37671,677836,tt14442328,848278,https://trakt.tv/movies/jurassic-hunt-2021,2021-08-24,83,"action,science-fiction,thriller,horror"
2023-06-30T21:13:02Z,movie,Jurassic Island,2022,4.14286,760215,tt10270416,946253,https://trakt.tv/movies/jurassic-island-2022,2022-04-05,77,"action,science-fiction,adventure,horror"
2023-05-05T15:28:00Z,movie,Jurassic Park,1993,8.26215,276,tt0107290,329,https://trakt.tv/movies/jurassic-park-1993,1993-06-11,127,"adventure,science-fiction"
2023-05-05T15:32:55Z,movie,Jurassic Park III,2001,6.48999,278,tt0163025,331,https://trakt.tv/movies/jurassic-park-iii-2001,2001-07-18,92,"action,adventure,science-fiction,thriller"
2024-04-14T07:08:19Z,movie,Jurassic Triangle,2024,3,830429,tt21844572,1032448,https://trakt.tv/movies/jurassic-triangle-2024,2024-02-13,84,"horror,action,science-fiction"
2022-07-12T10:59:27Z,movie,Jurassic World,2015,7.14784,91374,tt0369610,135397,https://trakt.tv/movies/jurassic-world-2015,2015-06-12,124,"action,adventure,science-fiction,thriller"
2022-07-12T10:59:35Z,movie,Jurassic World Dominion,2022,6.24412,354191,tt8041270,507086,https://trakt.tv/movies/jurassic-world-dominion-2022,2022-06-10,147,"adventure,action,science-fiction"
2025-07-03T05:11:13Z,movie,Jurassic World Rebirth,2025,6.32496,998800,tt31036941,1234821,https://trakt.tv/movies/jurassic-world-rebirth-2025,2025-07-02,134,"science-fiction,adventure,action"
2022-07-12T10:59:33Z,movie,Jurassic World: Fallen Kingdom,2018,6.76458,222216,tt4881806,351286,https://trakt.tv/movies/jurassic-world-fallen-kingdom-2018,2018-06-22,129,"action,adventure,science-fiction,thriller"
2023-05-12T16:48:14Z,movie,Just Before I Go,2015,6.63915,157711,tt2980472,258099,https://trakt.tv/movies/just-before-i-go-2015,2015-04-24,95,"comedy,drama,romance"
2022-06-01T14:04:51Z,movie,Just Friends,2005,6.5358,5258,tt0433400,10033,https://trakt.tv/movies/just-friends-2005,2005-11-23,94,"comedy,romance,holiday"
2023-05-08T21:08:28Z,movie,Just Go with It,2011,6.82355,35355,tt1564367,50546,https://trakt.tv/movies/just-go-with-it-2011,2011-02-11,117,"comedy,romance"
2025-03-18T17:05:16Z,movie,Just Mercy,2019,7.96288,370437,tt4916630,522212,https://trakt.tv/movies/just-mercy-2019,2019-12-25,137,"drama,crime,history"
2018-06-07T03:48:03Z,movie,Justice League,2017,6.56905,94232,tt0974015,141052,https://trakt.tv/movies/justice-league-2017,2017-11-17,120,"action,adventure,science-fiction,superhero"
2023-06-19T08:05:26Z,movie,Kandahar,2023,6.6788,560704,tt5761544,717930,https://trakt.tv/movies/kandahar-2023,2023-05-26,119,"action,thriller,war"
2023-12-13T20:09:20Z,movie,Kane,2023,5.40278,959674,tt14852614,1190150,https://trakt.tv/movies/kane-2023,2024-02-14,90,"thriller,crime,drama"
2022-07-02T22:12:05Z,movie,Kate,2021,6.68736,443935,tt7737528,597891,https://trakt.tv/movies/kate-2021,2021-09-10,106,"action,thriller"
2023-08-15T23:42:21Z,movie,Kate & Leopold,2001,6.71544,6358,tt0035423,11232,https://trakt.tv/movies/kate-leopold-2001,2001-12-25,118,"comedy,fantasy,romance"
2023-05-25T13:23:27Z,movie,Keeping Up with the Joneses,2016,6.97527,212198,tt2387499,331313,https://trakt.tv/movies/keeping-up-with-the-joneses-2016,2016-10-21,105,"comedy,action"
2023-07-10T16:22:25Z,movie,Kevin Hart: I'm a Grown Little Man,2009,7.67103,17244,tt1420554,27866,https://trakt.tv/movies/kevin-hart-i-m-a-grown-little-man-2009,2009-02-03,72,comedy
2023-07-10T16:21:48Z,movie,Kevin Hart: Irresponsible,2019,6.97766,438656,tt10009796,592136,https://trakt.tv/movies/kevin-hart-irresponsible-2019,2019-04-02,60,"comedy,documentary"
2025-06-22T04:33:46Z,movie,Kevin Hart: Laugh at My Pain,2011,7.46515,54861,tt1999192,74510,https://trakt.tv/movies/kevin-hart-laugh-at-my-pain-2011,2011-09-09,89,comedy
2023-07-10T16:22:32Z,movie,Kevin Hart: Let Me Explain,2013,7.26027,114139,tt2609912,181330,https://trakt.tv/movies/kevin-hart-let-me-explain-2013,2013-07-03,74,"comedy,documentary"
2023-07-11T07:05:18Z,movie,Kevin Hart: Reality Check,2023,7.34459,920931,tt28227488,1143747,https://trakt.tv/movies/kevin-hart-reality-check-2023,2023-07-06,59,comedy
2023-07-10T16:22:02Z,movie,Kevin Hart: Seriously Funny,2010,7.58101,28092,tt1714196,42189,https://trakt.tv/movies/kevin-hart-seriously-funny-2010,2010-07-20,72,"comedy,documentary"
2023-07-11T07:05:17Z,movie,Kevin Hart: What Now?,2016,7.22076,220384,tt4669186,339927,https://trakt.tv/movies/kevin-hart-what-now-2016,2016-10-14,96,"comedy,documentary"
2025-06-22T04:33:42Z,movie,Kevin Hart: Zero F**ks Given,2020,6.51673,601136,tt13433082,762511,https://trakt.tv/movies/kevin-hart-zero-f-ks-given-2020,2020-11-17,69,"comedy,documentary"
2023-07-11T07:05:12Z,movie,Kevin Hart's Guide to Black History,2019,6.17436,429557,tt6373518,580001,https://trakt.tv/movies/kevin-hart-s-guide-to-black-history-2019,2019-02-08,63,comedy
2023-05-12T16:30:09Z,movie,Kick-Ass,2010,7.55444,14160,tt1250777,23483,https://trakt.tv/movies/kick-ass-2010,2010-04-16,118,"action,crime,superhero"
2023-05-12T16:30:06Z,movie,Kick-Ass 2,2013,6.77938,42809,tt1650554,59859,https://trakt.tv/movies/kick-ass-2-2013,2014-02-22,103,"action,adventure,crime,superhero"
2022-05-31T12:34:42Z,movie,Kill Bill: The Whole Bloody Affair,2025,8.32514,259317,tt6019206,414419,https://trakt.tv/movies/kill-bill-the-whole-bloody-affair-2025,2025-12-05,247,"crime,action,thriller"
2022-05-31T12:34:40Z,movie,Kill Bill: Vol. 1,2003,8.12329,19,tt0266697,24,https://trakt.tv/movies/kill-bill-vol-1-2003,2003-10-10,111,"action,crime"
2022-05-31T12:34:42Z,movie,Kill Bill: Vol. 2,2004,8.01919,313,tt0378194,393,https://trakt.tv/movies/kill-bill-vol-2-2004,2004-04-16,136,"action,crime,thriller"
2023-08-07T21:13:32Z,movie,Kill Chain,2020,6.02074,383315,tt8535180,531299,https://trakt.tv/movies/kill-chain-2020,2019-10-18,92,"thriller,action,adventure"
2025-06-04T20:59:00Z,movie,Kill List,2011,6.49121,55048,tt1788391,74725,https://trakt.tv/movies/kill-list-2011,2011-09-02,95,"crime,horror,thriller"
2023-08-07T17:12:39Z,movie,Kill Me Three Times,2015,6.10243,145186,tt2393845,237756,https://trakt.tv/movies/kill-me-three-times-2015,2015-09-01,90,"thriller,comedy,mystery"
2023-08-07T20:38:25Z,movie,Kill the Irishman,2011,7.241,35906,tt1416801,51209,https://trakt.tv/movies/kill-the-irishman-2011,2011-03-11,106,"action,crime,drama,thriller"
2023-05-25T13:25:56Z,movie,Kill the Messenger,2014,6.96002,149650,tt1216491,245916,https://trakt.tv/movies/kill-the-messenger-2014,2014-10-10,112,"crime,drama,mystery,thriller,history"
2022-07-03T20:48:48Z,movie,Killer Elite,2011,6.68184,34070,tt1448755,49021,https://trakt.tv/movies/killer-elite-2011,2011-11-01,116,"action,adventure,thriller"
2024-09-27T19:10:26Z,movie,Killer Heat,2024,6.1869,891919,tt27419292,1108566,https://trakt.tv/movies/killer-heat-2024,2024-09-26,97,"crime,romance,drama"
2025-07-25T19:06:57Z,movie,Killer Joe,2012,6.63886,54066,tt1726669,73567,https://trakt.tv/movies/killer-joe-2012,2012-07-27,102,"crime,thriller,drama"
2022-07-02T20:14:17Z,movie,Killers,2010,6.31894,24298,tt1103153,37821,https://trakt.tv/movies/killers-2010,2010-06-04,100,"action,comedy,thriller,romance"
2023-06-06T02:21:45Z,movie,Killers Anonymous,2019,5.09142,387135,tt8400758,535265,https://trakt.tv/movies/killers-anonymous-2019,2019-06-28,95,"action,thriller,crime,mystery"
2024-01-28T20:09:23Z,movie,Killers of the Flower Moon,2023,7.39149,313884,tt5537002,466420,https://trakt.tv/movies/killers-of-the-flower-moon-2023,2023-10-20,206,"crime,drama,history"
2023-08-07T09:47:35Z,movie,Killing Gunther,2017,5.75326,258033,tt5689068,412547,https://trakt.tv/movies/killing-gunther-2017,2017-09-22,93,"action,comedy"
2023-05-15T14:39:02Z,movie,Killing Season,2013,6.05205,57429,tt1480295,77663,https://trakt.tv/movies/killing-season-2013,2013-07-12,91,"action,thriller"
2022-07-03T23:45:00Z,movie,Killing Them Softly,2012,6.26568,46735,tt1764234,64689,https://trakt.tv/movies/killing-them-softly-2012,2012-11-30,97,"crime,thriller"
2023-06-30T21:16:43Z,movie,Killshot,2008,5.93584,9918,tt0443559,16164,https://trakt.tv/movies/killshot-2008,2009-01-23,95,"crime,drama,thriller"
2023-05-25T13:28:31Z,movie,Kimi,2022,6.41734,635706,tt14128670,800510,https://trakt.tv/movies/kimi-2022,2022-02-10,89,"thriller,crime,mystery"
2024-08-31T19:02:36Z,movie,Kinds of Kindness,2024,6.33055,828470,tt22408160,1029955,https://trakt.tv/movies/kinds-of-kindness-2024,2024-06-21,164,"drama,comedy"
2022-06-01T10:16:28Z,movie,King Arthur,2004,6.6382,4763,tt0349683,9477,https://trakt.tv/movies/king-arthur-2004,2004-07-07,126,"adventure,history,war,action,drama"
2023-05-22T15:55:50Z,movie,King Arthur: Legend of the Sword,2017,7.1714,172687,tt1972591,274857,https://trakt.tv/movies/king-arthur-legend-of-the-sword-2017,2017-05-12,126,"fantasy,drama,action"
2023-05-10T01:25:54Z,movie,King Kong,2005,7.01756,212,tt0360717,254,https://trakt.tv/movies/king-kong-2005,2005-12-14,188,"action,adventure,drama"
2023-05-25T13:31:41Z,movie,King of Thieves,2018,6.31982,368588,tt5789976,520360,https://trakt.tv/movies/king-of-thieves-2018,2018-09-04,108,"crime,drama"
2023-05-25T13:29:46Z,movie,King Richard,2021,7.69308,458405,tt9620288,614917,https://trakt.tv/movies/king-richard-2021,2021-11-19,144,"drama,history"
2023-05-22T20:45:02Z,movie,Kingdom of Heaven,2005,7.37626,989,tt0320661,1495,https://trakt.tv/movies/kingdom-of-heaven-2005,2005-05-06,144,"action,adventure,drama,history,war"
2024-07-23T19:09:33Z,movie,Kingdom of the Planet of the Apes,2024,7.07326,488280,tt11389872,653346,https://trakt.tv/movies/kingdom-of-the-planet-of-the-apes-2024,2024-05-10,145,"action,science-fiction,adventure,drama,thriller"
2022-05-31T12:41:51Z,movie,Kingsman: The Golden Circle,2017,7.13382,223444,tt4649466,343668,https://trakt.tv/movies/kingsman-the-golden-circle-2017,2017-09-20,141,"action,adventure,comedy,crime"
2020-04-25T23:58:15Z,movie,Kingsman: The Secret Service,2015,7.848,128888,tt2802144,207703,https://trakt.tv/movies/kingsman-the-secret-service-2015,2015-01-24,129,"action,adventure,comedy,crime"
2023-05-11T00:48:57Z,movie,Kiss Kiss Bang Bang,2005,7.56486,3039,tt0373469,5236,https://trakt.tv/movies/kiss-kiss-bang-bang-2005,2005-10-21,103,"comedy,crime,mystery,thriller"
2020-04-26T00:02:19Z,movie,Knight and Day,2010,6.62886,24307,tt1013743,37834,https://trakt.tv/movies/knight-and-day-2010,2010-07-22,109,"action,comedy"
2023-07-03T18:23:05Z,movie,Knights of the Zodiac,2023,5.48824,301700,tt6528290,455476,https://trakt.tv/movies/knights-of-the-zodiac-2023,2023-04-28,113,"action,adventure,superhero,fantasy,science-fiction"
2023-06-29T11:54:47Z,movie,Knives Out,2019,8.00964,396788,tt8946378,546554,https://trakt.tv/movies/knives-out-2019,2019-11-27,131,"comedy,crime,mystery"
2023-05-10T01:26:18Z,movie,Knockaround Guys,2001,6.50512,3927,tt0211465,7501,https://trakt.tv/movies/knockaround-guys-2001,2002-10-11,92,"crime,thriller"
2023-05-12T15:50:52Z,movie,Knocked Up,2007,6.82254,2897,tt0478311,4964,https://trakt.tv/movies/knocked-up-2007,2007-06-01,129,"comedy,drama,romance"
2023-08-07T22:10:39Z,movie,Knowing,2009,6.39358,8207,tt0448011,13811,https://trakt.tv/movies/knowing-2009,2009-03-20,121,"action,mystery,science-fiction,thriller"
2024-04-07T19:09:49Z,movie,Knox Goes Away,2024,7.33347,781392,tt20115766,972614,https://trakt.tv/movies/knox-goes-away-2024,2024-03-15,114,"thriller,crime,action"
2023-05-10T01:26:19Z,movie,Kong: Skull Island,2017,7.16139,189952,tt3731562,293167,https://trakt.tv/movies/kong-skull-island-2017,2017-03-10,118,"action,adventure,fantasy"
2024-12-19T20:14:14Z,movie,Kraven the Hunter,2024,6.48877,391372,tt8790086,539972,https://trakt.tv/movies/kraven-the-hunter-2024,2024-12-13,127,"action,adventure,thriller,superhero"
2022-06-30T23:22:54Z,movie,Léon: The Professional,1994,8.4091,70,tt0110413,101,https://trakt.tv/movies/leon-the-professional-1994,1994-09-14,111,"crime,drama,action"
2023-05-15T14:42:00Z,movie,Ladder 49,2004,6.75062,6261,tt0349710,11128,https://trakt.tv/movies/ladder-49-2004,2004-10-01,115,"action,drama,thriller"
2024-02-22T20:23:09Z,movie,Land of Bad,2024,7.3084,779178,tt19864802,969492,https://trakt.tv/movies/land-of-bad-2024,2024-08-21,113,"action,war,thriller"
2023-05-08T20:38:52Z,movie,Lara Croft: Tomb Raider,2001,6.40747,1356,tt0146316,1995,https://trakt.tv/movies/lara-croft-tomb-raider-2001,2001-06-15,100,"action,adventure,fantasy"
2023-05-08T20:36:48Z,movie,Lara Croft: Tomb Raider - The Cradle of Life,2003,6.24499,1357,tt0325703,1996,https://trakt.tv/movies/lara-croft-tomb-raider-the-cradle-of-life-2003,2003-07-21,117,"action,adventure,fantasy"
2023-03-30T00:01:59Z,movie,Last Knights,2015,6.83682,205599,tt2493486,308504,https://trakt.tv/movies/last-knights-2015,2015-04-03,115,"action,adventure"
2023-08-16T02:47:17Z,movie,Last Looks,2022,6.28824,408606,tt9244554,557946,https://trakt.tv/movies/last-looks-2022,2022-02-04,110,"action,crime,thriller"
2023-06-30T21:21:42Z,movie,Last Seen Alive,2022,6.39927,772940,tt10242388,961484,https://trakt.tv/movies/last-seen-alive-2022,2022-06-03,95,"action,thriller"
2022-06-30T22:22:18Z,movie,Law Abiding Citizen,2009,7.72791,13852,tt1197624,22803,https://trakt.tv/movies/law-abiding-citizen-2009,2009-10-15,109,"crime,thriller,drama"
2023-06-06T02:30:55Z,movie,Lawless,2012,7.32871,61815,tt1212450,82633,https://trakt.tv/movies/lawless-2012,2012-08-29,115,"crime,drama,western"
2024-04-14T07:08:10Z,movie,Lawrence of Arabia,1962,8.06651,787,tt0056172,947,https://trakt.tv/movies/lawrence-of-arabia-1962,1962-12-11,228,"adventure,history,war"
2023-05-25T13:39:54Z,movie,Layer Cake,2004,7.35536,2819,tt0375912,4836,https://trakt.tv/movies/layer-cake-2004,2004-09-30,105,"crime,drama,thriller"
2023-08-08T23:55:07Z,movie,LBJ,2017,6.93464,239602,tt4778988,353575,https://trakt.tv/movies/lbj-2017,2017-11-03,98,"drama,history"
2023-09-07T05:15:26Z,movie,Lean On Me,1989,7.85959,8823,tt0097722,14621,https://trakt.tv/movies/lean-on-me-1989,1989-03-03,108,drama
2023-12-11T19:43:23Z,movie,Leave the World Behind,2023,6.52254,568646,tt12747748,726209,https://trakt.tv/movies/leave-the-world-behind-2023,2023-11-22,142,"drama,mystery,thriller"
2023-07-02T16:16:40Z,movie,Leaving Las Vegas,1995,7.42685,356,tt0113627,451,https://trakt.tv/movies/leaving-las-vegas-1995,1995-10-27,111,"drama,romance"
2023-08-07T22:25:55Z,movie,Left Behind,2014,4.64827,134366,tt2467046,218043,https://trakt.tv/movies/left-behind-2014,2014-10-03,110,"action,science-fiction,thriller"
2022-07-03T10:18:32Z,movie,Legend,2015,7.0054,174599,tt3569230,276907,https://trakt.tv/movies/legend-2015,2015-09-09,132,"crime,thriller"
2023-05-21T02:55:56Z,movie,Legend of the BoneKnapper Dragon,2010,7.13646,32905,tt1744776,47626,https://trakt.tv/movies/legend-of-the-boneknapper-dragon-2010,2010-10-15,16,"animation,fantasy,family,adventure,comedy"
2023-09-24T19:07:13Z,movie,Legends of the Fall,1994,7.51412,2624,tt0110322,4476,https://trakt.tv/movies/legends-of-the-fall-1994,1994-12-23,133,"drama,romance,war,western,action"
2023-08-09T00:17:32Z,movie,Lemony Snicket's A Series of Unfortunate Events,2004,6.9856,6804,tt0339291,11774,https://trakt.tv/movies/lemony-snicket-s-a-series-of-unfortunate-events-2004,2004-12-17,107,"adventure,comedy,family"
2022-07-01T21:59:37Z,movie,Lethal Weapon,1987,7.7775,782,tt0093409,941,https://trakt.tv/movies/lethal-weapon-1987,1987-03-06,110,"action,adventure,comedy,crime,thriller"
2022-07-01T21:59:40Z,movie,Lethal Weapon 2,1989,7.54673,783,tt0097733,942,https://trakt.tv/movies/lethal-weapon-2-1989,1989-07-07,114,"action,adventure,comedy,crime,thriller"
2022-07-01T21:59:40Z,movie,Lethal Weapon 3,1992,7.20039,784,tt0104714,943,https://trakt.tv/movies/lethal-weapon-3-1992,1992-05-15,118,"action,comedy,crime,thriller"
2022-07-01T21:59:27Z,movie,Lethal Weapon 4,1998,7.09334,785,tt0122151,944,https://trakt.tv/movies/lethal-weapon-4-1998,1998-07-10,127,"action,adventure,comedy,crime,thriller"
2023-05-25T13:40:03Z,movie,Liar Liar,1997,7.16549,1071,tt0119528,1624,https://trakt.tv/movies/liar-liar-1997,1997-03-21,86,comedy
2018-06-14T06:47:40Z,movie,Licence to Kill,1989,6.86133,581,tt0097742,709,https://trakt.tv/movies/licence-to-kill-1989,1989-06-13,133,"action,adventure,thriller"
2023-05-21T02:19:17Z,movie,Life,1999,7.27608,3665,tt0123964,6522,https://trakt.tv/movies/life-1999,1999-04-16,108,"comedy,crime"
2023-05-21T05:08:36Z,movie,Life,2017,6.92938,238825,tt5442430,395992,https://trakt.tv/movies/life-2017,2017-03-24,104,"thriller,science-fiction,horror,mystery"
2023-06-30T21:22:54Z,movie,Life of the Party,2018,6.80649,295134,tt5619332,399796,https://trakt.tv/movies/life-of-the-party-2018,2018-05-11,105,comedy
2023-05-15T15:11:32Z,movie,Life on the Line,2016,6.90382,241299,tt3727202,398289,https://trakt.tv/movies/life-on-the-line-2016,2016-11-18,97,"action,drama,thriller"
2024-01-23T20:56:14Z,movie,Lift,2024,6.53624,768354,tt14371878,955916,https://trakt.tv/movies/lift-2024,2024-01-12,107,"comedy,crime,action"
2023-07-30T07:11:14Z,movie,Limitless,2011,7.6494,36449,tt1219289,51876,https://trakt.tv/movies/limitless-2011,2011-03-18,105,"mystery,science-fiction,thriller"
2023-06-04T18:29:16Z,movie,Lincoln,2012,7.21681,53638,tt0443272,72976,https://trakt.tv/movies/lincoln-2012,2012-11-09,149,"drama,history"
2023-08-19T05:03:26Z,movie,Lions for Lambs,2007,6.2424,2649,tt0891527,4515,https://trakt.tv/movies/lions-for-lambs-2007,2007-10-22,92,"action,adventure,drama,history"
2023-08-17T15:40:38Z,movie,Little Ashes,2008,6.64088,20008,tt1104083,31299,https://trakt.tv/movies/little-ashes-2008,2009-11-12,112,"drama,romance"
2025-01-12T00:09:27Z,movie,Little Caesar,1931,6.97598,17269,tt0021079,27899,https://trakt.tv/movies/little-caesar-1931,1931-01-25,79,"crime,drama"
2023-05-08T20:56:28Z,movie,Little Fockers,2010,6.04781,25645,tt0970866,39451,https://trakt.tv/movies/little-fockers-2010,2010-12-21,98,"comedy,romance"
2023-08-10T14:46:02Z,movie,Little Nikita,1988,6.1338,7278,tt0095532,12505,https://trakt.tv/movies/little-nikita-1988,1988-03-17,98,"action,drama,thriller"
2023-09-07T05:27:24Z,movie,Little Shop of Horrors,1986,7.47998,5938,tt0091419,10776,https://trakt.tv/movies/little-shop-of-horrors-1986,1986-12-19,94,"comedy,horror,musical"
2020-04-25T22:58:32Z,movie,Live and Let Die,1973,6.87583,211,tt0070328,253,https://trakt.tv/movies/live-and-let-die-1973,1973-07-06,121,"action,adventure,thriller"
2022-07-22T20:35:03Z,movie,Live Free or Die Hard,2007,7.15895,1028,tt0337978,1571,https://trakt.tv/movies/live-free-or-die-hard-2007,2007-06-27,128,"action,thriller"
2023-08-17T15:34:15Z,movie,Live Wire,1992,5.92105,7394,tt0104743,12629,https://trakt.tv/movies/live-wire-1992,1992-09-03,85,"action,thriller,drama"
2023-05-22T16:01:12Z,movie,"Lock, Stock and Two Smoking Barrels",1998,8.16552,69,tt0120735,100,https://trakt.tv/movies/lock-stock-and-two-smoking-barrels-1998,1998-08-28,105,"comedy,crime"
2018-06-07T03:47:10Z,movie,Logan,2017,8.02852,161972,tt3315342,263115,https://trakt.tv/movies/logan-2017,2017-03-03,137,"action,science-fiction,drama,superhero"
2025-07-01T02:52:31Z,movie,Logan Lucky,2017,7.20609,242386,tt5439796,399170,https://trakt.tv/movies/logan-lucky-2017,2017-08-18,119,"comedy,crime,action,drama"
2023-06-30T21:25:48Z,movie,London Boulevard,2010,6.17104,33915,tt1213648,48838,https://trakt.tv/movies/london-boulevard-2010,2010-11-10,103,"crime,drama"
2022-06-30T22:23:12Z,movie,London Has Fallen,2016,6.90181,166247,tt3300542,267860,https://trakt.tv/movies/london-has-fallen-2016,2016-03-04,99,"action,thriller"
2022-07-03T23:30:22Z,movie,Lone Survivor,2013,7.59917,120953,tt1091191,193756,https://trakt.tv/movies/lone-survivor-2013,2013-12-24,121,"action,drama,war"
2023-10-01T00:58:31Z,movie,Lonesome Dove Church,2014,6.12195,206566,tt3447676,326045,https://trakt.tv/movies/lonesome-dove-church-2014,2014-08-04,90,western
2023-06-30T21:26:59Z,movie,Long Shot,2019,7.13058,307062,tt2139881,459992,https://trakt.tv/movies/long-shot-2019,2019-05-03,125,"comedy,romance"
2023-05-10T01:26:46Z,movie,Looper,2012,7.34887,42897,tt1276104,59967,https://trakt.tv/movies/looper-2012,2012-09-28,118,"action,science-fiction,thriller"
2022-07-03T22:03:01Z,movie,Lord of War,2005,7.64633,1210,tt0399295,1830,https://trakt.tv/movies/lord-of-war-2005,2006-02-16,122,"crime,drama,thriller"
2025-03-19T05:02:32Z,movie,Los Bandoleros,2009,5.62622,154301,tt1538503,253835,https://trakt.tv/movies/los-bandoleros-2009,2009-07-28,20,"action,drama"
2023-07-07T23:26:25Z,movie,Lost in the Sun,2015,6.34232,223732,tt3593046,360203,https://trakt.tv/movies/lost-in-the-sun-2015,2015-11-06,95,"thriller,action,drama,crime"
2023-09-24T19:07:02Z,movie,Love and Monsters,2020,7.23051,436962,tt2222042,590223,https://trakt.tv/movies/love-and-monsters-2020,2020-10-16,109,"adventure,comedy,science-fiction"
2023-08-10T13:16:39Z,movie,Loving Pablo,2017,6.68249,269833,tt4682788,425336,https://trakt.tv/movies/loving-pablo-2017,2018-03-09,123,"crime,drama"
2022-07-02T07:25:18Z,movie,Lucky Number Slevin,2006,7.78169,150,tt0425210,186,https://trakt.tv/movies/lucky-number-slevin-2006,2006-04-07,110,"crime,drama,mystery,thriller"
2023-05-15T15:08:54Z,movie,Lucky Numbers,2000,5.42324,5944,tt0219952,10783,https://trakt.tv/movies/lucky-numbers-2000,2000-10-27,105,"comedy,crime"
2022-07-02T07:24:59Z,movie,Lucy,2014,6.78817,146856,tt2872732,240832,https://trakt.tv/movies/lucy-2014,2014-08-06,89,"action,science-fiction"
2023-03-22T01:34:53Z,movie,Luther: The Fallen Sun,2023,6.95587,564840,tt3155298,722149,https://trakt.tv/movies/luther-the-fallen-sun-2023,2023-02-24,129,"crime,mystery,thriller"
2023-06-30T21:28:56Z,movie,Lying and Stealing,2019,6.44004,357346,tt7558302,509874,https://trakt.tv/movies/lying-and-stealing-2019,2019-07-12,100,"crime,comedy,drama"
2023-06-30T21:30:46Z,movie,Machine Gun Preacher,2011,6.95028,31149,tt1586752,45610,https://trakt.tv/movies/machine-gun-preacher-2011,2011-09-23,129,"action,crime,thriller"
2023-05-15T14:51:33Z,movie,Mad City,1997,6.36658,5031,tt0119592,9770,https://trakt.tv/movies/mad-city-1997,1997-11-07,114,"drama,thriller"
2023-08-15T21:25:24Z,movie,Mad Max,1979,6.89405,4934,tt0079501,9659,https://trakt.tv/movies/mad-max-1979,1979-04-12,91,"action,adventure,science-fiction,thriller"
2023-08-15T21:20:29Z,movie,Mad Max 2,1981,7.50405,4314,tt0082694,8810,https://trakt.tv/movies/mad-max-2-1981,1981-12-24,96,"action,adventure,science-fiction,thriller"
2023-06-30T15:04:16Z,movie,Mad Max Beyond Thunderdome,1985,6.59093,4647,tt0089530,9355,https://trakt.tv/movies/mad-max-beyond-thunderdome-1985,1985-08-06,107,"action,adventure,science-fiction"
2023-06-30T15:09:42Z,movie,Mad Max: Fury Road,2015,7.98432,56360,tt1392190,76341,https://trakt.tv/movies/mad-max-fury-road-2015,2015-05-14,121,"action,adventure,science-fiction"
2023-10-01T00:58:31Z,movie,Madison,2005,5.88571,25051,tt0206113,38717,https://trakt.tv/movies/madison-2005,2005-04-22,99,"action,adventure,drama"
2023-08-10T00:26:49Z,movie,Malcolm X,1992,7.7712,1259,tt0104797,1883,https://trakt.tv/movies/malcolm-x-1992,1992-11-18,202,"drama,history"
2023-05-21T02:55:31Z,movie,Maleficent,2014,7.31174,73425,tt1587310,102651,https://trakt.tv/movies/maleficent-2014,2014-05-30,97,"action,adventure,fantasy,romance,family"
2023-05-21T02:55:34Z,movie,Maleficent: Mistress of Evil,2019,7.17052,265465,tt4777008,420809,https://trakt.tv/movies/maleficent-mistress-of-evil-2019,2019-10-18,119,"fantasy,adventure,family,action"
2022-06-01T14:41:11Z,movie,Man of Steel,2013,7.07912,34507,tt0770828,49521,https://trakt.tv/movies/man-of-steel-2013,2013-06-14,143,"action,adventure,science-fiction,superhero"
2022-05-31T12:29:22Z,movie,Man on Fire,2004,7.79956,4789,tt0328107,9509,https://trakt.tv/movies/man-on-fire-2004,2004-04-23,146,"action,drama,thriller"
2023-08-07T01:07:06Z,movie,Man on the Moon,1999,7.37292,1230,tt0125664,1850,https://trakt.tv/movies/man-on-the-moon-1999,1999-12-22,118,"comedy,drama"
2023-05-11T00:43:39Z,movie,Mannequin,1987,6.79213,5244,tt0093493,10019,https://trakt.tv/movies/mannequin-1987,1987-02-13,89,"comedy,fantasy,romance"
2023-06-29T11:56:12Z,movie,Mannequin Two: On the Move,1991,5.54585,21972,tt0102395,34376,https://trakt.tv/movies/mannequin-two-on-the-move-1991,1991-05-17,95,"comedy,fantasy,science-fiction,romance"
2025-03-18T17:05:15Z,movie,Marathon Man,1976,7.27803,5697,tt0074860,10518,https://trakt.tv/movies/marathon-man-1976,1976-10-08,125,"thriller,crime,drama,action"
2025-05-19T13:29:41Z,movie,Margin Call,2011,7.16133,35595,tt1615147,50839,https://trakt.tv/movies/margin-call-2011,2011-10-21,108,"drama,thriller"
2023-06-04T19:36:39Z,movie,Mark Felt: The Man Who Brought Down the White House,2017,6.81756,238189,tt5175450,390061,https://trakt.tv/movies/mark-felt-the-man-who-brought-down-the-white-house-2017,2017-09-29,103,"thriller,drama,history"
2023-05-10T20:43:32Z,movie,Martian Child,2007,6.77976,2989,tt0415965,5126,https://trakt.tv/movies/martian-child-2007,2007-11-02,106,"drama,comedy"
2022-07-03T07:22:50Z,movie,Marvel One-Shot: A Funny Thing Happened on the Way to Thor's Hammer,2011,7.16551,56529,tt2011109,76535,https://trakt.tv/movies/marvel-one-shot-a-funny-thing-happened-on-the-way-to-thor-s-hammer-2011,2011-10-25,4,"fantasy,science-fiction,adventure,action,comedy"
2020-06-15T15:24:20Z,movie,Marvel One-Shot: Agent Carter,2013,7.56427,130811,tt3067038,211387,https://trakt.tv/movies/marvel-one-shot-agent-carter-2013,2013-09-03,15,"action,adventure,fantasy,science-fiction,history"
2023-05-25T13:41:57Z,movie,Marvel One-Shot: All Hail the King,2014,7.07168,154423,tt3438640,253980,https://trakt.tv/movies/marvel-one-shot-all-hail-the-king-2014,2014-02-04,14,"action,comedy,fantasy"
2022-05-04T00:29:20Z,movie,Marvel One-Shot: Item 47,2012,6.88617,83096,tt2247732,119569,https://trakt.tv/movies/marvel-one-shot-item-47-2012,2012-09-25,12,"action,fantasy,science-fiction,superhero"
2022-07-03T07:23:02Z,movie,Marvel One-Shot: The Consultant,2011,6.72927,56188,tt2011118,76122,https://trakt.tv/movies/marvel-one-shot-the-consultant-2011,2022-01-21,4,"action,adventure,fantasy,science-fiction"
2023-06-10T03:53:38Z,movie,Mary Poppins Returns,2018,6.93937,243783,tt5028340,400650,https://trakt.tv/movies/mary-poppins-returns-2018,2018-12-19,131,"fantasy,family,comedy,musical"
2023-08-15T22:31:51Z,movie,Mary Shelley's Frankenstein,1994,6.53558,2019,tt0109836,3036,https://trakt.tv/movies/mary-shelley-s-frankenstein-1994,1994-11-04,123,"drama,horror,science-fiction,romance"
2024-04-14T07:08:11Z,movie,Mask,1985,7.63407,6304,tt0089560,11177,https://trakt.tv/movies/mask-1985,1985-03-08,126,drama
2025-07-01T02:52:30Z,movie,Master and Commander: The Far Side of the World,2003,7.50891,4248,tt0311113,8619,https://trakt.tv/movies/master-and-commander-the-far-side-of-the-world-2003,2003-11-14,138,"adventure,drama,war"
2023-09-29T02:00:44Z,movie,Master Z: Ip Man Legacy,2018,7.00876,296717,tt7262882,450001,https://trakt.tv/movies/master-z-ip-man-legacy-2018,2018-12-20,107,"action,crime,drama"
2023-01-16T17:16:51Z,movie,Matchstick Men,2003,7.2577,3856,tt0325805,7270,https://trakt.tv/movies/matchstick-men-2003,2003-09-12,116,"comedy,crime,drama,thriller"
2024-04-17T19:11:11Z,movie,Matt Rife: Natural Selection,2023,6.18385,964949,tt29650142,1195988,https://trakt.tv/movies/matt-rife-natural-selection-2023,2023-11-15,64,comedy
2024-04-17T19:11:11Z,movie,Matt Rife: Only Fans,2021,6.54808,1056330,tt16711670,1296221,https://trakt.tv/movies/matt-rife-only-fans-2021,2021-12-17,68,comedy
2023-06-30T15:09:11Z,movie,Maverick,1994,7.27579,4651,tt0110478,9359,https://trakt.tv/movies/maverick-1994,1994-05-20,127,"action,adventure,comedy,drama,western"
2023-06-30T21:37:31Z,movie,Max Payne,2008,5.65847,7608,tt0467197,13051,https://trakt.tv/movies/max-payne-2008,2008-10-17,100,"action,drama,crime,thriller,mystery"
2022-07-03T07:25:28Z,movie,Maze Runner: The Death Cure,2018,6.90514,217461,tt4500922,336843,https://trakt.tv/movies/maze-runner-the-death-cure-2018,2018-01-26,143,"action,science-fiction,adventure,thriller"
2022-07-03T07:25:26Z,movie,Maze Runner: The Scorch Trials,2015,6.78307,190987,tt4046784,294254,https://trakt.tv/movies/maze-runner-the-scorch-trials-2015,2015-09-18,131,"action,science-fiction,thriller,adventure"
2022-07-01T01:56:18Z,movie,Mechanic: Resurrection,2016,7.00132,176500,tt3522806,278924,https://trakt.tv/movies/mechanic-resurrection-2016,2016-08-26,99,"action,crime,thriller"
2023-08-23T05:02:24Z,movie,Meet Cute,2022,5.9819,673660,tt14900738,843543,https://trakt.tv/movies/meet-cute-2022,2022-09-21,90,"romance,comedy,science-fiction,fantasy"
2023-06-30T21:39:28Z,movie,Meet Joe Black,1998,7.4221,250,tt0119643,297,https://trakt.tv/movies/meet-joe-black-1998,1998-11-12,178,"drama,fantasy,romance"
2023-05-08T20:54:08Z,movie,Meet the Fockers,2004,6.63384,565,tt0290002,693,https://trakt.tv/movies/meet-the-fockers-2004,2004-12-22,115,"comedy,romance"
2023-05-08T20:56:02Z,movie,Meet the Parents,2000,7.12365,1052,tt0212338,1597,https://trakt.tv/movies/meet-the-parents-2000,2000-10-06,108,"comedy,romance"
2023-07-07T12:56:43Z,movie,Megan Leavey,2017,7.88024,269672,tt4899370,424488,https://trakt.tv/movies/megan-leavey-2017,2017-06-09,116,"drama,war"
2023-10-29T07:08:32Z,movie,Memento,2000,8.33066,47,tt0209144,77,https://trakt.tv/movies/memento-2000,2001-03-16,113,"mystery,thriller"
2022-07-03T07:26:59Z,movie,Memory,2022,6.38077,651781,tt11827628,818397,https://trakt.tv/movies/memory-2022,2022-04-29,114,"thriller,action,crime"
2022-07-12T10:57:48Z,movie,Men in Black,1997,7.71354,485,tt0119654,607,https://trakt.tv/movies/men-in-black-1997,1997-07-02,98,"action,adventure,comedy,science-fiction,superhero"
2022-07-12T10:57:50Z,movie,Men in Black 3,2012,7.05682,27168,tt1409024,41154,https://trakt.tv/movies/men-in-black-3-2012,2012-05-25,106,"action,comedy,science-fiction"
2022-07-12T10:57:49Z,movie,Men in Black II,2002,6.85575,486,tt0120912,608,https://trakt.tv/movies/men-in-black-ii-2002,2002-07-03,88,"action,comedy,science-fiction,superhero"
2022-07-12T10:57:48Z,movie,Men in Black: International,2019,6.39748,326808,tt2283336,479455,https://trakt.tv/movies/men-in-black-international-2019,2019-06-14,115,"comedy,science-fiction,action,adventure"
2023-05-07T07:17:56Z,movie,Men of Honor,2000,7.64192,6991,tt0203019,11978,https://trakt.tv/movies/men-of-honor-2000,2000-11-09,129,drama
2023-06-30T21:40:40Z,movie,Message Man,2018,6.35955,414190,tt2787302,564149,https://trakt.tv/movies/message-man-2018,2018-03-08,91,"action,crime,thriller"
2023-05-21T03:08:25Z,movie,Metro,1997,6.18531,4348,tt0119664,8860,https://trakt.tv/movies/metro-1997,1997-01-16,117,"action,comedy,crime"
2022-05-31T11:49:44Z,movie,Miami Vice,2006,6.33455,52,tt0430357,82,https://trakt.tv/movies/miami-vice-2006,2006-07-28,132,"action,crime,thriller"
2023-05-15T15:03:54Z,movie,Michael,1996,6.1129,1944,tt0117038,2928,https://trakt.tv/movies/michael-1996,1996-12-25,105,"comedy,drama,fantasy"
2023-05-15T15:03:39Z,movie,Michael Clayton,2007,7.12086,2691,tt0465538,4566,https://trakt.tv/movies/michael-clayton-2007,2007-10-05,119,"drama,thriller,crime"
2023-08-18T15:23:42Z,movie,Midnight in Saint Petersburg,1996,5.2093,14219,tt0113634,23608,https://trakt.tv/movies/midnight-in-saint-petersburg-1996,1996-02-14,86,thriller
2023-08-16T17:12:40Z,movie,Midnight in the Switchgrass,2021,5.8456,537217,tt11656220,693113,https://trakt.tv/movies/midnight-in-the-switchgrass-2021,2021-07-23,99,"crime,thriller,action,mystery"
2023-08-10T03:01:37Z,movie,Midnight Run,1988,7.505,4471,tt0095631,9013,https://trakt.tv/movies/midnight-run-1988,1988-07-20,126,"comedy,crime,action,thriller"
2022-06-01T14:08:31Z,movie,Mile 22,2018,6.88043,225019,tt4560436,347375,https://trakt.tv/movies/mile-22-2018,2018-08-17,94,"action,thriller"
2023-05-09T15:31:34Z,movie,Minority Report,2002,7.69457,145,tt0181689,180,https://trakt.tv/movies/minority-report-2002,2002-06-21,145,"action,science-fiction,thriller"
2023-07-07T23:24:52Z,movie,Misconduct,2016,6.36303,224479,tt3658772,373314,https://trakt.tv/movies/misconduct-2016,2016-02-05,106,"thriller,drama"
2023-05-08T21:12:41Z,movie,Miss Congeniality,2000,6.75414,987,tt0212346,1493,https://trakt.tv/movies/miss-congeniality-2000,2000-12-22,111,"action,comedy,crime"
2023-05-08T21:13:20Z,movie,Miss Congeniality 2: Armed and Fabulous,2005,5.96638,5264,tt0385307,10040,https://trakt.tv/movies/miss-congeniality-2-armed-and-fabulous-2005,2005-03-11,115,"action,comedy"
2023-08-01T19:24:22Z,movie,Miss Peregrine's Home for Peculiar Children,2016,7.26105,180661,tt1935859,283366,https://trakt.tv/movies/miss-peregrine-s-home-for-peculiar-children-2016,2016-09-30,127,"fantasy,adventure,drama,family,thriller"
2023-10-09T07:03:30Z,movie,Miss Sloane,2016,7.72639,239768,tt4540710,376290,https://trakt.tv/movies/miss-sloane-2016,2016-11-25,133,"drama,crime,thriller"
2023-01-07T01:01:59Z,movie,Mission: Impossible,1996,7.39484,793,tt0117060,954,https://trakt.tv/movies/mission-impossible-1996,1996-05-22,110,"action,adventure,thriller"
2023-10-05T16:58:32Z,movie,Mission: Impossible - Dead Reckoning Part One,2023,7.65021,425809,tt9603212,575264,https://trakt.tv/movies/mission-impossible-dead-reckoning-part-one-2023,2023-07-10,164,"action,adventure,thriller"
2020-04-25T23:58:57Z,movie,Mission: Impossible - Fallout,2018,7.71575,222160,tt4912910,353081,https://trakt.tv/movies/mission-impossible-fallout-2018,2018-07-27,147,"action,adventure"
2020-04-26T00:00:56Z,movie,Mission: Impossible - Ghost Protocol,2011,7.53216,40108,tt1229238,56292,https://trakt.tv/movies/mission-impossible-ghost-protocol-2011,2011-12-16,133,"action,adventure,thriller"
2020-04-25T23:58:53Z,movie,Mission: Impossible - Rogue Nation,2015,7.51355,112447,tt2381249,177677,https://trakt.tv/movies/mission-impossible-rogue-nation-2015,2015-07-31,131,"action,adventure"
2025-08-18T05:06:07Z,movie,Mission: Impossible - The Final Reckoning,2025,7.41265,426078,tt9603208,575265,https://trakt.tv/movies/mission-impossible-the-final-reckoning-2025,2025-05-23,170,"action,adventure,thriller"
2020-04-26T00:01:38Z,movie,Mission: Impossible II,2000,6.41594,794,tt0120755,955,https://trakt.tv/movies/mission-impossible-ii-2000,2000-05-24,123,"action,adventure,thriller"
2023-01-07T01:02:00Z,movie,Mission: Impossible III,2006,7.12032,795,tt0317919,956,https://trakt.tv/movies/mission-impossible-iii-2006,2006-05-05,126,"action,adventure,thriller"
2023-10-07T19:03:34Z,movie,Mississippi Grind,2015,6.34854,201316,tt2349144,309242,https://trakt.tv/movies/mississippi-grind-2015,2015-07-04,108,"drama,comedy"
2023-05-10T20:18:18Z,movie,Molly's Game,2017,7.54437,239250,tt4209788,396371,https://trakt.tv/movies/molly-s-game-2017,2017-12-25,140,"drama,crime"
2023-08-08T00:34:12Z,movie,Mom and Dad,2018,5.9358,261264,tt5462326,401561,https://trakt.tv/movies/mom-and-dad-2018,2018-01-19,86,"horror,comedy,thriller"
2023-09-13T02:38:18Z,movie,Momentum,2015,6.54983,221985,tt3181776,346808,https://trakt.tv/movies/momentum-2015,2015-10-16,96,"thriller,action,crime"
2023-05-10T20:52:39Z,movie,Money for Nothing,1993,5.27103,39425,tt0107594,55448,https://trakt.tv/movies/money-for-nothing-1993,1993-09-10,100,"comedy,crime,drama"
2023-05-25T13:44:47Z,movie,Money Monster,2016,7.13723,209935,tt2241351,303858,https://trakt.tv/movies/money-monster-2016,2016-05-13,98,"thriller,drama"
2023-03-30T00:01:55Z,movie,Money Shot: The Pornhub Story,2023,5.63636,874142,tt26739529,1087040,https://trakt.tv/movies/money-shot-the-pornhub-story-2023,2023-03-15,95,documentary
2023-05-10T02:46:56Z,movie,Money Train,1995,6.26564,6599,tt0113845,11517,https://trakt.tv/movies/money-train-1995,1995-11-21,110,"action,comedy,crime"
2024-05-02T19:11:10Z,movie,Monkey Man,2024,7.05089,525826,tt9214772,560016,https://trakt.tv/movies/monkey-man-2024,2024-04-05,121,"thriller,action"
2023-08-19T05:06:51Z,movie,Moonfall,2022,6.07707,250807,tt5834426,406759,https://trakt.tv/movies/moonfall-2022,2022-02-04,131,"science-fiction,adventure,action"
2018-06-14T06:47:49Z,movie,Moonraker,1979,6.6104,570,tt0079574,698,https://trakt.tv/movies/moonraker-1979,1979-06-27,126,"action,adventure,science-fiction,thriller"
2023-05-25T13:46:02Z,movie,Morbius,2022,5.63136,374949,tt5108870,526896,https://trakt.tv/movies/morbius-2022,2022-04-01,105,"action,science-fiction,fantasy,superhero"
2023-05-25T13:46:33Z,movie,Mortal Engines,2018,6.55527,285120,tt1571234,428078,https://trakt.tv/movies/mortal-engines-2018,2018-12-14,128,"adventure,science-fiction"
2023-05-10T19:52:16Z,movie,Mortdecai,2015,6.00454,130522,tt3045616,210860,https://trakt.tv/movies/mortdecai-2015,2015-01-23,107,"adventure,comedy"
2023-06-18T23:47:22Z,movie,Moscow on the Hudson,1984,6.71003,13997,tt0087747,23111,https://trakt.tv/movies/moscow-on-the-hudson-1984,1984-04-06,115,"comedy,drama,romance"
2023-05-25T13:47:36Z,movie,Motherless Brooklyn,2019,7.06845,361154,tt0385887,504562,https://trakt.tv/movies/motherless-brooklyn-2019,2019-11-01,145,"drama,thriller"
2025-05-31T11:34:45Z,movie,Mountainhead,2025,5.35077,1158961,tt35396529,1417059,https://trakt.tv/movies/mountainhead-2025,2025-05-31,108,"drama,comedy"
2023-06-23T21:04:37Z,movie,Moving,1988,6.7393,18777,tt0095662,29739,https://trakt.tv/movies/moving-1988,1988-03-04,89,"comedy,family"
2020-04-26T00:00:04Z,movie,Mr. & Mrs. Smith,2005,7.00161,630,tt0356910,787,https://trakt.tv/movies/mr-mrs-smith-2005,2005-06-10,120,"action,comedy,drama,thriller"
2023-05-10T18:54:18Z,movie,Mr. Deeds,2002,6.39816,1383,tt0280590,2022,https://trakt.tv/movies/mr-deeds-2002,2002-06-28,96,"comedy,romance"
2023-05-10T22:37:11Z,movie,Mr. Mom,1983,7,7658,tt0085970,13105,https://trakt.tv/movies/mr-mom-1983,1983-07-22,91,"comedy,drama"
2023-05-25T13:48:44Z,movie,Mr. Right,2016,7.14215,223202,tt2091935,333385,https://trakt.tv/movies/mr-right-2016,2016-04-08,95,"comedy,romance,crime"
2023-05-12T16:53:31Z,movie,Mr. Woodcock,2007,5.59957,7778,tt0419984,13257,https://trakt.tv/movies/mr-woodcock-2007,2007-09-14,87,"comedy,romance"
2023-06-19T00:13:08Z,movie,Mrs. Doubtfire,1993,7.40103,631,tt0107614,788,https://trakt.tv/movies/mrs-doubtfire-1993,1993-11-24,125,"comedy,drama,family"
2023-05-11T00:18:16Z,movie,Mud,2013,7.30521,74024,tt1935179,103731,https://trakt.tv/movies/mud-2013,2013-04-26,130,drama
2022-07-03T09:43:11Z,movie,Multiplicity,1996,6.50563,4604,tt0117108,9304,https://trakt.tv/movies/multiplicity-1996,1996-07-19,117,"comedy,fantasy,science-fiction,romance"
2023-05-25T13:50:08Z,movie,Munich,2005,7.31799,488,tt0408306,612,https://trakt.tv/movies/munich-2005,2005-12-23,164,"action,drama,history,thriller"
2023-05-25T13:50:33Z,movie,Murder at 1600,1997,6.74156,4704,tt0119731,9415,https://trakt.tv/movies/murder-at-1600-1997,1997-04-18,107,"action,crime,drama,mystery,thriller"
2023-10-29T07:08:33Z,movie,Murder in Three Acts,1986,6.36364,3483,tt0091572,6107,https://trakt.tv/movies/murder-in-three-acts-1986,1986-09-30,94,"crime,drama,mystery"
2023-05-07T07:19:51Z,movie,Murder Mystery,2019,6.51903,363355,tt1618434,514999,https://trakt.tv/movies/murder-mystery-2019,2019-06-14,97,"comedy,mystery,action"
2023-04-02T21:43:24Z,movie,Murder Mystery 2,2023,6.36131,477865,tt15255288,638974,https://trakt.tv/movies/murder-mystery-2-2023,2023-03-31,91,"comedy,crime,mystery"
2023-10-29T07:08:32Z,movie,Murder on the Orient Express,1974,7.25702,2454,tt0071877,4176,https://trakt.tv/movies/murder-on-the-orient-express-1974,1974-11-22,128,"drama,mystery,thriller"
2025-04-17T17:08:31Z,movie,Murder on the Orient Express,2001,6.27027,3486,tt0279250,6110,https://trakt.tv/movies/murder-on-the-orient-express-2001,2001-04-22,100,"crime,drama,thriller"
2023-05-10T19:50:36Z,movie,Murder on the Orient Express,2017,6.93793,234398,tt3402236,392044,https://trakt.tv/movies/murder-on-the-orient-express-2017,2017-11-10,114,"drama,mystery,crime"
2023-10-29T07:08:31Z,movie,Muzzle,2023,6.46154,753681,tt17663876,939335,https://trakt.tv/movies/muzzle-2023,2023-09-29,100,"action,thriller"
2023-08-15T18:38:40Z,movie,My Cousin Vinny,1992,7.84395,5572,tt0104952,10377,https://trakt.tv/movies/my-cousin-vinny-1992,1992-03-13,120,"comedy,drama"
2023-05-10T03:08:15Z,movie,My Mom's New Boyfriend,2008,5.77686,4562,tt0780534,9262,https://trakt.tv/movies/my-mom-s-new-boyfriend-2008,2008-04-30,97,"action,comedy,crime,romance"
2024-04-14T07:08:12Z,movie,My Own Private Idaho,1991,7.08222,370,tt0102494,468,https://trakt.tv/movies/my-own-private-idaho-1991,1991-09-29,104,drama
2024-01-14T21:21:32Z,movie,Napoleon,2023,6.33204,593127,tt13287846,753342,https://trakt.tv/movies/napoleon-2023,2023-11-22,158,"history,war,romance"
2025-09-23T05:01:47Z,movie,Narc,2002,7.06271,6159,tt0272207,11022,https://trakt.tv/movies/narc-2002,2002-01-14,105,"crime,drama,mystery,thriller"
2022-06-30T23:30:43Z,movie,National Treasure,2004,7.19074,1413,tt0368891,2059,https://trakt.tv/movies/national-treasure-2004,2004-11-19,131,"action,adventure,mystery,thriller"
2022-07-01T01:55:19Z,movie,National Treasure: Book of Secrets,2007,6.91294,3717,tt0465234,6637,https://trakt.tv/movies/national-treasure-book-of-secrets-2007,2007-12-21,124,"action,adventure,mystery,thriller"
2022-07-02T20:14:40Z,movie,Natural Born Killers,1994,7.31949,199,tt0110632,241,https://trakt.tv/movies/natural-born-killers-1994,1994-08-26,118,"crime,drama,thriller"
2023-03-09T21:25:53Z,movie,Navy Seals,1990,6.14493,7494,tt0100232,427910,https://trakt.tv/movies/navy-seals-1990,1990-07-20,113,"action,adventure,thriller"
2023-02-01T15:48:40Z,movie,Never Say Never Again,1983,6.66504,23310,tt0086006,36670,https://trakt.tv/movies/never-say-never-again-1983,1983-12-15,134,"action,adventure,thriller"
2025-07-13T22:37:13Z,movie,News of the World,2020,7.12597,430039,tt6878306,581032,https://trakt.tv/movies/news-of-the-world-2020,2020-12-25,118,"western,adventure,drama"
2022-07-03T09:43:29Z,movie,Next,2007,6.51162,1166,tt0435705,1738,https://trakt.tv/movies/next-2007,2007-04-26,96,"action,science-fiction,thriller"
2023-05-10T19:45:01Z,movie,Nick of Time,1995,6.36798,1435,tt0113972,2086,https://trakt.tv/movies/nick-of-time-1995,1995-11-22,89,"crime,thriller,action"
2023-05-25T13:52:22Z,movie,Night at the Museum,2006,6.80619,1048,tt0477347,1593,https://trakt.tv/movies/night-at-the-museum-2006,2006-12-21,108,"action,adventure,comedy,fantasy,family"
2023-05-25T13:53:02Z,movie,Night at the Museum: Battle of the Smithsonian,2009,6.48262,11228,tt1078912,18360,https://trakt.tv/movies/night-at-the-museum-battle-of-the-smithsonian-2009,2009-05-21,105,"action,adventure,comedy,fantasy,family"
2023-05-25T13:52:37Z,movie,Night at the Museum: Secret of the Tomb,2014,6.60861,114222,tt2692250,181533,https://trakt.tv/movies/night-at-the-museum-secret-of-the-tomb-2014,2014-12-19,98,"adventure,comedy,fantasy,family"
2023-07-06T19:08:44Z,movie,Night Train,2023,5.74921,809515,tt15727212,1007427,https://trakt.tv/movies/night-train-2023,2023-12-11,96,"action,thriller,crime"
2023-08-19T15:46:10Z,movie,Nightbooks,2021,6.33135,581124,tt10521144,739990,https://trakt.tv/movies/nightbooks-2021,2021-09-15,101,"family,fantasy,horror"
2020-04-26T00:04:56Z,movie,Nikita,1990,7.22376,4620,tt0100263,9322,https://trakt.tv/movies/nikita-1990,1990-02-21,117,"action,thriller,romance"
2025-07-27T16:19:17Z,movie,Nine to Five,1980,7.31886,11996,tt0080319,19494,https://trakt.tv/movies/nine-to-five-1980,1980-12-19,110,comedy
2022-07-01T01:55:35Z,movie,Ninja Assassin,2009,6.67208,13874,tt1186367,22832,https://trakt.tv/movies/ninja-assassin-2009,2009-12-10,99,"action,thriller,adventure"
2023-07-06T19:09:30Z,movie,No Country for Old Men,2007,7.99608,3798,tt0477348,6977,https://trakt.tv/movies/no-country-for-old-men-2007,2007-11-09,122,"crime,thriller,western"
2023-08-17T15:12:12Z,movie,No Escape,2015,7.08681,120033,tt1781922,192141,https://trakt.tv/movies/no-escape-2015,2015-08-26,103,"thriller,action"
2023-08-01T19:24:22Z,movie,No Good Deed,2002,5.80516,1378,tt0292610,2017,https://trakt.tv/movies/no-good-deed-2002,2003-09-19,97,"action,crime,drama,mystery,thriller"
2023-05-25T13:53:45Z,movie,No Sudden Move,2021,6.67301,485824,tt11525644,649409,https://trakt.tv/movies/no-sudden-move-2021,2021-07-01,115,"crime,thriller"
2022-07-01T01:10:57Z,movie,No Time to Die,2021,7.40649,254935,tt2382320,370172,https://trakt.tv/movies/no-time-to-die-2021,2021-09-30,163,"action,thriller,adventure"
2023-05-10T20:21:06Z,movie,No Way Out,1987,7.09978,5303,tt0093640,10083,https://trakt.tv/movies/no-way-out-1987,1987-08-14,114,"thriller,drama"
2023-05-10T01:29:15Z,movie,Noah,2014,5.98712,65316,tt1959490,86834,https://trakt.tv/movies/noah-2014,2014-03-28,138,"adventure,drama"
2023-09-24T19:07:18Z,movie,Nobody,2021,7.62427,458837,tt7888964,615457,https://trakt.tv/movies/nobody-2021,2021-03-26,91,"action,thriller"
2025-09-03T03:13:26Z,movie,Nobody 2,2025,6.99004,810123,tt28996126,1007734,https://trakt.tv/movies/nobody-2-2025,2025-08-15,89,"action,thriller"
2025-03-18T17:05:12Z,movie,North by Northwest,1959,8.06905,172,tt0053125,213,https://trakt.tv/movies/north-by-northwest-1959,1959-08-06,136,"thriller,romance,adventure"
2025-08-13T14:09:52Z,movie,Notting Hill,1999,7.37218,401,tt0125439,509,https://trakt.tv/movies/notting-hill-1999,1999-05-21,124,"comedy,romance"
2020-06-15T22:25:47Z,movie,Now You See Me,2013,7.53901,55786,tt1670345,75656,https://trakt.tv/movies/now-you-see-me-2013,2013-05-31,116,"crime,thriller"
2022-05-31T12:12:49Z,movie,Now You See Me 2,2016,7.11271,188631,tt3110958,291805,https://trakt.tv/movies/now-you-see-me-2-2016,2016-06-10,129,"thriller,crime"
2023-07-01T01:30:04Z,movie,Nuclear Now,2023,7.13,807910,tt21376908,1004685,https://trakt.tv/movies/nuclear-now-2023,2023-04-28,106,documentary
2023-05-21T02:16:44Z,movie,Nutty Professor II: The Klumps,2000,5.40389,7025,tt0144528,12107,https://trakt.tv/movies/nutty-professor-ii-the-klumps-2000,2000-07-27,107,"comedy,fantasy,science-fiction,romance"
2023-05-25T13:54:14Z,movie,"O Brother, Where Art Thou?",2000,7.76898,100,tt0190590,134,https://trakt.tv/movies/o-brother-where-art-thou-2000,2000-12-21,107,"adventure,comedy,crime"
2024-03-10T20:06:38Z,movie,Obi-Wan Kenobi: A Jedi's Return,2022,6.84887,816491,tt21860836,1015606,https://trakt.tv/movies/obi-wan-kenobi-a-jedi-s-return-2022,2022-09-08,60,documentary
2023-05-10T02:47:45Z,movie,Oblivion,2013,7.2073,55753,tt1483013,75612,https://trakt.tv/movies/oblivion-2013,2013-04-19,124,"action,adventure,mystery,science-fiction"
2023-06-30T21:47:26Z,movie,Observe and Report,2009,5.92676,10392,tt1197628,16991,https://trakt.tv/movies/observe-and-report-2009,2009-04-10,86,"comedy,crime,drama"
2022-05-31T11:48:43Z,movie,Ocean's Eight,2018,6.91337,247337,tt5164214,402900,https://trakt.tv/movies/ocean-s-eight-2018,2018-06-08,111,"crime,comedy,action"
2022-05-31T11:48:39Z,movie,Ocean's Eleven,2001,7.91539,126,tt0240772,161,https://trakt.tv/movies/ocean-s-eleven-2001,2001-12-07,116,"crime,thriller"
2022-05-31T11:48:56Z,movie,Ocean's Thirteen,2007,7.16909,251,tt0496806,298,https://trakt.tv/movies/ocean-s-thirteen-2007,2007-06-07,122,"crime,thriller"
2022-05-31T11:48:48Z,movie,Ocean's Twelve,2004,6.96142,128,tt0349903,163,https://trakt.tv/movies/ocean-s-twelve-2004,2004-12-10,125,"crime,thriller"
2018-06-14T06:47:18Z,movie,Octopussy,1983,6.69242,572,tt0086034,700,https://trakt.tv/movies/octopussy-1983,1983-06-05,131,"action,adventure,thriller"
2022-07-03T09:51:32Z,movie,Office Space,1999,7.99942,1002,tt0151804,1542,https://trakt.tv/movies/office-space-1999,1999-02-19,90,comedy
2023-10-05T16:58:33Z,movie,Officer Down,2013,5.66379,72373,tt1925479,100544,https://trakt.tv/movies/officer-down-2013,2013-01-22,98,"crime,drama"
2022-07-03T09:10:14Z,movie,Official Secrets,2019,7.44317,236077,tt5431890,393624,https://trakt.tv/movies/official-secrets-2019,2019-10-10,112,"drama,thriller,history"
2025-08-18T05:06:03Z,movie,Old School,2003,7.27591,6711,tt0302886,11635,https://trakt.tv/movies/old-school-2003,2003-02-21,92,comedy
2022-07-01T01:27:05Z,movie,Olympus Has Fallen,2013,6.91989,81746,tt2302755,117263,https://trakt.tv/movies/olympus-has-fallen-2013,2013-03-22,120,"action,thriller"
2023-06-25T08:46:08Z,movie,On a Wing and a Prayer,2023,6.17755,703238,tt13929998,878375,https://trakt.tv/movies/on-a-wing-and-a-prayer-2023,2023-04-06,102,drama
2018-06-14T06:48:52Z,movie,On Her Majesty's Secret Service,1969,6.77445,542,tt0064757,668,https://trakt.tv/movies/on-her-majesty-s-secret-service-1969,1969-12-18,142,"action,adventure,thriller"
2023-08-15T20:32:48Z,movie,On the Line,2022,6.27917,787555,tt14824590,979924,https://trakt.tv/movies/on-the-line-2022,2022-11-04,104,"thriller,drama"
2024-07-25T19:14:03Z,movie,Once Upon a Deadpool,2018,7.14262,419288,tt31050020,567604,https://trakt.tv/movies/once-upon-a-deadpool-2018,2018-12-12,118,"comedy,action,superhero,adventure,science-fiction"
2023-08-10T03:04:45Z,movie,Once Upon a Time in America,1984,8.13082,262,tt0087843,311,https://trakt.tv/movies/once-upon-a-time-in-america-1984,1984-06-01,229,"crime,drama"
2023-05-08T20:56:57Z,movie,Once Upon a Time in Mexico,2003,6.55565,957,tt0285823,1428,https://trakt.tv/movies/once-upon-a-time-in-mexico-2003,2003-09-11,102,"action,crime,thriller"
2022-05-31T12:35:35Z,movie,Once Upon a Time... in Hollywood,2019,7.36595,313464,tt7131622,466272,https://trakt.tv/movies/once-upon-a-time-in-hollywood-2019,2019-07-26,162,"drama,comedy,thriller"
2023-05-25T13:55:19Z,movie,One Flew Over the Cuckoo's Nest,1975,8.42353,402,tt0073486,510,https://trakt.tv/movies/one-flew-over-the-cuckoo-s-nest-1975,1975-11-19,133,drama
2025-03-18T00:25:49Z,movie,One More Shot,2024,6.16901,979417,tt27110516,1214314,https://trakt.tv/movies/one-more-shot-2024,2024-01-12,102,"action,thriller"
2023-05-08T21:46:50Z,movie,One Shot,2021,6.12571,645553,tt14199590,811592,https://trakt.tv/movies/one-shot-2021,2021-11-05,97,"action,thriller"
2023-05-12T16:19:11Z,movie,Only God Forgives,2013,5.71482,57692,tt1602613,77987,https://trakt.tv/movies/only-god-forgives-2013,2013-05-30,90,"crime,drama,thriller"
2023-05-10T20:24:47Z,movie,Open Range,2003,7.49249,1409,tt0316356,2055,https://trakt.tv/movies/open-range-2003,2003-08-11,139,"western,drama,action,romance"
2022-06-01T14:13:02Z,movie,Operation Finale,2018,7.04844,340430,tt5208252,493551,https://trakt.tv/movies/operation-finale-2018,2018-08-29,124,"drama,history,thriller"
2023-03-30T00:01:55Z,movie,Operation Fortune: Ruse de Guerre,2023,6.64985,580591,tt7985704,739405,https://trakt.tv/movies/operation-fortune-ruse-de-guerre-2023,2023-03-03,113,"action,comedy,thriller"
2023-08-15T21:52:48Z,movie,Operation Seawolf,2022,5.41569,818669,tt13429928,1018494,https://trakt.tv/movies/operation-seawolf-2022,2022-10-07,86,"war,thriller,action,adventure"
2022-07-03T09:11:42Z,movie,Operation: Endgame,2010,5.41191,27159,tt1268987,41135,https://trakt.tv/movies/operation-endgame-2010,2010-07-20,82,"action,adventure,comedy,thriller"
2023-08-17T15:53:26Z,movie,Oppenheimer,2023,8.09072,698292,tt15398776,872585,https://trakt.tv/movies/oppenheimer-2023,2023-07-21,181,"history,drama"
2023-05-25T13:56:09Z,movie,Original Sin,2001,6.183,1411,tt0218922,2057,https://trakt.tv/movies/original-sin-2001,2001-08-03,116,"thriller,drama,mystery,romance"
2023-07-06T19:19:54Z,movie,Osmosis Jones,2001,6.73262,7376,tt0181739,12610,https://trakt.tv/movies/osmosis-jones-2001,2001-08-10,95,"action,adventure,animation,comedy,family"
2023-08-09T00:25:35Z,movie,Our Kind of Traitor,2016,7.0262,127825,tt1995390,205588,https://trakt.tv/movies/our-kind-of-traitor-2016,2016-05-06,108,thriller
2023-03-22T01:35:09Z,movie,Out of Sight,1998,6.97461,925,tt0120780,1389,https://trakt.tv/movies/out-of-sight-1998,1998-06-26,123,"comedy,crime,romance"
2023-08-17T14:06:37Z,movie,Out of the Furnace,2013,6.73668,105751,tt1206543,164457,https://trakt.tv/movies/out-of-the-furnace-2013,2013-12-06,116,"crime,drama,thriller"
2023-05-10T20:07:34Z,movie,Out of Time,2003,6.71668,1464,tt0313443,2116,https://trakt.tv/movies/out-of-time-2003,2003-10-03,105,"crime,drama,thriller"
2023-05-10T02:47:57Z,movie,Outbreak,1995,7.09737,3774,tt0114069,6950,https://trakt.tv/movies/outbreak-1995,1995-03-10,129,"action,drama,science-fiction,thriller"
2023-08-07T22:45:09Z,movie,Outcast,2014,5.41336,186677,tt1552224,289720,https://trakt.tv/movies/outcast-2014,2015-02-27,98,"action,adventure"
2023-08-19T05:12:20Z,movie,Outlaw King,2018,7.10031,300686,tt6679794,454227,https://trakt.tv/movies/outlaw-king-2018,2018-11-09,122,"action,history,war"
2023-05-21T05:08:04Z,movie,Oz the Great and Powerful,2013,6.5015,50141,tt1623205,68728,https://trakt.tv/movies/oz-the-great-and-powerful-2013,2013-03-08,130,"adventure,fantasy,family"
2023-06-30T15:01:39Z,movie,Pain & Gain,2013,6.5622,90856,tt1980209,134374,https://trakt.tv/movies/pain-gain-2013,2013-04-26,130,"crime,comedy,action"
2023-10-28T19:00:52Z,movie,Pain Hustlers,2023,6.75484,689888,tt15257160,862968,https://trakt.tv/movies/pain-hustlers-2023,2023-10-20,122,drama
2023-08-15T20:35:01Z,movie,Panama,2022,5.41451,469551,tt4029412,628878,https://trakt.tv/movies/panama-2022,2022-03-18,100,"thriller,action"
2023-08-15T23:48:08Z,movie,Papillon,2017,7.49966,280668,tt5093026,433498,https://trakt.tv/movies/papillon-2017,2018-08-24,134,"drama,adventure,crime"
2023-03-09T21:25:30Z,movie,Paradise City,2022,5.34304,662051,tt14656632,829799,https://trakt.tv/movies/paradise-city-2022,2022-11-11,93,"crime,action,thriller"
2023-05-25T13:58:39Z,movie,Parker,2013,6.77569,82938,tt1904996,119283,https://trakt.tv/movies/parker-2013,2013-01-25,118,"action,crime"
2023-05-08T01:44:52Z,movie,Passengers,2016,7.28606,172700,tt1355644,274870,https://trakt.tv/movies/passengers-2016,2016-12-21,116,"science-fiction,romance,drama"
2023-05-08T20:32:39Z,movie,Patriot Games,1992,7.19245,5106,tt0105112,9869,https://trakt.tv/movies/patriot-games-1992,1992-06-04,117,"action,crime,drama,thriller"
2025-07-14T01:03:27Z,movie,Patriots Day,2016,7.67243,230554,tt4572514,388399,https://trakt.tv/movies/patriots-day-2016,2016-12-21,133,"drama,crime,action,history,thriller"
2024-04-14T07:08:12Z,movie,Patton,1970,7.73468,6328,tt0066206,11202,https://trakt.tv/movies/patton-1970,1970-02-04,172,"drama,history,war"
2023-05-25T14:00:16Z,movie,Paul,2011,7.1082,25703,tt1092026,39513,https://trakt.tv/movies/paul-2011,2011-03-02,104,"adventure,comedy,science-fiction"
2023-08-25T17:57:22Z,movie,Pawn,2013,5.90451,106334,tt1551630,165739,https://trakt.tv/movies/pawn-2013,2013-04-23,88,"crime,thriller"
2023-08-15T23:36:24Z,movie,Pawn Sacrifice,2015,6.93411,149552,tt1596345,245698,https://trakt.tv/movies/pawn-sacrifice-2015,2015-09-16,115,"drama,thriller"
2023-06-30T15:00:45Z,movie,Payback,1999,7.1837,1461,tt0120784,2112,https://trakt.tv/movies/payback-1999,1999-02-05,100,"crime,action,drama,thriller"
2023-05-10T03:05:53Z,movie,Paycheck,2003,6.70302,4896,tt0338337,9620,https://trakt.tv/movies/paycheck-2003,2003-12-25,119,"action,adventure,mystery,science-fiction,thriller"
2023-08-07T20:45:46Z,movie,Paydirt,2020,5.01987,539952,tt11176322,696002,https://trakt.tv/movies/paydirt-2020,2020-08-07,81,"action,crime,thriller"
2023-05-10T01:27:19Z,movie,Pearl Harbor,2001,6.79719,550,tt0213149,676,https://trakt.tv/movies/pearl-harbor-2001,2001-05-25,183,"war,romance,history,action"
2023-05-10T01:27:09Z,movie,Percy Jackson & the Olympians: The Lightning Thief,2010,6.40574,20979,tt0814255,32657,https://trakt.tv/movies/percy-jackson-the-olympians-the-lightning-thief-2010,2010-02-01,118,"adventure,fantasy,family"
2023-05-09T15:34:46Z,movie,Percy Jackson: Sea of Monsters,2013,6.31079,56319,tt1854564,76285,https://trakt.tv/movies/percy-jackson-sea-of-monsters-2013,2013-08-07,106,"adventure,fantasy,family"
2023-09-29T02:00:44Z,movie,Personal Effects,2009,5.87958,9002,tt1138489,14857,https://trakt.tv/movies/personal-effects-2009,2009-03-05,110,drama
2023-06-04T18:13:55Z,movie,Peter Pan,2003,7.11412,5777,tt0316396,10601,https://trakt.tv/movies/peter-pan-2003,2003-12-18,113,"adventure,fantasy,family"
2023-05-21T05:08:03Z,movie,Pete's Dragon,2016,7.43252,191003,tt2788732,294272,https://trakt.tv/movies/pete-s-dragon-2016,2016-08-12,103,"adventure,family,fantasy"
2022-07-09T18:23:24Z,movie,Phenomenon,1996,6.9048,4594,tt0117333,9294,https://trakt.tv/movies/phenomenon-1996,1996-07-05,123,"drama,science-fiction,romance,fantasy"
2023-06-10T05:15:24Z,movie,Philadelphia,1993,7.76105,5059,tt0107818,9800,https://trakt.tv/movies/philadelphia-1993,1993-12-22,126,drama
2022-07-04T16:31:15Z,movie,Phone Booth,2003,7.09005,1203,tt0183649,1817,https://trakt.tv/movies/phone-booth-2003,2003-04-04,81,"thriller,crime"
2022-07-03T09:54:06Z,movie,Pineapple Express,2008,6.91482,5403,tt0910936,10189,https://trakt.tv/movies/pineapple-express-2008,2008-08-06,111,"action,comedy,crime"
2022-05-31T12:13:12Z,movie,Pirates of the Caribbean: At World's End,2007,7.45551,239,tt0449088,285,https://trakt.tv/movies/pirates-of-the-caribbean-at-world-s-end-2007,2007-05-25,169,"action,adventure,fantasy"
2022-07-10T20:04:23Z,movie,Pirates of the Caribbean: Dead Man's Chest,2006,7.62279,31,tt0383574,58,https://trakt.tv/movies/pirates-of-the-caribbean-dead-man-s-chest-2006,2006-07-07,151,"action,adventure,fantasy"
2023-05-08T01:43:32Z,movie,Pirates of the Caribbean: Dead Men Tell No Tales,2017,7.04924,106667,tt1790809,166426,https://trakt.tv/movies/pirates-of-the-caribbean-dead-men-tell-no-tales-2017,2017-05-26,129,"action,adventure,fantasy"
2023-05-08T01:41:49Z,movie,Pirates of the Caribbean: On Stranger Tides,2011,7.00122,1244,tt1298650,1865,https://trakt.tv/movies/pirates-of-the-caribbean-on-stranger-tides-2011,2011-05-20,136,"action,adventure,fantasy"
2022-05-31T12:13:23Z,movie,Pirates of the Caribbean: Tales of the Code: Wedlocked,2011,6.27368,140681,tt2092452,230652,https://trakt.tv/movies/pirates-of-the-caribbean-tales-of-the-code-wedlocked-2011,2011-10-18,10,"action,adventure,fantasy"
2023-05-08T01:44:11Z,movie,Pirates of the Caribbean: The Curse of the Black Pearl,2003,8.08632,18,tt0325980,22,https://trakt.tv/movies/pirates-of-the-caribbean-the-curse-of-the-black-pearl-2003,2003-07-09,143,"action,adventure,fantasy"
2023-08-17T14:26:25Z,movie,Plane,2023,6.90619,483349,tt5884796,646389,https://trakt.tv/movies/plane-2023,2023-01-27,107,"action,adventure,thriller"
2023-06-23T03:05:48Z,movie,"Planes, Trains and Automobiles",1987,7.69773,1765,tt0093748,2609,https://trakt.tv/movies/planes-trains-and-automobiles-1987,1987-11-26,93,comedy
2023-05-10T01:21:49Z,movie,Planet of the Apes,2001,6.1755,712,tt0133152,869,https://trakt.tv/movies/planet-of-the-apes-2001,2001-07-27,120,"science-fiction,action,adventure,thriller"
2023-07-02T16:21:21Z,movie,Platoon,1986,7.93931,635,tt0091763,792,https://trakt.tv/movies/platoon-1986,1986-12-19,120,"action,drama,war"
2025-10-02T22:58:45Z,movie,Play Dirty,2025,6.71251,755536,tt18392014,941109,https://trakt.tv/movies/play-dirty-2025-10-01,2025-10-01,125,crime
2023-05-25T11:39:18Z,movie,Point Break,1991,7.33299,841,tt0102685,1089,https://trakt.tv/movies/point-break-1991,1991-07-12,122,"action,crime,thriller"
2023-06-18T23:44:37Z,movie,Point Break,2015,6.31568,156888,tt2058673,257088,https://trakt.tv/movies/point-break-2015,2015-12-25,114,"action,adventure,crime,thriller"
2022-06-01T14:14:46Z,movie,Point of No Return,1993,6.7703,5681,tt0107843,10498,https://trakt.tv/movies/point-of-no-return-1993,1993-03-19,108,"thriller,crime,action"
2023-05-12T15:16:00Z,movie,Poker Face,2022,6.06209,673153,tt14714980,842934,https://trakt.tv/movies/poker-face-2022,2022-11-22,94,"thriller,crime"
2023-06-18T23:40:03Z,movie,Popeye,1980,5.90994,6432,tt0081353,11335,https://trakt.tv/movies/popeye-1980,1980-12-12,114,"action,adventure,comedy,family,musical"
2023-06-30T21:52:51Z,movie,Porky's,1981,6.68383,5455,tt0084522,10246,https://trakt.tv/movies/porky-s-1981,1982-03-19,94,comedy
2023-06-30T21:54:30Z,movie,Porky's II: The Next Day,1983,6.21739,12124,tt0086129,19698,https://trakt.tv/movies/porky-s-ii-the-next-day-1983,1983-06-24,98,comedy
2023-06-30T21:53:40Z,movie,Porky's Revenge,1985,5.96444,14343,tt0089826,23919,https://trakt.tv/movies/porky-s-revenge-1985,1985-03-22,92,comedy
2023-06-30T21:55:27Z,movie,Porky's: Pimpin' Pee Wee,2009,4.45455,63431,tt1346302,84598,https://trakt.tv/movies/porky-s-pimpin-pee-wee-2009,2009-01-09,78,comedy
2023-10-01T00:58:32Z,movie,Powder Blue,2009,6.19451,10859,tt1032819,17740,https://trakt.tv/movies/powder-blue-2009,2009-05-08,106,drama
2023-08-10T19:42:38Z,movie,Precious Cargo,2016,6.49719,226629,tt4651410,384737,https://trakt.tv/movies/precious-cargo-2016,2016-07-15,99,"crime,action,thriller"
2023-08-08T22:41:37Z,movie,Predestination,2014,7.55964,128287,tt2397535,206487,https://trakt.tv/movies/predestination-2014,2014-08-28,98,"science-fiction,thriller"
2025-09-21T18:17:25Z,movie,Pretty Bird,2008,5.40741,26887,tt1058743,40818,https://trakt.tv/movies/pretty-bird-2008,2008-08-08,120,comedy
2023-05-07T06:11:12Z,movie,Pretty in Pink,1986,7.08403,6604,tt0091790,11522,https://trakt.tv/movies/pretty-in-pink-1986,1986-02-28,97,"romance,drama"
2023-05-25T14:01:19Z,movie,Pretty Woman,1990,7.39684,83,tt0100405,114,https://trakt.tv/movies/pretty-woman-1990,1990-03-23,120,"comedy,romance"
2022-07-03T07:35:38Z,movie,Pride and Glory,2008,6.65403,7701,tt0482572,13150,https://trakt.tv/movies/pride-and-glory-2008,2009-01-22,130,"crime,drama,thriller,mystery"
2022-06-30T00:57:37Z,movie,Primal Fear,1996,7.70725,1047,tt0117381,1592,https://trakt.tv/movies/primal-fear-1996,1996-04-03,129,"crime,drama,mystery,thriller"
2023-05-15T22:47:39Z,movie,Primary Colors,1998,6.55507,4727,tt0119942,9440,https://trakt.tv/movies/primary-colors-1998,1998-03-20,143,"drama,comedy"
2025-08-10T02:44:38Z,movie,Primer,2004,7.16011,8610,tt0390384,14337,https://trakt.tv/movies/primer-2004,2004-10-08,77,"drama,science-fiction,thriller"
2023-05-10T01:30:15Z,movie,Prince of Persia: The Sands of Time,2010,6.64993,4821,tt0473075,9543,https://trakt.tv/movies/prince-of-persia-the-sands-of-time-2010,2010-05-27,116,"action,adventure,fantasy"
2022-07-02T20:14:58Z,movie,Princess of Thieves,2001,6.17341,3278,tt0272790,5764,https://trakt.tv/movies/princess-of-thieves-2001,2001-03-11,88,"adventure,action"
2024-04-14T07:08:12Z,movie,Priscilla,2023,6.45286,820203,tt22041854,1020006,https://trakt.tv/movies/priscilla-2023,2023-10-27,113,"drama,romance"
2023-09-24T19:07:10Z,movie,Prisoners,2013,8.10086,96797,tt1392214,146233,https://trakt.tv/movies/prisoners-2013,2013-09-20,153,"crime,drama,thriller"
2023-08-07T21:20:42Z,movie,Prisoners of the Ghostland,2021,4.49856,371781,tt6372694,523638,https://trakt.tv/movies/prisoners-of-the-ghostland-2021,2021-01-31,103,"action,fantasy,horror,thriller"
2023-05-10T19:46:54Z,movie,Private Resort,1985,6.17476,10901,tt0089839,17824,https://trakt.tv/movies/private-resort-1985,1985-05-03,82,comedy
2022-07-03T09:54:29Z,movie,Proof of Life,2000,6.57621,6996,tt0228750,11983,https://trakt.tv/movies/proof-of-life-2000,2000-12-08,135,"thriller,drama,action"
2023-05-10T19:36:19Z,movie,Public Enemies,2009,6.86002,6420,tt1152836,11322,https://trakt.tv/movies/public-enemies-2009,2009-07-01,140,"crime,history,drama"
2023-05-08T01:40:43Z,movie,Pulp Fiction,1994,8.64778,554,tt0110912,680,https://trakt.tv/movies/pulp-fiction-1994,1994-10-14,154,"crime,thriller,comedy,drama"
2023-08-15T22:11:35Z,movie,Punch-Drunk Love,2002,7.16692,4018,tt0272338,8051,https://trakt.tv/movies/punch-drunk-love-2002,2002-10-11,96,"comedy,drama,romance"
2023-05-10T01:30:27Z,movie,Punisher: War Zone,2008,6.15729,7612,tt0450314,13056,https://trakt.tv/movies/punisher-war-zone-2008,2008-12-05,102,"action,crime,superhero"
2023-05-10T22:36:22Z,movie,Pursuit,2022,5.25954,697572,tt15106860,871799,https://trakt.tv/movies/pursuit-2022,2022-02-18,92,"action,crime,thriller,drama"
2023-05-10T20:45:55Z,movie,Pushing Tin,1999,6.35927,7363,tt0120797,12596,https://trakt.tv/movies/pushing-tin-1999,1999-04-23,124,"comedy,drama"
2023-08-08T19:12:18Z,movie,QT8: The First Eight,2019,7.38329,471502,tt4329810,631143,https://trakt.tv/movies/qt8-the-first-eight-2019,2019-10-21,103,documentary
2018-06-14T06:47:37Z,movie,Quantum of Solace,2008,6.81187,5927,tt0830515,10764,https://trakt.tv/movies/quantum-of-solace-2008,2008-10-31,106,"action,adventure,crime,thriller"
2022-07-02T22:10:45Z,movie,Queen of the Damned,2002,6.27175,6992,tt0238546,11979,https://trakt.tv/movies/queen-of-the-damned-2002,2002-04-04,101,"fantasy,horror,romance"
2023-08-09T16:23:21Z,movie,Quentin Tarantino: 20 Years of Filmmaking,2013,6.28125,124795,tt6021960,199951,https://trakt.tv/movies/quentin-tarantino-20-years-of-filmmaking-2013,2012-11-20,133,documentary
2024-08-09T00:11:56Z,movie,Quiz Show,1994,7.35855,6538,tt0110932,11450,https://trakt.tv/movies/quiz-show-1994,1994-09-16,133,"drama,history,mystery,game-show"
2023-06-30T21:58:17Z,movie,R.I.P.D.,2013,6.25665,34510,tt0790736,49524,https://trakt.tv/movies/r-i-p-d-2013,2013-07-19,96,"action,comedy,fantasy"
2023-06-30T21:59:25Z,movie,R.I.P.D. 2: Rise of the Damned,2022,5.86815,815135,tt21094994,1013860,https://trakt.tv/movies/r-i-p-d-2-rise-of-the-damned-2022,2022-11-15,102,"fantasy,action,comedy"
2022-07-03T09:56:09Z,movie,Rage,2014,5.75634,147585,tt2401807,242310,https://trakt.tv/movies/rage-2014,2014-05-09,98,"action,crime,thriller"
2023-08-10T19:44:54Z,movie,Raging Bull,1980,7.87572,1034,tt0081398,1578,https://trakt.tv/movies/raging-bull-1980,1980-11-14,129,drama
2023-05-08T20:45:42Z,movie,Raiders of the Lost Ark,1981,8.28376,54,tt0082971,85,https://trakt.tv/movies/raiders-of-the-lost-ark-1981,1981-06-12,115,"action,adventure"
2023-05-10T03:05:20Z,movie,Rain Man,1988,7.93937,304,tt0095953,380,https://trakt.tv/movies/rain-man-1988,1988-12-12,134,drama
2023-08-08T00:35:27Z,movie,Raising Arizona,1987,7.38637,302,tt0093822,378,https://trakt.tv/movies/raising-arizona-1987,1987-03-13,94,"comedy,crime"
2023-07-07T12:28:45Z,movie,Rambo,2008,6.98697,3952,tt0462499,7555,https://trakt.tv/movies/rambo-2008,2008-01-25,92,"action,thriller,war"
2023-07-07T12:28:56Z,movie,Rambo III,1988,6.51857,909,tt0095956,1370,https://trakt.tv/movies/rambo-iii-1988,1988-05-24,102,"action,adventure,thriller,war"
2023-07-07T12:25:44Z,movie,Rambo: First Blood Part II,1985,6.89646,908,tt0089880,1369,https://trakt.tv/movies/rambo-first-blood-part-ii-1985,1985-05-21,96,"action,adventure,thriller,war"
2023-07-07T12:28:52Z,movie,Rambo: Last Blood,2019,6.61991,371013,tt1206885,522938,https://trakt.tv/movies/rambo-last-blood-2019,2019-09-20,89,"action,thriller,drama"
2022-06-01T14:17:32Z,movie,Rampage,2018,6.76698,271850,tt2231461,427641,https://trakt.tv/movies/rampage-2018,2018-04-13,107,"action,adventure,science-fiction"
2023-08-15T21:11:25Z,movie,Ransom,1996,6.9569,2302,tt0117438,3595,https://trakt.tv/movies/ransom-1996,1996-11-08,121,"action,thriller"
2023-08-15T23:27:05Z,movie,Ray Donovan: The Movie,2022,6.99843,635441,tt14124268,800425,https://trakt.tv/movies/ray-donovan-the-movie-2022,2022-01-14,100,"crime,drama"
2023-03-09T21:25:36Z,movie,Real Genius,1985,7.40752,8632,tt0089886,14370,https://trakt.tv/movies/real-genius-1985,1985-08-07,106,"comedy,romance,science-fiction"
2023-05-10T01:28:23Z,movie,Real Steel,2011,7.29938,25482,tt0433035,39254,https://trakt.tv/movies/real-steel-2011,2011-10-06,127,"action,drama,science-fiction"
2023-08-01T19:24:29Z,movie,Reasonable Doubt,2014,6.3734,146902,tt2304953,240916,https://trakt.tv/movies/reasonable-doubt-2014,2014-03-18,91,"crime,thriller"
2024-01-28T20:09:23Z,movie,Rebel Moon - Part One: A Child of Fire,2023,6.32309,677824,tt14998742,848326,https://trakt.tv/movies/rebel-moon-part-one-a-child-of-fire-2023,2023-12-15,134,"science-fiction,action,adventure"
2025-03-18T00:25:48Z,movie,Rebel Moon - Part Two: The Scargiver,2024,6.44152,749680,tt23137904,934632,https://trakt.tv/movies/rebel-moon-part-two-the-scargiver-2024,2024-04-19,123,"science-fiction,action,adventure"
2024-09-13T07:03:59Z,movie,Rebel Ridge,2024,7.14453,483193,tt11301886,646097,https://trakt.tv/movies/rebel-ridge-2024,2024-09-06,132,"thriller,crime,action"
2020-04-26T00:00:24Z,movie,RED,2010,7.37957,25704,tt1245526,39514,https://trakt.tv/movies/red-2010,2010-10-14,111,"action,adventure,comedy,crime,thriller"
2020-04-26T00:01:23Z,movie,RED 2,2013,7.08042,96790,tt1821694,146216,https://trakt.tv/movies/red-2-2013,2013-07-19,116,"action,comedy,crime,thriller"
2023-10-25T07:06:04Z,movie,Red Dawn,1984,6.88728,1256,tt0087985,1880,https://trakt.tv/movies/red-dawn-1984,1984-08-10,114,"action,thriller,war,drama,science-fiction"
2023-10-25T07:06:00Z,movie,Red Dawn,2012,6.24719,43517,tt1234719,60747,https://trakt.tv/movies/red-dawn-2012,2012-11-21,93,"action,thriller"
2023-08-07T09:57:41Z,movie,Red Heat,1988,6.4478,4880,tt0095963,9604,https://trakt.tv/movies/red-heat-1988,1988-06-17,104,"action,crime"
2023-05-05T12:59:51Z,movie,Red Notice,2021,6.71427,359731,tt7991608,512195,https://trakt.tv/movies/red-notice-2021,2021-11-05,118,"action,comedy,crime"
2024-12-15T08:04:00Z,movie,Red One,2024,6.906,675565,tt14948432,845781,https://trakt.tv/movies/red-one-2024,2024-11-15,124,"holiday,action,comedy,fantasy"
2023-05-25T14:03:26Z,movie,Red Riding Hood,2011,6.00153,34673,tt1486185,49730,https://trakt.tv/movies/red-riding-hood-2011,2011-03-10,100,"thriller,fantasy,horror,drama,mystery,romance"
2023-02-05T17:28:26Z,movie,Red Sparrow,2018,7.02526,254340,tt2873282,401981,https://trakt.tv/movies/red-sparrow-2018,2018-03-02,140,"thriller,mystery"
2023-05-25T11:17:37Z,movie,Redemption Day,2021,5.83863,605439,tt4439620,767304,https://trakt.tv/movies/redemption-day-2021,2021-01-08,100,"action,romance,war"
2023-08-17T14:11:25Z,movie,Reign of Fire,2002,6.59393,3562,tt0253556,6278,https://trakt.tv/movies/reign-of-fire-2002,2002-07-09,101,"action,fantasy,adventure"
2023-08-09T00:24:11Z,movie,Rendition,2007,6.67059,2988,tt0804522,5125,https://trakt.tv/movies/rendition-2007,2007-09-07,120,"drama,thriller"
2023-08-07T21:27:25Z,movie,Renfield,2023,6.63239,485769,tt11358390,649609,https://trakt.tv/movies/renfield-2023,2023-04-14,93,"horror,comedy,fantasy"
2023-08-15T23:39:56Z,movie,Repo Men,2010,6.66097,20443,tt1053424,31867,https://trakt.tv/movies/repo-men-2010,2010-03-18,111,"action,crime,science-fiction,thriller"
2023-08-10T19:46:00Z,movie,Reprisal,2018,5.85939,383656,tt6547170,531593,https://trakt.tv/movies/reprisal-2018,2018-08-31,89,"action,thriller,adventure"
2022-05-31T12:34:00Z,movie,Reservoir Dogs,1992,8.233,392,tt0105236,500,https://trakt.tv/movies/reservoir-dogs-1992,1992-10-23,99,"crime,thriller"
2022-07-01T22:01:59Z,movie,Resident Evil,2002,7.06694,1032,tt0120804,1576,https://trakt.tv/movies/resident-evil-2002,2002-03-15,100,"action,horror,science-fiction"
2022-07-01T22:01:43Z,movie,Resident Evil: Afterlife,2010,6.38044,22685,tt1220634,35791,https://trakt.tv/movies/resident-evil-afterlife-2010,2010-09-10,97,"action,adventure,horror,science-fiction"
2022-07-01T22:01:45Z,movie,Resident Evil: Apocalypse,2004,6.67627,1033,tt0318627,1577,https://trakt.tv/movies/resident-evil-apocalypse-2004,2004-09-10,94,"action,horror,science-fiction"
2022-07-01T22:01:44Z,movie,Resident Evil: Extinction,2007,6.65494,3956,tt0432021,7737,https://trakt.tv/movies/resident-evil-extinction-2007,2007-09-21,94,"action,horror,science-fiction"
2022-07-01T22:01:43Z,movie,Resident Evil: Retribution,2012,6.13877,52594,tt1855325,71679,https://trakt.tv/movies/resident-evil-retribution-2012,2012-09-14,95,"action,horror,science-fiction"
2022-07-01T22:01:41Z,movie,Resident Evil: The Final Chapter,2016,6.64079,110398,tt2592614,173897,https://trakt.tv/movies/resident-evil-the-final-chapter-2016,2017-01-27,107,"action,horror,science-fiction"
2022-07-01T22:01:39Z,movie,Resident Evil: Welcome to Raccoon City,2021,5.60862,307489,tt6920084,460458,https://trakt.tv/movies/resident-evil-welcome-to-raccoon-city-2021,2021-11-24,107,"action,horror,science-fiction"
2023-08-12T07:05:37Z,movie,Resurrection,2021,6.53333,645047,tt14169248,811114,https://trakt.tv/movies/resurrection-2021,2021-03-27,95,"drama,history"
2023-09-24T19:07:03Z,movie,Retribution,2023,6.12046,600944,tt6906292,762430,https://trakt.tv/movies/retribution-2023,2023-08-25,91,"thriller,action,adventure"
2023-06-16T23:01:22Z,movie,Return of the Jedi,1983,8.35521,1267,tt0086190,1892,https://trakt.tv/movies/return-of-the-jedi-1983,1983-05-25,132,"action,adventure,science-fiction"
2025-07-16T05:06:28Z,movie,Return of the Seven,1966,6.25311,7404,tt0060897,12639,https://trakt.tv/movies/return-of-the-seven-1966,1966-10-19,95,western
2023-05-22T15:59:03Z,movie,Revolver,2005,6.52739,6008,tt0365686,10851,https://trakt.tv/movies/revolver-2005,2005-09-28,111,"crime,drama,mystery,thriller"
2024-08-10T23:36:42Z,movie,Ricky Gervais Live 4: Science,2010,7.40639,123832,tt1815899,198391,https://trakt.tv/movies/ricky-gervais-live-4-science-2010,2010-11-21,79,comedy
2024-08-10T23:36:43Z,movie,Ricky Gervais: Humanity,2018,7.59011,356367,tt7830574,508933,https://trakt.tv/movies/ricky-gervais-humanity-2018,2018-03-13,79,comedy
2023-05-25T14:04:05Z,movie,Ride Along,2014,6.72461,107707,tt1408253,168530,https://trakt.tv/movies/ride-along-2014,2014-01-17,99,"action,comedy"
2023-05-25T14:04:05Z,movie,Ride Along 2,2016,6.90064,204307,tt2869728,323675,https://trakt.tv/movies/ride-along-2-2016,2016-01-15,102,"comedy,action"
2025-04-16T05:02:45Z,movie,Riff Raff,2025,6.1365,907654,tt27775403,1127767,https://trakt.tv/movies/riff-raff-2025,2025-02-28,103,"comedy,crime,drama"
2023-08-15T23:05:18Z,movie,Righteous Kill,2008,6.20695,7870,tt1034331,13389,https://trakt.tv/movies/righteous-kill-2008,2008-09-12,101,"crime,thriller,mystery"
2023-05-05T22:09:04Z,movie,Righteous Thieves,2023,5.82171,675695,tt14740118,845890,https://trakt.tv/movies/righteous-thieves-2023,2023-03-10,91,"thriller,action,crime"
2023-05-10T01:20:25Z,movie,Rise of the Planet of the Apes,2011,7.67491,44345,tt1318514,61791,https://trakt.tv/movies/rise-of-the-planet-of-the-apes-2011,2011-08-05,105,"action,drama,science-fiction,thriller"
2023-05-25T14:06:18Z,movie,Risky Business,1983,7.03206,4639,tt0086200,9346,https://trakt.tv/movies/risky-business-1983,1983-08-05,98,"comedy,romance,drama"
2023-08-16T01:54:32Z,movie,River Wild,2023,6.18336,804263,tt21291992,1000475,https://trakt.tv/movies/river-wild-2023,2023-08-01,91,"adventure,thriller,mystery"
2023-07-08T02:03:43Z,movie,Road House,1989,7.16979,5352,tt0098206,10135,https://trakt.tv/movies/road-house-1989,1989-05-19,114,"action,thriller"
2024-03-23T19:08:02Z,movie,Road House,2024,6.70375,238504,tt3359350,359410,https://trakt.tv/movies/road-house-2024,2024-03-20,121,"action,thriller"
2023-05-11T01:10:23Z,movie,Road to Perdition,2002,7.55566,2439,tt0257044,4147,https://trakt.tv/movies/road-to-perdition-2002,2002-07-12,117,"crime,drama,thriller"
2023-06-12T17:57:38Z,movie,Roald Dahl's The Witches,2020,6.12445,382997,tt0805647,531219,https://trakt.tv/movies/roald-dahl-s-the-witches-2020,2020-10-22,106,"fantasy,comedy,family,horror"
2024-09-21T07:04:52Z,movie,Robin and the Hoods,2024,5.28571,968073,tt21326904,1199294,https://trakt.tv/movies/robin-and-the-hoods-2024,2024-07-26,100,"family,adventure,fantasy"
2022-07-03T23:30:14Z,movie,Robin Hood,2010,6.73655,12693,tt0955308,20662,https://trakt.tv/movies/robin-hood-2010,2010-05-14,140,"adventure,action,history"
2022-07-02T06:16:20Z,movie,Robin Hood,2018,6.41266,225109,tt4532826,375588,https://trakt.tv/movies/robin-hood-2018,2018-11-03,116,"adventure,action,thriller,fantasy"
2023-05-07T07:19:48Z,movie,Robin Hood: Men in Tights,1993,7.18687,4000,tt0107977,8005,https://trakt.tv/movies/robin-hood-men-in-tights-1993,1993-07-28,104,comedy
2022-07-02T22:11:17Z,movie,Robin Hood: Prince of Thieves,1991,7.16308,4153,tt0102798,8367,https://trakt.tv/movies/robin-hood-prince-of-thieves-1991,1991-06-14,143,"adventure,action,drama"
2023-05-12T15:52:55Z,movie,Rocket Science,2007,6.46241,7624,tt0477078,13068,https://trakt.tv/movies/rocket-science-2007,2007-01-19,101,"comedy,drama"
2022-06-30T22:21:09Z,movie,RocknRolla,2008,7.35499,8206,tt1032755,13809,https://trakt.tv/movies/rocknrolla-2008,2008-09-04,114,"action,crime,thriller"
2023-06-18T23:09:37Z,movie,Rocky,1976,7.91729,905,tt0075148,1366,https://trakt.tv/movies/rocky-1976,1976-11-20,120,drama
2023-06-18T23:18:36Z,movie,Rocky Balboa,2006,7.18074,862,tt0479143,1246,https://trakt.tv/movies/rocky-balboa-2006,2006-12-20,102,drama
2023-06-18T23:11:47Z,movie,Rocky II,1979,7.51525,906,tt0079817,1367,https://trakt.tv/movies/rocky-ii-1979,1979-06-15,120,drama
2023-06-18T23:15:29Z,movie,Rocky III,1982,7.18047,910,tt0084602,1371,https://trakt.tv/movies/rocky-iii-1982,1982-05-28,99,drama
2023-06-18T23:16:30Z,movie,Rocky IV,1985,7.23831,913,tt0089927,1374,https://trakt.tv/movies/rocky-iv-1985,1985-11-21,91,drama
2023-06-18T23:17:48Z,movie,Rocky V,1990,6.01347,914,tt0100507,1375,https://trakt.tv/movies/rocky-v-1990,1990-11-16,104,drama
2023-06-16T22:58:43Z,movie,Rogue One: A Star Wars Story,2016,7.93054,211396,tt3748528,330459,https://trakt.tv/movies/rogue-one-a-star-wars-story-2016,2016-12-16,133,"science-fiction,adventure,action"
2023-05-25T14:07:14Z,movie,Romancing the Stone,1984,7.1177,4623,tt0088011,9326,https://trakt.tv/movies/romancing-the-stone-1984,1984-03-30,106,"action,adventure,romance,comedy"
2023-03-22T01:35:08Z,movie,Ronin,1998,7.51609,4065,tt0122690,8195,https://trakt.tv/movies/ronin-1998,1998-09-25,122,"action,crime,thriller"
2024-01-10T01:06:05Z,movie,Roof Culture Asia,2017,7.55882,289918,tt7516844,443086,https://trakt.tv/movies/roof-culture-asia-2017,2017-09-04,113,documentary
2023-05-11T00:10:52Z,movie,Rounders,1998,7.44853,5432,tt0128442,10220,https://trakt.tv/movies/rounders-1998,1998-09-11,121,"crime,drama"
2023-05-28T04:59:28Z,movie,Rudy,1993,7.59542,8752,tt0108002,14534,https://trakt.tv/movies/rudy-1993,1993-10-13,114,"drama,history"
2022-07-03T09:12:05Z,movie,Rules of Engagement,2000,6.81818,5662,tt0160797,10479,https://trakt.tv/movies/rules-of-engagement-2000,2000-04-07,128,"drama,war"
2024-08-31T19:02:36Z,movie,Run Hide Fight,2021,6.80445,469548,tt11456054,629017,https://trakt.tv/movies/run-hide-fight-2021,2021-01-14,109,"action,crime,thriller"
2022-07-03T07:00:17Z,movie,Runaway Jury,2003,7.2775,6426,tt0313542,11329,https://trakt.tv/movies/runaway-jury-2003,2003-10-17,127,"drama,thriller"
2024-03-10T20:06:38Z,movie,Running Scared,1986,6.90963,9567,tt0091875,15698,https://trakt.tv/movies/running-scared-1986,1986-06-27,107,"action,comedy,crime,thriller"
2023-08-07T21:12:26Z,movie,Running with the Devil,2019,6.41388,371391,tt5792656,523077,https://trakt.tv/movies/running-with-the-devil-2019,2019-09-20,100,"crime,drama,thriller"
2025-04-24T02:24:30Z,movie,Rush Hour,1998,7.39565,1458,tt0120812,2109,https://trakt.tv/movies/rush-hour-1998,1998-09-18,97,"action,comedy,crime"
2025-07-04T05:07:38Z,movie,Rush Hour 3,2007,6.7075,3013,tt0293564,5174,https://trakt.tv/movies/rush-hour-3-2007,2007-08-10,90,"action,comedy,crime"
2024-04-14T07:08:13Z,movie,Ruthless,2023,6.55038,791118,tt14670094,984249,https://trakt.tv/movies/ruthless-2023,2023-12-15,93,"action,thriller"
2022-05-31T11:51:36Z,movie,S.W.A.T.,2003,6.47174,4557,tt0257076,9257,https://trakt.tv/movies/s-w-a-t-2003,2003-08-08,117,"action,crime,thriller"
2023-06-29T12:00:56Z,movie,S.W.A.T.: Firefight,2011,5.91934,38566,tt1621429,54445,https://trakt.tv/movies/s-w-a-t-firefight-2011,2011-03-01,89,"action,crime,thriller"
2023-06-29T12:00:58Z,movie,S.W.A.T.: Under Siege,2017,6.2666,308232,tt6014472,461053,https://trakt.tv/movies/s-w-a-t-under-siege-2017,2017-08-01,89,"action,crime,thriller"
2023-08-07T09:50:06Z,movie,Sabotage,2014,6.13974,95827,tt1742334,144336,https://trakt.tv/movies/sabotage-2014,2014-03-28,110,"action,crime,drama,thriller"
2023-05-28T17:47:11Z,movie,Safe,2012,6.86057,53166,tt1656190,72387,https://trakt.tv/movies/safe-2012,2012-04-16,94,"action,crime,thriller"
2022-07-01T01:54:27Z,movie,Safe House,2012,7.05624,42891,tt1599348,59961,https://trakt.tv/movies/safe-house-2012,2012-02-10,115,"action,thriller"
2023-05-10T03:05:43Z,movie,Sahara,2005,6.48252,3902,tt0318649,7364,https://trakt.tv/movies/sahara-2005,2005-04-08,124,"action,adventure,comedy,drama,mystery"
2023-08-28T07:03:09Z,movie,Salem Witch Trials,2002,5.72222,11998,tt0284450,19496,https://trakt.tv/movies/salem-witch-trials-2002,2002-12-24,240,"drama,history"
2023-10-25T07:06:02Z,movie,Salomé,2013,6.10909,134297,tt3112900,217919,https://trakt.tv/movies/salome-2013,2013-08-10,81,drama
2020-04-26T00:00:22Z,movie,Salt,2010,6.84992,16981,tt0944835,27576,https://trakt.tv/movies/salt-2010,2010-07-23,100,"action,mystery,thriller"
2023-06-25T08:29:49Z,movie,Samaritan,2022,6.23739,473232,tt5500218,629176,https://trakt.tv/movies/samaritan-2022,2022-08-25,102,"action,superhero,science-fiction,crime"
2023-05-25T14:12:13Z,movie,Samson,2018,6.31043,322037,tt6951892,474392,https://trakt.tv/movies/samson-2018,2018-02-16,110,"action,drama,adventure"
2023-05-25T14:12:51Z,movie,San Andreas,2015,6.56654,154554,tt2126355,254128,https://trakt.tv/movies/san-andreas-2015,2015-05-29,114,"action,drama,thriller"
2023-05-05T13:02:12Z,movie,SAS: Red Notice,2021,6.30359,441796,tt4479380,595743,https://trakt.tv/movies/sas-red-notice-2021,2021-03-16,120,"action,thriller,drama"
2023-05-15T15:09:25Z,movie,Saturday Night Fever,1977,6.80084,6147,tt0076666,11009,https://trakt.tv/movies/saturday-night-fever-1977,1977-12-16,118,"drama,music"
2022-07-03T09:13:16Z,movie,Savages,2012,6.71586,61726,tt1615065,82525,https://trakt.tv/movies/savages-2012,2012-07-06,131,"crime,drama,thriller"
2023-06-10T03:52:01Z,movie,Saving Mr. Banks,2013,7.51831,94118,tt2140373,140823,https://trakt.tv/movies/saving-mr-banks-2013,2013-12-13,125,"comedy,drama,history"
2023-05-08T23:48:24Z,movie,Saving Private Ryan,1998,8.51706,700,tt0120815,857,https://trakt.tv/movies/saving-private-ryan-1998,1998-07-24,169,"drama,history,war"
2023-05-12T16:44:26Z,movie,Saving Silverman,2001,6.22899,6035,tt0239948,10878,https://trakt.tv/movies/saving-silverman-2001,2001-02-09,90,"comedy,crime,romance"
2023-05-10T20:54:26Z,movie,Say Anything...,1989,7.34983,1388,tt0098258,2028,https://trakt.tv/movies/say-anything-1989,1989-04-14,100,"comedy,drama,romance"
2023-05-08T01:40:23Z,movie,Scarface,1983,8.28628,80,tt0086250,111,https://trakt.tv/movies/scarface-1983,1983-12-09,170,"action,crime,drama"
2023-05-25T16:12:57Z,movie,Scent of a Woman,1992,8.03766,4761,tt0105323,9475,https://trakt.tv/movies/scent-of-a-woman-1992,1992-12-23,156,drama
2023-05-12T17:12:41Z,movie,Scott Pilgrim vs. the World,2010,7.82564,13716,tt0446029,22538,https://trakt.tv/movies/scott-pilgrim-vs-the-world-2010,2010-08-13,113,"action,comedy,romance"
2023-10-29T07:08:30Z,movie,Se7en,1995,8.5343,650,tt0114369,807,https://trakt.tv/movies/se7en-1995,1995-09-22,127,"crime,mystery,thriller"
2023-07-24T21:19:52Z,movie,Seal Team Six: The Raid on Osama Bin Laden,2012,6.61364,88891,tt2095605,130267,https://trakt.tv/movies/seal-team-six-the-raid-on-osama-bin-laden-2012,2012-11-04,90,"action,drama,thriller"
2022-07-03T09:56:33Z,movie,Season of the Witch,2011,5.73722,13967,tt0479997,23047,https://trakt.tv/movies/season-of-the-witch-2011,2011-01-07,95,"action,adventure,fantasy"
2023-05-10T20:27:39Z,movie,Secondhand Lions,2003,7.79953,7707,tt0327137,13156,https://trakt.tv/movies/secondhand-lions-2003,2003-09-19,111,"comedy,family"
2023-08-19T05:05:35Z,movie,Secret Headquarters,2022,6.36813,627015,tt14001894,791155,https://trakt.tv/movies/secret-headquarters-2022,2022-08-12,104,"science-fiction,adventure,superhero,action,family,comedy"
2023-03-22T01:35:07Z,movie,Secret Society of Second Born Royals,2020,6.11674,464115,tt10324122,621870,https://trakt.tv/movies/secret-society-of-second-born-royals-2020,2020-09-25,97,"fantasy,action,adventure,comedy"
2023-10-09T19:08:41Z,movie,Secrets in the Sky: The Untold Story of Skunk Works,2019,7.5641,452198,tt10452178,607847,https://trakt.tv/movies/secrets-in-the-sky-the-untold-story-of-skunk-works-2019,2019-06-09,90,"documentary,history"
2023-01-07T01:02:05Z,movie,Section 8,2022,5.81875,716548,tt14950412,893228,https://trakt.tv/movies/section-8-2022-09-23,2022-09-23,98,"action,thriller"
2023-06-18T03:10:00Z,movie,"See No Evil, Hear No Evil",1989,7.19433,6311,tt0098282,11185,https://trakt.tv/movies/see-no-evil-hear-no-evil-1989,1989-05-12,102,"comedy,crime"
2023-08-07T22:17:26Z,movie,Seeking Justice,2011,6.32377,55273,tt1214962,74998,https://trakt.tv/movies/seeking-justice-2011,2012-03-16,105,"action,drama,thriller"
2023-08-10T00:33:23Z,movie,Selena,1997,7.48868,9832,tt0120094,16052,https://trakt.tv/movies/selena-1997,1997-03-21,127,"drama,music,history"
2023-10-07T19:03:32Z,movie,Self/less,2015,6.91483,145648,tt2140379,238615,https://trakt.tv/movies/self-less-2015,2015-07-10,117,"science-fiction,thriller,action"
2022-07-01T00:26:13Z,movie,Seven Psychopaths,2012,7.20942,65319,tt1931533,86838,https://trakt.tv/movies/seven-psychopaths-2012,2012-12-05,110,"comedy,crime"
2023-03-30T00:01:57Z,movie,Seventh Son,2014,6.11472,50147,tt1121096,68737,https://trakt.tv/movies/seventh-son-2014,2015-02-05,102,"adventure,fantasy"
2023-07-28T20:59:47Z,movie,Shade,2003,6.87459,8787,tt0323939,14576,https://trakt.tv/movies/shade-2003,2003-05-18,101,"action,crime,thriller"
2023-08-07T19:59:41Z,movie,Shadow Conspiracy,1997,5.9,24589,tt0120107,38153,https://trakt.tv/movies/shadow-conspiracy-1997,1997-01-31,103,thriller
2023-07-07T14:34:51Z,movie,Shadow in the Cloud,2021,5.72909,508648,tt9691136,675327,https://trakt.tv/movies/shadow-in-the-cloud-2021,2021-02-04,83,"action,horror,war"
2023-05-10T23:29:16Z,movie,Shaft,2000,6.529,377,tt0162650,479,https://trakt.tv/movies/shaft-2000,2000-06-15,99,"action,adventure,crime,thriller"
2023-05-10T22:47:28Z,movie,Shaft,2019,7.10962,333115,tt4463894,486131,https://trakt.tv/movies/shaft-2019,2019-06-14,111,"action,crime,comedy,mystery"
2023-05-05T12:45:58Z,movie,Shang-Chi and the Legend of the Ten Rings,2021,7.41248,416151,tt9376612,566525,https://trakt.tv/movies/shang-chi-and-the-legend-of-the-ten-rings-2021,2021-09-03,132,"action,adventure,fantasy,superhero"
2023-05-10T21:09:00Z,movie,Shanghai,2010,5.83391,24810,tt1092634,38407,https://trakt.tv/movies/shanghai-2010,2010-10-02,105,"drama,mystery,thriller"
2023-06-11T14:42:00Z,movie,Sharper,2023,6.88295,560894,tt12573454,717980,https://trakt.tv/movies/sharper-2023,2023-02-10,115,"drama,crime,thriller"
2023-09-24T19:07:07Z,movie,Shaun of the Dead,2004,7.93574,592,tt0365748,747,https://trakt.tv/movies/shaun-of-the-dead-2004,2004-04-09,99,"comedy,horror"
2022-06-01T17:15:25Z,movie,Shazam!,2019,7.14848,184992,tt0448115,287947,https://trakt.tv/movies/shazam-2019,2019-04-05,132,"superhero,comedy,fantasy,action"
2023-05-05T11:47:51Z,movie,Shazam! Fury of the Gods,2023,6.23197,440996,tt10151854,594767,https://trakt.tv/movies/shazam-fury-of-the-gods-2023,2023-03-17,130,"comedy,fantasy,action,superhero"
2023-05-08T21:27:35Z,movie,Sherlock Holmes,2009,7.6336,5706,tt0988045,10528,https://trakt.tv/movies/sherlock-holmes-2009,2010-01-28,129,"action,adventure,crime,mystery"
2023-05-08T21:27:41Z,movie,Sherlock Holmes: A Game of Shadows,2011,7.52717,41908,tt1515091,58574,https://trakt.tv/movies/sherlock-holmes-a-game-of-shadows-2011,2011-12-16,129,"action,adventure,crime,mystery"
2023-05-15T15:09:11Z,movie,She's So Lovely,1997,6.10569,24710,tt0120112,38295,https://trakt.tv/movies/she-s-so-lovely-1997,1997-08-29,100,"drama,thriller,romance"
2022-07-03T09:57:01Z,movie,Shoot 'Em Up,2007,6.83715,2437,tt0465602,4141,https://trakt.tv/movies/shoot-em-up-2007,2007-07-26,86,"action,comedy,crime,thriller"
2023-05-25T17:54:58Z,movie,Shooter,2007,7.43154,3925,tt0822854,7485,https://trakt.tv/movies/shooter-2007,2007-03-22,124,"action,drama,thriller"
2023-06-25T08:32:20Z,movie,Shotgun Wedding,2022,6.09705,597233,tt9686790,758009,https://trakt.tv/movies/shotgun-wedding-2022,2023-01-26,101,"comedy,action,romance"
2023-05-21T03:09:58Z,movie,Showtime,2002,5.98856,3329,tt0284490,5851,https://trakt.tv/movies/showtime-2002,2002-03-14,95,"action,comedy"
2023-08-07T20:57:32Z,movie,Shrapnel,2023,6.27308,790215,tt11069220,982932,https://trakt.tv/movies/shrapnel-2023,2023-07-28,89,"action,thriller,drama"
2022-06-01T14:21:33Z,movie,Siberia,2018,5.44145,284829,tt6494418,438689,https://trakt.tv/movies/siberia-2018-07-13,2018-07-13,105,"thriller,romance,crime"
2016-04-27T04:02:13Z,movie,Sicario,2015,7.62382,171369,tt3397884,273481,https://trakt.tv/movies/sicario-2015,2015-09-18,122,"crime,thriller,action"
2022-06-01T14:19:35Z,movie,Sicario: Day of the Soldado,2018,7.22326,256522,tt5052474,400535,https://trakt.tv/movies/sicario-day-of-the-soldado-2018,2018-06-29,122,"action,crime,thriller"
2023-08-15T21:09:01Z,movie,Signs,2002,6.85098,1805,tt0286106,2675,https://trakt.tv/movies/signs-2002,2002-08-02,106,"drama,mystery,science-fiction,thriller"
2023-07-30T07:03:14Z,movie,Silver Linings Playbook,2012,7.58979,61867,tt1045658,82693,https://trakt.tv/movies/silver-linings-playbook-2012,2012-11-16,122,"comedy,drama,romance"
2023-06-30T17:34:07Z,movie,Simulant,2023,5.90209,756543,tt13130024,942199,https://trakt.tv/movies/simulant-2023,2023-04-07,95,"science-fiction,thriller"
2023-05-08T21:03:36Z,movie,Sin City,2005,7.72747,151,tt0401792,187,https://trakt.tv/movies/sin-city-2005,2005-04-01,124,"crime,thriller"
2023-05-08T21:03:15Z,movie,Sin City: A Dame to Kill For,2014,6.66888,152,tt0458481,189,https://trakt.tv/movies/sin-city-a-dame-to-kill-for-2014,2014-08-22,102,"crime,action,thriller"
2023-05-10T20:59:50Z,movie,Singularity,2017,5.3927,331788,tt7312940,484886,https://trakt.tv/movies/singularity-2017,2017-11-24,92,science-fiction
2023-06-22T22:24:06Z,movie,Sinister Squad,2016,4.8,249434,tt5481984,404947,https://trakt.tv/movies/sinister-squad-2016,2016-07-05,90,"fantasy,action,horror"
2023-10-01T00:58:31Z,movie,Sinners and Saints,2010,6.33517,47972,tt1130969,66193,https://trakt.tv/movies/sinners-and-saints-2010,2010-06-30,104,"action,crime,thriller"
2023-05-14T19:20:21Z,movie,Six Pack,1982,7.24306,32297,tt0084690,46925,https://trakt.tv/movies/six-pack-1982,1982-07-16,108,"comedy,drama,family"
2023-05-10T18:43:18Z,movie,Sixteen Candles,1984,7.05688,9192,tt0088128,15144,https://trakt.tv/movies/sixteen-candles-1984,1984-05-04,93,"romance,comedy"
2018-06-14T06:46:58Z,movie,Skyfall,2012,7.74606,24221,tt1074638,37724,https://trakt.tv/movies/skyfall-2012,2012-10-25,143,"action,adventure,thriller"
2023-08-15T19:24:47Z,movie,Sleepers,1996,7.6863,662,tt0117665,819,https://trakt.tv/movies/sleepers-1996,1996-10-18,147,"crime,drama,thriller"
2024-04-10T19:10:12Z,movie,Sleeping Dogs,2024,6.90076,786335,tt8542964,978592,https://trakt.tv/movies/sleeping-dogs-2024,2024-08-01,112,"drama,thriller,mystery,crime"
2023-08-09T00:13:11Z,movie,Sleeping with the Enemy,1991,6.75714,3904,tt0102945,7442,https://trakt.tv/movies/sleeping-with-the-enemy-1991,1991-02-08,99,"thriller,drama,suspense"
2023-05-10T19:43:20Z,movie,Sleepy Hollow,1999,7.31835,1799,tt0162661,2668,https://trakt.tv/movies/sleepy-hollow-1999,1999-11-19,105,"fantasy,mystery,thriller,horror"
2023-05-08T21:53:08Z,movie,Slumdog Millionaire,2008,7.87379,7198,tt1010048,12405,https://trakt.tv/movies/slumdog-millionaire-2008,2009-01-09,120,"drama,romance,game-show"
2024-01-28T20:09:22Z,movie,Sly,2023,7.171,923147,tt28254460,1146302,https://trakt.tv/movies/sly-2023,2023-11-03,97,documentary
2025-01-12T00:09:27Z,movie,Smart Money,1931,6.78571,10989,tt0022403,17966,https://trakt.tv/movies/smart-money-1931,1931-06-11,81,"crime,drama"
2023-07-07T16:07:20Z,movie,Smokey and the Bandit,1977,7.59512,6144,tt0076729,11006,https://trakt.tv/movies/smokey-and-the-bandit-1977,1977-05-27,96,"action,adventure,comedy"
2023-07-07T16:07:19Z,movie,Smokey and the Bandit II,1980,6.63239,7452,tt0081529,12705,https://trakt.tv/movies/smokey-and-the-bandit-ii-1980,1980-08-15,101,"action,comedy"
2023-07-07T16:07:28Z,movie,Smokey and the Bandit Part 3,1983,5.43434,9177,tt0086325,15120,https://trakt.tv/movies/smokey-and-the-bandit-part-3-1983,1983-08-12,85,"action,comedy,crime"
2022-06-30T23:01:19Z,movie,Smokin' Aces,2006,6.82883,3940,tt0475394,7516,https://trakt.tv/movies/smokin-aces-2006,2007-08-01,109,"action,comedy,crime,drama"
2022-07-01T01:53:51Z,movie,Smokin' Aces 2: Assassins' Ball,2010,5.61313,18630,tt1319743,29564,https://trakt.tv/movies/smokin-aces-2-assassins-ball-2010,2010-01-19,86,"action,comedy"
2023-08-07T21:52:53Z,movie,Snake Eyes,1998,6.44392,4268,tt0120832,8688,https://trakt.tv/movies/snake-eyes-1998,1998-08-07,98,"thriller,crime,mystery"
2023-05-10T02:45:17Z,movie,Snake Eyes: G.I. Joe Origins,2021,6.16305,420170,tt8404256,568620,https://trakt.tv/movies/snake-eyes-g-i-joe-origins-2021,2021-07-23,121,"action,adventure"
2022-06-01T10:17:46Z,movie,Snatch,2000,8.23111,76,tt0208092,107,https://trakt.tv/movies/snatch-2000,2000-09-01,103,"crime,comedy"
2023-08-09T05:59:16Z,movie,Sneakers,1992,7.44733,1639,tt0105435,2322,https://trakt.tv/movies/sneakers-1992,1992-09-09,126,"comedy,crime,drama"
2023-08-01T19:24:20Z,movie,Sniper,1993,6.66594,4823,tt0108171,9545,https://trakt.tv/movies/sniper-1993,1993-01-29,98,"action,drama,thriller"
2023-08-01T19:24:29Z,movie,Sniper 2,2002,6.16514,8545,tt0338450,14245,https://trakt.tv/movies/sniper-2-2002,2002-12-28,91,action
2023-08-12T07:05:45Z,movie,Sniper 3,2004,6.02857,8546,tt0408196,14247,https://trakt.tv/movies/sniper-3-2004,2004-10-19,91,"action,thriller,drama"
2023-08-01T19:24:29Z,movie,Sniper: Assassin's End,2020,6.28814,546388,tt12305696,702936,https://trakt.tv/movies/sniper-assassin-s-end-2020,2020-06-16,95,action
2023-08-01T19:24:25Z,movie,Sniper: Ghost Shooter,2016,6.67751,253166,tt5090828,407375,https://trakt.tv/movies/sniper-ghost-shooter-2016,2016-08-02,100,"war,action,drama"
2023-08-01T19:24:25Z,movie,Sniper: Legacy,2014,6.35231,187633,tt3776288,290729,https://trakt.tv/movies/sniper-legacy-2014,2014-09-30,98,"action,thriller"
2023-08-01T19:24:09Z,movie,Sniper: Reloaded,2011,6.08493,42063,tt1571243,58767,https://trakt.tv/movies/sniper-reloaded-2011,2011-04-26,91,"action,thriller,drama,war"
2023-08-01T19:24:24Z,movie,Sniper: Rogue Mission,2022,5.91982,801619,tt21222434,997120,https://trakt.tv/movies/sniper-rogue-mission-2022,2022-08-16,96,"action,thriller,mystery"
2023-08-01T19:24:18Z,movie,Sniper: Ultimate Kill,2017,6.59495,312198,tt6349302,464889,https://trakt.tv/movies/sniper-ultimate-kill-2017,2017-10-03,93,action
2023-10-11T13:15:06Z,movie,Snitch,2013,6.73188,90875,tt0882977,134411,https://trakt.tv/movies/snitch-2013,2013-02-22,112,"drama,thriller,action"
2025-05-18T05:06:23Z,movie,Snow White,2025,4.59029,293904,tt6208148,447273,https://trakt.tv/movies/snow-white-2025,2025-03-21,109,"family,fantasy,musical"
2022-07-12T11:00:03Z,movie,Snow White and the Huntsman,2012,6.34283,41918,tt1735898,58595,https://trakt.tv/movies/snow-white-and-the-huntsman-2012,2012-06-01,127,"adventure,drama,fantasy"
2023-06-07T22:19:33Z,movie,Snowden,2016,7.59725,195472,tt3774114,302401,https://trakt.tv/movies/snowden-2016,2016-09-16,134,"drama,history,crime,thriller"
2023-08-15T22:03:54Z,movie,Solaris,2002,6.26432,1452,tt0307479,2103,https://trakt.tv/movies/solaris-2002,2002-11-27,99,"drama,mystery,science-fiction"
2023-06-16T22:57:25Z,movie,Solo: A Star Wars Story,2018,7.02651,221890,tt3778644,348350,https://trakt.tv/movies/solo-a-star-wars-story-2018,2018-05-25,135,"science-fiction,adventure,action"
2023-08-01T19:24:18Z,movie,Soul Men,2008,6.97821,8853,tt1111948,14655,https://trakt.tv/movies/soul-men-2008,2008-11-07,103,"comedy,music"
2023-08-16T01:47:28Z,movie,Soulcatcher,2023,4.74909,925834,tt28290233,1149381,https://trakt.tv/movies/soulcatcher-2023,2023-08-02,99,"action,war"
2023-07-17T05:10:00Z,movie,Sound of Freedom,2023,7.58755,518521,tt7599146,678512,https://trakt.tv/movies/sound-of-freedom-2023,2023-07-04,131,"action,drama"
2023-11-04T03:38:48Z,movie,Source Code,2011,7.51713,31151,tt0945513,45612,https://trakt.tv/movies/source-code-2011,2011-04-01,93,"mystery,science-fiction,thriller"
2023-08-08T19:10:21Z,movie,Space Cowboys,2000,6.94176,3141,tt0186566,5551,https://trakt.tv/movies/space-cowboys-2000,2000-08-04,130,"action,adventure,thriller"
2023-06-18T03:16:23Z,movie,Spaceballs,1987,7.46476,796,tt0094012,957,https://trakt.tv/movies/spaceballs-1987,1987-06-24,96,"comedy,science-fiction"
2023-09-24T19:07:16Z,movie,Spartacus,1960,7.65619,803,tt0054331,967,https://trakt.tv/movies/spartacus-1960,1960-10-13,197,"drama,history,adventure,war"
2023-05-25T14:14:39Z,movie,Spartan,2004,6.59816,6297,tt0360009,11169,https://trakt.tv/movies/spartan-2004,2004-03-12,102,"action,crime,drama,mystery,thriller"
2018-06-14T06:47:03Z,movie,Spectre,2015,6.97547,128378,tt2379713,206647,https://trakt.tv/movies/spectre-2015,2015-10-26,148,"action,adventure,thriller"
2023-05-25T14:14:55Z,movie,Speed,1994,7.45211,1083,tt0111257,1637,https://trakt.tv/movies/speed-1994,1994-06-09,116,"action,thriller"
2025-09-18T18:29:15Z,movie,Speed 2: Cruise Control,1997,4.85873,1084,tt0120179,1639,https://trakt.tv/movies/speed-2-cruise-control-1997,1997-06-13,125,"action,adventure,thriller,romance,drama"
2023-05-12T15:19:25Z,movie,Speed Kills,2018,6.01461,313619,tt6749318,466411,https://trakt.tv/movies/speed-kills-2018,2018-11-16,102,"crime,drama,thriller"
2023-10-07T19:29:52Z,movie,Spencer,2021,6.54449,559480,tt12536294,716612,https://trakt.tv/movies/spencer-2021,2022-01-27,117,"drama,history"
2023-08-15T21:45:38Z,movie,Spenser Confidential,2020,6.73445,430404,tt8629748,581600,https://trakt.tv/movies/spenser-confidential-2020,2020-03-06,110,"thriller,action,comedy"
2023-08-01T19:24:24Z,movie,Sphere,1998,6.52207,5369,tt0120184,10153,https://trakt.tv/movies/sphere-1998,1998-02-13,134,"science-fiction,mystery,thriller"
2023-05-05T13:05:04Z,movie,Spider-Man,2002,7.5817,438,tt0145487,557,https://trakt.tv/movies/spider-man-2002,2002-05-03,121,"action,superhero,science-fiction"
2023-05-05T13:05:37Z,movie,Spider-Man 2,2004,7.52356,439,tt0316654,558,https://trakt.tv/movies/spider-man-2-2004,2004-06-30,127,"action,adventure,superhero,science-fiction,romance"
2023-05-05T13:05:36Z,movie,Spider-Man 3,2007,6.53598,440,tt0413300,559,https://trakt.tv/movies/spider-man-3-2007,2007-05-03,139,"action,adventure,superhero,science-fiction"
2023-05-05T13:07:22Z,movie,Spider-Man: Far From Home,2019,7.56476,273537,tt6320628,429617,https://trakt.tv/movies/spider-man-far-from-home-2019,2019-07-02,129,"action,adventure,science-fiction,superhero"
2022-07-03T07:48:24Z,movie,Spider-Man: Homecoming,2017,7.59479,196213,tt2250912,315635,https://trakt.tv/movies/spider-man-homecoming-2017,2017-07-07,133,"action,adventure,science-fiction,superhero"
2023-05-05T11:55:24Z,movie,Spider-Man: No Way Home,2021,8.07794,474180,tt10872600,634649,https://trakt.tv/movies/spider-man-no-way-home-2021,2021-12-17,148,"superhero,action,adventure,science-fiction"
2023-08-19T19:28:05Z,movie,Spinning Man,2018,6.37713,304241,tt5616294,458109,https://trakt.tv/movies/spinning-man-2018,2018-04-06,100,"mystery,thriller,crime"
2023-05-11T01:23:10Z,movie,Splash,1984,6.57536,1773,tt0088161,2619,https://trakt.tv/movies/splash-1984,1984-03-09,111,"comedy,fantasy,romance"
2023-08-01T19:24:08Z,movie,Split,2017,7.49274,254263,tt4972582,381288,https://trakt.tv/movies/split-2017,2017-01-20,117,"thriller,horror"
2023-02-02T23:22:27Z,movie,Spooks: The Greater Good,2015,6.76983,188854,tt3321300,292040,https://trakt.tv/movies/spooks-the-greater-good-2015,2015-04-11,104,"action,thriller"
2023-08-15T23:34:38Z,movie,Spotlight,2015,7.97759,194119,tt1895587,314365,https://trakt.tv/movies/spotlight-2015,2015-11-06,129,"drama,history"
2023-05-09T00:15:09Z,movie,Spy,2015,7.15573,145711,tt3079380,238713,https://trakt.tv/movies/spy-2015,2015-06-05,120,"comedy,action,crime"
2020-04-26T00:02:08Z,movie,Spy Game,2001,7.30088,996,tt0266987,1535,https://trakt.tv/movies/spy-game-2001,2001-11-18,126,"action,crime,thriller"
2023-05-07T07:17:49Z,movie,Spy Intervention,2020,5.25668,497191,tt7369550,663255,https://trakt.tv/movies/spy-intervention-2020,2020-02-14,93,"action,adventure,comedy"
2023-05-07T07:17:54Z,movie,Spymate,2006,5.25806,15948,tt0367088,26266,https://trakt.tv/movies/spymate-2006,2006-02-24,81,"adventure,comedy,family"
2022-07-09T18:23:43Z,movie,St. Elmo's Fire,1985,6.65731,6637,tt0090060,11557,https://trakt.tv/movies/st-elmo-s-fire-1985,1985-06-28,108,"drama,romance,comedy"
2023-08-15T20:22:47Z,movie,Stand and Deliver,1988,7.58733,18296,tt0094027,29154,https://trakt.tv/movies/stand-and-deliver-1988,1988-03-11,103,drama
2023-05-10T20:51:34Z,movie,Stand by Me,1986,8.09478,193,tt0092005,235,https://trakt.tv/movies/stand-by-me-1986,1986-08-08,89,"crime,drama"
2023-05-10T01:31:30Z,movie,Star Trek,2009,7.99544,7935,tt0796366,13475,https://trakt.tv/movies/star-trek-2009,2009-05-07,127,"action,adventure,science-fiction"
2023-05-10T01:31:37Z,movie,Star Trek Beyond,2016,7.50599,118174,tt2660888,188927,https://trakt.tv/movies/star-trek-beyond-2016,2016-07-22,122,"science-fiction,action,adventure"
2023-05-10T01:29:28Z,movie,Star Trek Into Darkness,2013,7.77856,38322,tt1408101,54138,https://trakt.tv/movies/star-trek-into-darkness-2013,2013-05-16,132,"action,adventure,science-fiction"
2023-06-16T22:59:53Z,movie,Star Wars,1977,8.45735,7,tt0076759,11,https://trakt.tv/movies/star-wars-1977,1977-05-25,121,"action,adventure,science-fiction"
2023-06-16T23:00:03Z,movie,Star Wars: Episode I - The Phantom Menace,1999,6.9519,1268,tt0120915,1893,https://trakt.tv/movies/star-wars-episode-i-the-phantom-menace-1999,1999-05-19,136,"action,adventure,science-fiction"
2023-06-16T23:00:24Z,movie,Star Wars: Episode II - Attack of the Clones,2002,7.01712,1269,tt0121765,1894,https://trakt.tv/movies/star-wars-episode-ii-attack-of-the-clones-2002,2002-05-16,142,"action,adventure,science-fiction"
2023-06-16T23:00:16Z,movie,Star Wars: Episode III - Revenge of the Sith,2005,7.71991,1270,tt0121766,1895,https://trakt.tv/movies/star-wars-episode-iii-revenge-of-the-sith-2005,2005-05-19,140,"action,adventure,science-fiction,romance"
2023-06-16T22:57:33Z,movie,Star Wars: The Force Awakens,2015,7.71656,94024,tt2488496,140607,https://trakt.tv/movies/star-wars-the-force-awakens-2015,2015-12-18,136,"action,adventure,science-fiction"
2023-06-16T22:58:58Z,movie,Star Wars: The Last Jedi,2017,7.12392,114333,tt2527336,181808,https://trakt.tv/movies/star-wars-the-last-jedi-2017,2017-12-15,152,"adventure,science-fiction,action"
2023-06-16T22:59:11Z,movie,Star Wars: The Rise of Skywalker,2019,6.55383,114335,tt2527338,181812,https://trakt.tv/movies/star-wars-the-rise-of-skywalker-2019,2019-12-20,142,"action,science-fiction,adventure"
2023-08-15T20:25:43Z,movie,Stardust,2007,7.62325,1599,tt0486655,2270,https://trakt.tv/movies/stardust-2007,2007-08-10,127,"adventure,fantasy,romance,family"
2023-05-12T17:01:11Z,movie,Stark Raving Mad,2002,6,8961,tt0286152,14809,https://trakt.tv/movies/stark-raving-mad-2002,2002-05-23,101,"comedy,crime,action"
2023-08-28T19:58:04Z,movie,Starman,1984,7.07477,4937,tt0088172,9663,https://trakt.tv/movies/starman-1984,1984-12-14,115,"science-fiction,romance,drama"
2020-04-26T00:04:19Z,movie,State of Play,2009,7.16641,10396,tt0473705,16995,https://trakt.tv/movies/state-of-play-2009,2009-04-17,127,"thriller,crime,mystery"
2023-06-29T12:01:33Z,movie,Staying Alive,1983,5.82143,5965,tt0086361,10805,https://trakt.tv/movies/staying-alive-1983,1983-07-11,96,"drama,music"
2023-08-09T00:50:33Z,movie,Steal,2002,6.16667,7345,tt0282552,12577,https://trakt.tv/movies/steal-2002,2002-05-08,83,"action,crime,thriller"
2022-07-03T09:57:23Z,movie,Steal Big Steal Little,1995,4.75,58058,tt0114536,78406,https://trakt.tv/movies/steal-big-steal-little-1995,1995-09-29,113,"comedy,drama"
2023-05-10T03:05:20Z,movie,Stealth,2005,5.95567,5271,tt0382992,10048,https://trakt.tv/movies/stealth-2005,2005-07-29,121,science-fiction
2023-06-23T03:06:07Z,movie,Step Brothers,2008,7.16685,7051,tt0838283,12133,https://trakt.tv/movies/step-brothers-2008,2008-07-25,98,comedy
2023-05-25T14:15:24Z,movie,Steve Jobs,2015,6.89757,202637,tt2080374,321697,https://trakt.tv/movies/steve-jobs-2015,2015-10-09,122,"history,drama"
2023-07-02T16:22:17Z,movie,Steve Jobs: The Man in the Machine,2015,6.80846,209502,tt4425064,324308,https://trakt.tv/movies/steve-jobs-the-man-in-the-machine-2015,2015-08-07,129,documentary
2023-06-18T03:07:23Z,movie,Stir Crazy,1980,7.06684,13241,tt0081562,21629,https://trakt.tv/movies/stir-crazy-1980,1980-12-12,111,"comedy,crime"
2023-10-25T07:06:27Z,movie,Stolen,2009,5.9871,25166,tt1139282,38850,https://trakt.tv/movies/stolen-2009,2009-10-10,97,"crime,drama,mystery,thriller"
2023-08-07T22:22:07Z,movie,Stolen,2012,6.04637,87309,tt1656186,127493,https://trakt.tv/movies/stolen-2012,2012-09-14,96,"action,crime,thriller"
2023-09-29T02:00:48Z,movie,Stone,2010,5.56467,29849,tt1423995,44113,https://trakt.tv/movies/stone-2010,2010-10-22,105,"drama,thriller,action,mystery"
2023-06-04T18:27:05Z,movie,Straight Outta Compton,2015,7.79016,174900,tt1398426,277216,https://trakt.tv/movies/straight-outta-compton-2015,2015-08-11,147,"drama,music,history"
2023-08-10T19:49:15Z,movie,Street Kings,2008,6.85936,880,tt0421073,1266,https://trakt.tv/movies/street-kings-2008,2008-04-10,109,"action,crime,drama,thriller"
2023-08-12T07:05:45Z,movie,Street Kings 2: Motor City,2011,5.21164,41945,tt1707687,58625,https://trakt.tv/movies/street-kings-2-motor-city-2011,2011-04-19,93,"crime,drama,thriller"
2023-08-17T19:10:26Z,movie,Stretch,2014,6.63167,138997,tt2494280,227300,https://trakt.tv/movies/stretch-2014,2014-10-14,94,"action,comedy,thriller"
2023-05-28T17:43:41Z,movie,Stripes,1981,7.22698,6046,tt0083131,10890,https://trakt.tv/movies/stripes-1981,1981-06-26,106,"action,comedy"
2023-05-10T01:32:14Z,movie,Striptease,1996,5.5444,5116,tt0117765,9879,https://trakt.tv/movies/striptease-1996,1996-06-28,115,"crime,drama,comedy"
2025-05-09T05:07:15Z,movie,Subservience,2024,6.21125,856019,tt24871974,1064028,https://trakt.tv/movies/subservience-2024,2024-09-13,105,"science-fiction,thriller,horror"
2023-06-30T22:08:57Z,movie,Suburbicon,2017,6.11733,238301,tt0491175,395458,https://trakt.tv/movies/suburbicon-2017,2017-10-27,105,"crime,mystery,drama,thriller"
2023-06-06T02:41:59Z,movie,Sucker Punch,2011,6.42135,14234,tt0978764,23629,https://trakt.tv/movies/sucker-punch-2011,2011-03-25,110,"action,fantasy,thriller"
2023-10-01T00:58:30Z,movie,Suddenly,2013,4.39823,134290,tt2569236,217896,https://trakt.tv/movies/suddenly-2013,2013-08-08,90,thriller
2022-06-01T00:53:20Z,movie,Suicide Squad,2016,6.44987,193079,tt1386697,297761,https://trakt.tv/movies/suicide-squad-2016,2016-08-05,122,"action,fantasy,superhero,adventure"
2023-05-11T01:05:02Z,movie,Sully,2016,7.70668,241110,tt3263904,363676,https://trakt.tv/movies/sully-2016,2016-09-09,96,"drama,history"
2023-05-12T15:23:51Z,movie,Superbad,2007,7.61446,4151,tt0829482,8363,https://trakt.tv/movies/superbad-2007,2007-08-17,113,comedy
2023-06-29T12:02:16Z,movie,Superman,1978,7.44014,1298,tt0078346,1924,https://trakt.tv/movies/superman-1978,1978-12-15,144,"science-fiction,superhero,action,adventure"
2025-08-15T05:18:25Z,movie,Superman,2025,7.2227,853702,tt5950044,1061474,https://trakt.tv/movies/superman-2025,2025-07-11,130,"superhero,science-fiction,action,adventure"
2023-06-29T12:02:35Z,movie,Superman II,1980,7.00712,4231,tt0081573,8536,https://trakt.tv/movies/superman-ii-1980,1981-06-17,127,"science-fiction,superhero,action,adventure"
2023-06-29T12:02:38Z,movie,Superman III,1983,5.69935,4809,tt0086393,9531,https://trakt.tv/movies/superman-iii-1983,1983-06-17,125,"science-fiction,comedy,superhero,action,adventure"
2023-06-29T12:02:56Z,movie,Superman IV: The Quest for Peace,1987,4.84798,6506,tt0094074,11411,https://trakt.tv/movies/superman-iv-the-quest-for-peace-1987,1987-07-24,90,"action,adventure,science-fiction,superhero"
2023-05-10T01:29:57Z,movie,Superman Returns,2006,6.14825,973,tt0348150,1452,https://trakt.tv/movies/superman-returns-2006,2006-06-28,154,"science-fiction,superhero,action,adventure"
2024-02-21T10:43:22Z,movie,Superstar,1999,6.1273,8219,tt0167427,13824,https://trakt.tv/movies/superstar-1999,1999-10-08,82,comedy
2023-08-10T19:50:17Z,movie,Survive the Game,2021,4.41509,623626,tt12861508,787310,https://trakt.tv/movies/survive-the-game-2021,2021-10-08,97,"action,thriller,crime"
2022-07-03T07:00:33Z,movie,Surviving the Game,1994,6.56731,10757,tt0111323,17585,https://trakt.tv/movies/surviving-the-game-1994,1994-04-15,96,"action,thriller,adventure,crime,drama"
2023-05-25T14:20:56Z,movie,Survivor,2015,6.39223,214958,tt3247714,334074,https://trakt.tv/movies/survivor-2015,2015-05-29,96,"thriller,action,crime,mystery"
2023-05-10T19:37:33Z,movie,Sweeney Todd: The Demon Barber of Fleet Street,2007,7.27282,8264,tt0408236,13885,https://trakt.tv/movies/sweeney-todd-the-demon-barber-of-fleet-street-2007,2007-12-20,116,"drama,horror,musical"
2022-06-30T23:09:36Z,movie,Swordfish,2001,6.86501,4977,tt0244244,9705,https://trakt.tv/movies/swordfish-2001,2001-06-08,99,"action,crime,thriller"
2023-08-07T21:29:19Z,movie,Sympathy for the Devil,2023,5.95695,829228,tt21991654,1030987,https://trakt.tv/movies/sympathy-for-the-devil-2023,2023-07-28,90,"thriller,action"
2023-05-10T23:55:23Z,movie,Syriana,2005,6.75252,189,tt0365737,231,https://trakt.tv/movies/syriana-2005,2005-11-23,128,"drama,thriller"
2023-07-07T16:37:21Z,movie,Tag,2018,7.07396,302219,tt2854926,455980,https://trakt.tv/movies/tag-2018,2018-06-15,100,"comedy,action"
2023-05-08T21:02:24Z,movie,Take the Lead,2006,6.98935,7485,tt0446046,12763,https://trakt.tv/movies/take-the-lead-2006,2006-03-17,108,"music,comedy,drama"
2023-02-03T00:43:02Z,movie,Taken,2008,7.7343,4267,tt0936501,8681,https://trakt.tv/movies/taken-2008,2008-02-27,94,"action,thriller"
2023-05-08T21:06:37Z,movie,Taken 2,2012,6.65931,61849,tt1397280,82675,https://trakt.tv/movies/taken-2-2012,2012-10-04,91,"action,crime,thriller"
2020-04-26T00:01:04Z,movie,Taken 3,2014,6.50487,159491,tt2446042,260346,https://trakt.tv/movies/taken-3-2014,2015-01-09,109,"action,thriller"
2025-08-22T05:03:28Z,movie,Talladega Nights: The Ballad of Ricky Bobby,2006,6.97587,4989,tt0415306,9718,https://trakt.tv/movies/talladega-nights-the-ballad-of-ricky-bobby-2006,2006-08-04,108,comedy
2023-05-25T14:18:36Z,movie,Taps,1981,7.0511,5801,tt0083169,10627,https://trakt.tv/movies/taps-1981,1981-12-20,126,drama
2023-05-10T01:45:08Z,movie,Tarzan,2013,5.98496,140504,tt1705952,230222,https://trakt.tv/movies/tarzan-2013,2013-12-20,94,"action,adventure,animation,family"
2023-07-07T16:40:58Z,movie,Taxi Driver,1976,7.94634,72,tt0075314,103,https://trakt.tv/movies/taxi-driver-1976,1976-02-09,114,"crime,drama"
2025-05-28T05:02:40Z,movie,Team Darryl,2018,6.39065,353298,tt8023090,505945,https://trakt.tv/movies/team-darryl-2018,2018-02-20,6,"comedy,fantasy,science-fiction"
2025-07-25T19:48:30Z,movie,Team Thor,2016,7.23003,258479,tt6016776,413279,https://trakt.tv/movies/team-thor-2016,2016-08-28,3,"comedy,science-fiction,superhero"
2025-05-27T05:04:26Z,movie,Team Thor: Part 2,2017,6.88033,287748,tt6599818,441829,https://trakt.tv/movies/team-thor-part-2-2017,2017-02-14,5,"science-fiction,comedy,fantasy"
2022-07-04T16:33:05Z,movie,Tears of the Sun,2003,7.00638,4845,tt0314353,9567,https://trakt.tv/movies/tears-of-the-sun-2003,2003-03-07,121,"action,war,drama"
2023-05-25T14:20:42Z,movie,Ted,2012,6.82763,52936,tt1637725,72105,https://trakt.tv/movies/ted-2012,2012-06-29,107,"comedy,fantasy"
2023-05-25T14:20:53Z,movie,Ted 2,2015,6.61588,132669,tt2637276,214756,https://trakt.tv/movies/ted-2-2015,2015-06-26,115,"comedy,fantasy"
2024-04-14T07:08:14Z,movie,Teen Wolf,1985,6.66827,6848,tt0090142,11824,https://trakt.tv/movies/teen-wolf-1985,1985-08-23,91,"comedy,fantasy,romance"
2024-04-14T07:08:14Z,movie,Teen Wolf Too,1987,4.7234,9487,tt0094118,15582,https://trakt.tv/movies/teen-wolf-too-1987,1987-11-20,95,"comedy,fantasy,family"
2023-05-25T14:23:11Z,movie,Teen Wolf: The Movie,2023,6.22417,702501,tt15486810,877703,https://trakt.tv/movies/teen-wolf-the-movie-2023,2023-01-26,140,"fantasy,action"
2025-07-02T18:47:46Z,movie,Tenacious D in The Pick of Destiny,2006,7.21491,1516,tt0365830,2179,https://trakt.tv/movies/tenacious-d-in-the-pick-of-destiny-2006,2007-02-08,93,"comedy,music,fantasy,adventure"
2023-03-09T21:25:21Z,movie,Tenet,2020,7.27194,427989,tt6723592,577922,https://trakt.tv/movies/tenet-2020,2020-09-03,150,"action,thriller,science-fiction"
2023-08-15T20:19:33Z,movie,Tequila Sunrise,1988,6.46798,5590,tt0096244,10396,https://trakt.tv/movies/tequila-sunrise-1988,1988-12-02,115,"crime,thriller,romance"
2023-05-25T14:24:01Z,movie,Terminal,2018,6.27065,226562,tt4463816,385332,https://trakt.tv/movies/terminal-2018,2018-07-06,95,"thriller,crime,drama,action,comedy,mystery"
2023-10-29T07:08:29Z,movie,Terminator 2: Judgment Day,1991,8.48687,236,tt0103064,280,https://trakt.tv/movies/terminator-2-judgment-day-1991,1991-07-03,137,"action,science-fiction,thriller"
2023-11-04T03:38:48Z,movie,Terminator 3: Rise of the Machines,2003,6.60943,249,tt0181852,296,https://trakt.tv/movies/terminator-3-rise-of-the-machines-2003,2003-07-02,109,"action,science-fiction,thriller"
2023-11-04T03:38:46Z,movie,Terminator Genisys,2015,6.68231,65508,tt1340138,87101,https://trakt.tv/movies/terminator-genisys-2015,2015-07-01,126,"action,adventure,science-fiction,thriller"
2023-11-04T03:38:47Z,movie,Terminator Salvation,2009,6.56321,417,tt0438488,534,https://trakt.tv/movies/terminator-salvation-2009,2009-05-20,115,"action,science-fiction,thriller"
2023-11-04T03:38:46Z,movie,Terminator: Dark Fate,2019,6.81927,187745,tt6450804,290859,https://trakt.tv/movies/terminator-dark-fate-2019,2019-11-01,128,"science-fiction,action,adventure,thriller"
2023-06-04T03:30:39Z,movie,Tetris,2023,7.67704,569001,tt12758060,726759,https://trakt.tv/movies/tetris-2023,2023-03-31,118,"history,drama,thriller"
2023-05-25T11:21:34Z,movie,The 13th Warrior,1999,7.00864,1285,tt0120657,1911,https://trakt.tv/movies/the-13th-warrior-1999,1999-08-27,102,"adventure,history,action"
2023-02-01T15:51:27Z,movie,The 355,2022,6.4108,370205,tt8356942,522016,https://trakt.tv/movies/the-355-2022,2022-01-07,122,"action,thriller,adventure"
2023-03-09T21:25:28Z,movie,The 40 Year Old Virgin,2005,7.10456,3778,tt0405422,6957,https://trakt.tv/movies/the-40-year-old-virgin-2005,2005-08-11,116,"comedy,romance"
2023-08-01T19:03:28Z,movie,The 51st State,2001,6.59771,1062,tt0227984,1613,https://trakt.tv/movies/the-51st-state-2001,2001-12-07,93,"action,comedy,crime,thriller"
2023-08-15T23:33:08Z,movie,The 5th Wave,2016,6.17753,195238,tt2304933,299687,https://trakt.tv/movies/the-5th-wave-2016,2016-01-15,112,"science-fiction,adventure,action"
2023-05-05T11:45:03Z,movie,The Accountant,2016,7.69046,203309,tt2140479,302946,https://trakt.tv/movies/the-accountant-2016,2016-10-14,128,"drama,crime,thriller"
2025-07-01T02:32:23Z,movie,The Accountant²,2025,7.02497,696075,tt7068946,870028,https://trakt.tv/movies/the-accountant-2025,2025-04-25,133,"crime,thriller,mystery"
2022-07-03T06:56:51Z,movie,The Adam Project,2022,7.04924,540557,tt2463208,696806,https://trakt.tv/movies/the-adam-project-2022,2022-03-11,106,"science-fiction,adventure,action,comedy"
2023-05-21T03:33:47Z,movie,The Addams Family,1991,7.36023,1932,tt0101272,2907,https://trakt.tv/movies/the-addams-family-1991,1991-11-22,100,"comedy,fantasy"
2022-07-04T00:07:39Z,movie,The Adjustment Bureau,2011,7.26816,24500,tt1385826,38050,https://trakt.tv/movies/the-adjustment-bureau-2011,2011-03-04,106,"thriller,romance,science-fiction"
2025-03-17T11:55:56Z,movie,The Adventures of Maid Marian,2022,5.29703,716941,tt14072910,893334,https://trakt.tv/movies/the-adventures-of-maid-marian-2022,2022-05-09,82,"action,adventure"
2023-10-09T19:08:36Z,movie,The Alamo,2004,6.14798,5900,tt0318974,10733,https://trakt.tv/movies/the-alamo-2004,2004-04-09,137,"war,history,drama"
2023-11-04T03:38:47Z,movie,The Alphabet Murders,1965,5.19048,3451,tt0060094,6026,https://trakt.tv/movies/the-alphabet-murders-1965,1966-07-15,90,"comedy,crime,mystery"
2025-07-01T02:32:54Z,movie,The Alto Knights,2025,6.60601,814646,tt21815562,1013601,https://trakt.tv/movies/the-alto-knights-2025,2025-03-21,122,"drama,crime,history"
2023-09-29T02:00:42Z,movie,The Amateur,1981,6.2,13050,tt0082005,21294,https://trakt.tv/movies/the-amateur-1981,1981-12-11,112,"action,crime,thriller"
2025-06-12T05:08:58Z,movie,The Amateur,2025,7.04531,874192,tt0899043,1087891,https://trakt.tv/movies/the-amateur-2025,2025-04-11,123,"thriller,action"
2023-05-05T13:05:41Z,movie,The Amazing Spider-Man,2012,7.13868,1302,tt0948470,1930,https://trakt.tv/movies/the-amazing-spider-man-2012,2012-07-03,136,"action,adventure,superhero,science-fiction"
2023-05-05T13:06:04Z,movie,The Amazing Spider-Man 2,2014,6.80458,73293,tt1872181,102382,https://trakt.tv/movies/the-amazing-spider-man-2-2014,2014-05-02,141,"action,adventure,superhero,science-fiction"
2023-05-25T11:25:13Z,movie,The American,2010,6.23563,16983,tt1440728,27579,https://trakt.tv/movies/the-american-2010,2010-09-01,104,"crime,drama,thriller"
2023-05-25T11:26:36Z,movie,The American President,1995,7.22757,4536,tt0112346,9087,https://trakt.tv/movies/the-american-president-1995,1995-11-17,113,"comedy,drama,romance"
2024-04-17T19:11:11Z,movie,The American Society of Magical Negroes,2024,5.58912,836229,tt30007864,1039773,https://trakt.tv/movies/the-american-society-of-magical-negroes-2024,2024-03-15,105,"comedy,fantasy"
2023-06-08T22:07:04Z,movie,The Angel,2018,6.92515,315597,tt5968274,468362,https://trakt.tv/movies/the-angel-2018,2018-09-14,114,"action,drama,history,thriller,war"
2025-07-30T15:32:16Z,movie,The Apprentice,2024,6.81867,953135,tt8368368,1182047,https://trakt.tv/movies/the-apprentice-2024-10-11,2024-10-11,122,"drama,history"
2022-07-03T10:49:36Z,movie,The Art of the Steal,2013,6.67816,129669,tt2172985,209247,https://trakt.tv/movies/the-art-of-the-steal-2013,2013-09-20,90,"comedy,crime"
2023-06-21T14:53:03Z,movie,The Art of War,2000,6.30321,6494,tt0160009,11398,https://trakt.tv/movies/the-art-of-war-2000,2000-08-25,117,"action,crime,thriller"
2023-06-21T14:52:45Z,movie,The Art of War II: Betrayal,2008,5.50242,8351,tt1233571,13988,https://trakt.tv/movies/the-art-of-war-ii-betrayal-2008,2008-08-12,103,"action,thriller"
2023-06-21T14:53:13Z,movie,The Art of War III: Retribution,2009,3.85075,14930,tt0878647,24756,https://trakt.tv/movies/the-art-of-war-iii-retribution-2009,2009-01-01,88,"action,adventure,thriller"
2023-05-25T11:33:01Z,movie,The Assassination of Jesse James by the Coward Robert Ford,2007,7.18484,2647,tt0443680,4512,https://trakt.tv/movies/the-assassination-of-jesse-james-by-the-coward-robert-ford-2007,2007-09-21,159,"drama,western"
2023-10-01T00:58:33Z,movie,The Assassination of Richard Nixon,2004,6.56482,685,tt0364961,842,https://trakt.tv/movies/the-assassination-of-richard-nixon-2004,2004-05-17,95,"drama,thriller,history,crime"
2023-08-12T07:05:32Z,movie,The Assassin's Code,2018,6.08642,365010,tt6170804,516321,https://trakt.tv/movies/the-assassin-s-code-2018,2018-05-11,95,"thriller,action"
2023-02-03T01:12:53Z,movie,The Assignment,1997,7.03797,11225,tt0118647,18355,https://trakt.tv/movies/the-assignment-1997,1997-09-28,119,"action,thriller,crime"
2023-02-03T01:12:43Z,movie,The Assignment,2016,6.20696,242388,tt5034474,399173,https://trakt.tv/movies/the-assignment-2016,2016-03-03,95,"thriller,action,crime"
2022-07-02T06:13:05Z,movie,The A-Team,2010,6.83166,22059,tt0429493,34544,https://trakt.tv/movies/the-a-team-2010,2010-06-11,117,"action,comedy,crime"
2022-07-02T00:35:23Z,movie,The Avengers,2012,8.12103,14701,tt0848228,24428,https://trakt.tv/movies/the-avengers-2012,2012-05-04,143,"action,adventure,science-fiction,superhero"
2023-05-10T17:59:33Z,movie,The Aviator,2004,7.33036,1752,tt0338751,2567,https://trakt.tv/movies/the-aviator-2004,2004-12-17,170,drama
2023-05-25T11:34:06Z,movie,The Bank Job,2008,7.1907,4339,tt0200465,8848,https://trakt.tv/movies/the-bank-job-2008,2008-02-28,112,"crime,drama,thriller"
2023-08-01T19:24:08Z,movie,The Banker,2020,7.64479,473980,tt6285944,627725,https://trakt.tv/movies/the-banker-2020,2020-03-06,120,drama
2022-06-01T14:47:28Z,movie,The Batman,2022,7.6789,259852,tt1877830,414906,https://trakt.tv/movies/the-batman-2022,2022-03-04,177,"crime,superhero,mystery,thriller"
2023-05-10T18:00:29Z,movie,The Beach,2000,6.83269,1281,tt0163978,1907,https://trakt.tv/movies/the-beach-2000,2000-02-11,119,"adventure,drama,thriller,romance"
2025-07-20T02:38:44Z,movie,The Beach Bum,2019,5.85318,287057,tt6511932,441384,https://trakt.tv/movies/the-beach-bum-2019,2019-03-29,95,comedy
2024-01-30T22:41:50Z,movie,The Beekeeper,2024,7.16905,692878,tt15314262,866398,https://trakt.tv/movies/the-beekeeper-2024,2024-01-12,106,"action,crime,thriller"
2022-06-30T23:26:50Z,movie,The Big Lebowski,1998,8.01647,84,tt0118715,115,https://trakt.tv/movies/the-big-lebowski-1998,1998-03-06,117,"comedy,crime"
2023-08-07T06:28:01Z,movie,The Big Short,2015,7.72327,199563,tt1596363,318846,https://trakt.tv/movies/the-big-short-2015,2015-12-11,131,"drama,comedy"
2023-08-07T20:42:49Z,movie,The Birthday Cake,2021,4.89326,466345,tt10719958,624481,https://trakt.tv/movies/the-birthday-cake-2021,2021-06-18,93,"crime,thriller"
2023-05-08T21:14:08Z,movie,The Blind Side,2009,7.81346,13890,tt0878804,22881,https://trakt.tv/movies/the-blind-side-2009,2009-11-20,129,drama
2023-05-21T03:40:22Z,movie,The Blues Brothers,1980,7.99789,410,tt0080455,525,https://trakt.tv/movies/the-blues-brothers-1980,1980-06-16,133,"comedy,action,crime,music"
2023-05-10T01:30:23Z,movie,The Bodyguard,1992,6.9046,495,tt0103855,619,https://trakt.tv/movies/the-bodyguard-1992,1992-11-25,130,"action,drama,romance"
2022-07-02T06:15:42Z,movie,The Book of Eli,2010,7.16802,12589,tt1037705,20504,https://trakt.tv/movies/the-book-of-eli-2010,2010-01-15,118,"action,science-fiction,thriller"
2022-07-01T02:06:45Z,movie,The Boondock Saints,1999,7.85224,4159,tt0144117,8374,https://trakt.tv/movies/the-boondock-saints-1999,2000-01-21,108,"action,crime,thriller"
2022-07-01T22:03:06Z,movie,The Boondock Saints II: All Saints Day,2009,6.71183,13866,tt1300851,22821,https://trakt.tv/movies/the-boondock-saints-ii-all-saints-day-2009,2009-11-24,118,"action,crime,thriller"
2023-05-09T00:10:15Z,movie,The Bounty Hunter,2010,6.16346,16980,tt1038919,27573,https://trakt.tv/movies/the-bounty-hunter-2010,2010-03-19,110,"action,comedy,romance"
2018-06-14T06:56:31Z,movie,The Bourne Identity,2002,7.99218,1735,tt0258463,2501,https://trakt.tv/movies/the-bourne-identity-2002,2002-10-17,119,"action,drama,mystery,thriller"
2018-06-14T06:56:25Z,movie,The Bourne Legacy,2012,6.8568,34086,tt1194173,49040,https://trakt.tv/movies/the-bourne-legacy-2012,2012-08-10,135,"action,thriller"
2018-06-14T06:56:30Z,movie,The Bourne Supremacy,2004,7.82988,1736,tt0372183,2502,https://trakt.tv/movies/the-bourne-supremacy-2004,2004-07-23,108,"action,drama,thriller"
2018-06-14T06:56:28Z,movie,The Bourne Ultimatum,2007,7.91754,1737,tt0440963,2503,https://trakt.tv/movies/the-bourne-ultimatum-2007,2007-08-03,115,"action,drama,mystery,thriller"
2022-06-25T21:52:06Z,movie,The Breakfast Club,1985,7.91221,1457,tt0088847,2108,https://trakt.tv/movies/the-breakfast-club-1985,1985-02-15,98,"comedy,drama"
2023-05-25T11:40:06Z,movie,The Break-Up,2006,6.19152,5028,tt0452594,9767,https://trakt.tv/movies/the-break-up-2006,2006-06-02,106,"comedy,romance"
2024-01-14T21:21:32Z,movie,The Bricklayer,2023,6.26516,743070,tt2016303,927107,https://trakt.tv/movies/the-bricklayer-2023,2024-01-05,110,"action,thriller"
2024-04-14T07:08:14Z,movie,The Brotherhood of Justice,1986,5.96923,27268,tt0090775,41263,https://trakt.tv/movies/the-brotherhood-of-justice-1986,1986-05-18,93,"thriller,action,drama,crime"
2023-05-10T23:55:20Z,movie,The Brothers Grimm,2005,6.17682,2602,tt0355295,4442,https://trakt.tv/movies/the-brothers-grimm-2005,2005-08-26,118,"action,adventure,comedy,fantasy,thriller"
2023-06-20T21:19:42Z,movie,The Butler,2013,7.56242,89895,tt1327773,132363,https://trakt.tv/movies/the-butler-2013,2013-08-16,132,drama
2022-07-04T16:31:31Z,movie,The Butterfly Effect,2004,7.71305,1323,tt0289879,1954,https://trakt.tv/movies/the-butterfly-effect-2004,2004-01-23,113,"science-fiction,thriller"
2023-10-07T19:03:50Z,movie,The Caine Mutiny Court-Martial,2023,6.75322,818868,tt24249946,1018332,https://trakt.tv/movies/the-caine-mutiny-court-martial-2023,2023-10-06,109,"drama,war"
2025-07-13T05:05:33Z,movie,The Candidate,1972,6.8566,13271,tt0068334,21711,https://trakt.tv/movies/the-candidate-1972,1972-06-29,110,"comedy,drama"
2023-06-08T22:07:02Z,movie,The Cannonball Run,1981,7.02496,6389,tt0082136,11286,https://trakt.tv/movies/the-cannonball-run-1981,1981-06-19,95,"comedy,action,family"
2022-07-03T06:59:26Z,movie,The Catcher Was a Spy,2018,6.69916,336921,tt4602066,467952,https://trakt.tv/movies/the-catcher-was-a-spy-2018,2018-06-22,94,"war,drama,thriller,history"
2023-10-07T19:03:33Z,movie,The Change-Up,2011,6.62525,34506,tt1488555,49520,https://trakt.tv/movies/the-change-up-2011,2011-08-05,112,comedy
2023-05-25T11:57:37Z,movie,The Cold Light of Day,2012,5.61702,57658,tt1366365,77948,https://trakt.tv/movies/the-cold-light-of-day-2012,2012-09-06,93,"action,thriller,mystery"
2023-10-07T21:10:42Z,movie,The Color Purple,1985,7.82279,716,tt0088939,873,https://trakt.tv/movies/the-color-purple-1985,1985-12-18,154,"drama,history"
2023-05-25T11:59:26Z,movie,The Commando,2022,5.62889,593134,tt12689248,753232,https://trakt.tv/movies/the-commando-2022,2022-01-07,93,"action,crime,thriller"
2023-06-08T22:07:06Z,movie,The Commuter,2018,6.9934,242227,tt1590193,399035,https://trakt.tv/movies/the-commuter-2018,2018-01-24,104,"action,thriller,mystery"
2025-05-19T13:29:41Z,movie,The Confirmation,2016,7.04983,230368,tt4210080,347881,https://trakt.tv/movies/the-confirmation-2016,2016-03-18,101,"drama,comedy"
2025-05-24T05:04:30Z,movie,The Constant Gardener,2005,7.17032,1346,tt0387131,1985,https://trakt.tv/movies/the-constant-gardener-2005,2006-01-11,129,"drama,mystery,thriller"
2022-07-02T01:33:59Z,movie,The Contract,2006,6.22809,967,tt0445946,1441,https://trakt.tv/movies/the-contract-2006,2006-10-09,96,"action,crime,drama,thriller"
2023-05-08T20:32:40Z,movie,The Contractor,2007,6.10515,9139,tt0770806,15071,https://trakt.tv/movies/the-contractor-2007,2007-08-15,105,"action,adventure,drama,thriller"
2022-05-31T11:52:47Z,movie,The Contractor,2022,6.45707,469661,tt10323676,628900,https://trakt.tv/movies/the-contractor-2022,2022-04-01,103,"action,thriller"
2023-06-21T15:35:51Z,movie,The Conversation,1974,7.48681,470,tt0071360,592,https://trakt.tv/movies/the-conversation-1974,1974-04-07,114,"crime,drama,mystery"
2023-05-22T16:16:06Z,movie,The Counselor,2013,5.51202,77151,tt2193215,109091,https://trakt.tv/movies/the-counselor-2013,2013-10-25,117,"crime,drama,thriller"
2023-05-08T20:24:00Z,movie,The Courier,2012,4.90204,70823,tt0995845,97512,https://trakt.tv/movies/the-courier-2012,2013-06-08,91,"action,crime"
2023-05-08T21:33:04Z,movie,The Courier,2020,7.25346,370291,tt8368512,522241,https://trakt.tv/movies/the-courier-2021-03-19,2021-03-19,112,"drama,thriller,history"
2023-12-26T08:05:28Z,movie,The Creator,2023,6.98994,503878,tt11858890,670292,https://trakt.tv/movies/the-creator-2023,2023-09-29,134,"action,adventure,science-fiction"
2023-05-25T12:04:41Z,movie,The Crow,1994,7.67062,4778,tt0109506,9495,https://trakt.tv/movies/the-crow-1994,1994-05-11,102,"action,fantasy,thriller,superhero,horror"
2024-10-01T11:17:51Z,movie,The Crow,2024,5.87201,769633,tt1340094,957452,https://trakt.tv/movies/the-crow-2024,2024-08-23,111,"action,fantasy,superhero,horror"
2023-05-25T12:05:51Z,movie,The Crow: City of Angels,1996,5.5558,5724,tt0115986,10546,https://trakt.tv/movies/the-crow-city-of-angels-1996,1996-08-30,84,"action,fantasy,thriller,superhero"
2023-08-10T18:35:17Z,movie,The Crow: Salvation,2000,5.46656,4743,tt0132910,9456,https://trakt.tv/movies/the-crow-salvation-2000,2000-01-23,101,"action,thriller,superhero,horror,crime,fantasy,mystery"
2025-03-16T17:05:42Z,movie,The Crow: Wicked Prayer,2005,4.0507,10152,tt0353324,16456,https://trakt.tv/movies/the-crow-wicked-prayer-2005,2005-05-04,99,"action,horror,superhero,fantasy"
2023-05-08T21:25:07Z,movie,The Curious Case of Benjamin Button,2008,7.66851,2857,tt0421715,4922,https://trakt.tv/movies/the-curious-case-of-benjamin-button-2008,2008-12-25,166,"drama,fantasy,romance"
2023-08-15T19:41:19Z,movie,The D Train,2015,5.48428,201654,tt2690138,308638,https://trakt.tv/movies/the-d-train-2015,2015-05-08,101,"comedy,drama"
2023-05-08T21:18:22Z,movie,The Da Vinci Code,2006,7.03607,469,tt0382625,591,https://trakt.tv/movies/the-da-vinci-code-2006,2006-05-17,149,"mystery,thriller"
2023-05-10T01:31:55Z,movie,The Dark Knight,2008,8.86327,120,tt0468569,155,https://trakt.tv/movies/the-dark-knight-2008,2008-07-18,152,"action,crime,drama,thriller,superhero"
2023-05-10T01:32:02Z,movie,The Dark Knight Rises,2012,8.19892,34073,tt1345836,49026,https://trakt.tv/movies/the-dark-knight-rises-2012,2012-07-20,165,"action,crime,drama,thriller,superhero"
2025-07-23T05:05:49Z,movie,The Dark Tower,2017,6.49425,222255,tt1648190,353491,https://trakt.tv/movies/the-dark-tower-2017,2017-08-04,95,"science-fiction,fantasy,action"
2025-10-07T05:10:05Z,movie,The Darkest Hour,2011,5.54037,52424,tt1093357,71469,https://trakt.tv/movies/the-darkest-hour-2011,2011-12-25,89,"action,horror,science-fiction,thriller"
2023-09-24T19:07:12Z,movie,The Darkest Minds,2018,6.75388,292416,tt4073790,445651,https://trakt.tv/movies/the-darkest-minds-2018,2018-08-03,105,"action,drama,adventure"
2023-05-10T01:35:02Z,movie,The Day After Tomorrow,2004,6.80903,346,tt0319262,435,https://trakt.tv/movies/the-day-after-tomorrow-2004,2004-05-28,123,"adventure,science-fiction,thriller"
2023-08-10T18:40:42Z,movie,The Day of the Jackal,1973,7.63047,2848,tt0069947,4909,https://trakt.tv/movies/the-day-of-the-jackal-1973,1973-05-16,143,"action,thriller"
2023-10-07T19:29:52Z,movie,The Day the Earth Stood Still,2008,6.08275,5413,tt0970416,10200,https://trakt.tv/movies/the-day-the-earth-stood-still-2008,2008-12-10,104,"science-fiction,drama,thriller"
2023-08-17T19:10:27Z,movie,The Death Train,1993,3.5,310441,,463241,https://trakt.tv/movies/the-death-train-1993,1993-01-01,17,
2022-07-02T07:22:16Z,movie,The Debt,2010,6.82117,33425,tt1226753,48289,https://trakt.tv/movies/the-debt-2010,2011-11-17,113,"drama,thriller"
2023-05-25T12:10:27Z,movie,The Debt Collector,2018,6.43046,366283,tt7448180,513691,https://trakt.tv/movies/the-debt-collector-2018,2018-06-05,96,"action,comedy"
2025-07-01T02:52:29Z,movie,The Deer Hunter,1978,7.82357,6808,tt0077416,11778,https://trakt.tv/movies/the-deer-hunter-1978,1978-12-08,183,"drama,war"
2022-06-30T23:09:11Z,movie,The Departed,2006,8.34052,952,tt0407887,1422,https://trakt.tv/movies/the-departed-2006,2006-10-05,151,"crime,drama,thriller"
2023-08-17T15:18:25Z,movie,The Devil All the Time,2020,6.95107,346736,tt7395114,499932,https://trakt.tv/movies/the-devil-all-the-time-2020,2020-09-11,138,"drama,thriller,crime"
2023-05-08T02:07:15Z,movie,The Devil's Advocate,1997,7.65657,1199,tt0118971,1813,https://trakt.tv/movies/the-devil-s-advocate-1997,1997-10-17,144,"drama,mystery,horror"
2023-08-09T23:54:23Z,movie,The Disaster Artist,2017,7.27871,224277,tt3521126,371638,https://trakt.tv/movies/the-disaster-artist-2017,2017-12-01,104,"drama,comedy"
2023-05-21T02:13:12Z,movie,The Distinguished Gentleman,1992,6.46581,5604,tt0104114,10411,https://trakt.tv/movies/the-distinguished-gentleman-1992,1992-12-04,112,comedy
2023-08-07T20:20:16Z,movie,The Doors,1991,7.22451,5715,tt0101761,10537,https://trakt.tv/movies/the-doors-1991,1991-03-01,140,"drama,music,history"
2023-08-10T18:47:58Z,movie,The Do-Over,2016,6.67941,231350,tt4769836,389053,https://trakt.tv/movies/the-do-over-2016,2016-05-27,108,"comedy,action,adventure"
2023-05-08T20:30:29Z,movie,The Double,2011,6.48183,54014,tt1646980,73499,https://trakt.tv/movies/the-double-2011,2011-10-28,98,"action,crime,drama"
2023-06-09T08:23:48Z,movie,The Drop,2014,7.02287,100732,tt1600196,154400,https://trakt.tv/movies/the-drop-2014,2014-09-12,106,"crime,drama"
2023-09-24T19:07:03Z,movie,The Duchess,2008,6.97331,7505,tt0864761,12783,https://trakt.tv/movies/the-duchess-2008,2008-09-05,110,"drama,history,romance"
2023-05-12T16:56:49Z,movie,The Dukes of Hazzard,2005,5.90822,3662,tt0377818,6519,https://trakt.tv/movies/the-dukes-of-hazzard-2005,2005-08-05,104,"action,comedy,adventure"
2023-06-29T11:51:36Z,movie,The Dukes of Hazzard: The Beginning,2007,5.80805,12047,tt0800328,19580,https://trakt.tv/movies/the-dukes-of-hazzard-the-beginning-2007,2007-03-04,95,"action,adventure,comedy"
2023-08-09T00:27:11Z,movie,The East,2013,6.89093,65752,tt1869716,87499,https://trakt.tv/movies/the-east-2013,2013-05-31,116,"drama,thriller"
2023-06-16T23:00:51Z,movie,The Empire Strikes Back,1980,8.63363,1266,tt0080684,1891,https://trakt.tv/movies/the-empire-strikes-back-1980,1980-05-21,124,"action,adventure,science-fiction"
2023-03-30T00:01:54Z,movie,The Enforcer,2022,6.35926,676058,tt14857730,846433,https://trakt.tv/movies/the-enforcer-2022,2022-09-23,91,"action,crime,drama"
2023-08-19T19:28:19Z,movie,The Engineer,2023,6.00888,931553,tt26450742,1156255,https://trakt.tv/movies/the-engineer-2023,2024-02-07,93,"action,thriller,mystery"
2023-09-29T02:00:44Z,movie,The Entitled,2011,6.02804,54283,tt1650535,73818,https://trakt.tv/movies/the-entitled-2011,2011-09-06,91,"thriller,crime"
2020-04-25T23:58:01Z,movie,The Equalizer,2014,7.63339,101542,tt0455944,156022,https://trakt.tv/movies/the-equalizer-2014,2014-09-26,132,"action,crime,thriller"
2022-06-01T13:38:41Z,movie,The Equalizer 2,2018,7.31826,225136,tt3766354,345887,https://trakt.tv/movies/the-equalizer-2-2018,2018-07-20,121,"thriller,action,crime"
2023-10-05T16:58:33Z,movie,The Equalizer 3,2023,7.33594,742254,tt17024450,926393,https://trakt.tv/movies/the-equalizer-3-2023,2023-09-01,109,"action,thriller,crime"
2023-10-07T19:03:31Z,movie,The Expendables,2010,6.66012,16982,tt1320253,27578,https://trakt.tv/movies/the-expendables-2010,2010-08-13,103,"action,thriller,adventure"
2023-10-07T19:03:32Z,movie,The Expendables 2,2012,6.76832,56223,tt1764651,76163,https://trakt.tv/movies/the-expendables-2-2012,2012-08-17,103,"action,adventure,thriller"
2023-10-07T19:03:32Z,movie,The Expendables 3,2014,6.57106,92802,tt2333784,138103,https://trakt.tv/movies/the-expendables-3-2014,2014-08-15,126,"action,adventure,thriller"
2024-07-23T19:09:32Z,movie,The Fall Guy,2024,7.08022,586621,tt1684562,746036,https://trakt.tv/movies/the-fall-guy-2024,2024-05-03,127,"action,comedy,romance"
2023-05-28T18:07:01Z,movie,The Family,2013,6.80295,78916,tt2404311,112205,https://trakt.tv/movies/the-family-2013,2013-09-13,111,"action,comedy,crime"
2023-08-07T22:04:42Z,movie,The Family Man,2000,7.16444,3422,tt0218967,5994,https://trakt.tv/movies/the-family-man-2000,2000-12-12,125,"comedy,drama,fantasy,romance,holiday"
2023-08-15T19:42:22Z,movie,The Fan,1996,6.23247,4844,tt0116277,9566,https://trakt.tv/movies/the-fan-1996,1996-08-15,116,"thriller,action,drama"
2023-08-10T14:47:20Z,movie,The Fanatic,2019,5.30149,357592,tt7869070,509853,https://trakt.tv/movies/the-fanatic-2019,2019-08-30,89,"thriller,crime"
2025-07-24T00:38:40Z,movie,The Fantastic 4: First Steps,2025,7.08718,460087,tt10676052,617126,https://trakt.tv/movies/the-fantastic-4-first-steps-2025,2025-07-25,115,"superhero,science-fiction,adventure"
2022-05-31T12:38:32Z,movie,The Fast and the Furious,2001,7.26699,5058,tt0232500,9799,https://trakt.tv/movies/the-fast-and-the-furious-2001,2001-06-22,106,"action,crime,thriller"
2022-05-31T12:38:23Z,movie,The Fast and the Furious: Tokyo Drift,2006,6.69646,4891,tt0463985,9615,https://trakt.tv/movies/the-fast-and-the-furious-tokyo-drift-2006,2006-06-16,104,"action,crime,drama,thriller"
2022-05-31T12:39:01Z,movie,The Fate of the Furious,2017,7.20078,217936,tt4630562,337339,https://trakt.tv/movies/the-fate-of-the-furious-2017,2017-04-14,136,"action,crime,thriller"
2023-05-08T21:34:43Z,movie,The Fifth Element,1997,8.12074,14,tt0119116,18,https://trakt.tv/movies/the-fifth-element-1997,1997-05-07,126,"action,adventure,science-fiction"
2025-03-11T19:27:51Z,movie,The Fire Inside,2024,7.45,454311,tt6133444,610219,https://trakt.tv/movies/the-fire-inside-2024,2024-12-25,109,"drama,history"
2022-07-04T16:31:44Z,movie,The Firm,1993,7.12083,23795,tt0106918,37233,https://trakt.tv/movies/the-firm-1993,1993-06-30,154,"drama,mystery,thriller"
2024-04-14T07:08:14Z,movie,The Fisher King,1991,7.43234,142,tt0101889,177,https://trakt.tv/movies/the-fisher-king-1991,1991-09-20,138,"comedy,drama"
2023-07-19T07:03:31Z,movie,The Flash,2023,6.54393,195144,tt0439572,298618,https://trakt.tv/movies/the-flash-2023,2023-06-16,144,"action,science-fiction,superhero,adventure"
2023-05-28T17:47:49Z,movie,The Flock,2007,5.74653,8468,tt0473356,14148,https://trakt.tv/movies/the-flock-2007,2007-08-04,105,"crime,drama,mystery,thriller"
2023-05-25T12:35:32Z,movie,The Foreigner,2017,7.37784,225520,tt1615160,379149,https://trakt.tv/movies/the-foreigner-2017,2017-10-13,113,"thriller,action,crime"
2023-05-15T14:38:43Z,movie,The Forger,2014,6.28241,155346,tt2376218,255157,https://trakt.tv/movies/the-forger-2014,2015-04-24,95,"crime,drama,thriller"
2023-12-13T20:09:19Z,movie,The Fourth Angel,2001,5.25862,40736,tt0254334,57047,https://trakt.tv/movies/the-fourth-angel-2001,2002-01-18,96,"action,adventure,thriller"
2022-07-03T19:29:19Z,movie,The Fourth Musketeer,2022,5.12857,736210,tt15711350,919348,https://trakt.tv/movies/the-fourth-musketeer-2022,2022-03-07,85,"action,adventure"
2023-08-10T19:04:34Z,movie,The Fourth Protocol,1987,6.8685,2855,tt0093044,4918,https://trakt.tv/movies/the-fourth-protocol-1987,1987-08-28,119,"action,thriller"
2023-08-10T23:58:56Z,movie,The French Connection,1971,7.44236,834,tt0067116,1051,https://trakt.tv/movies/the-french-connection-1971,1971-10-09,104,"action,crime,thriller"
2023-08-07T22:24:40Z,movie,The Frozen Ground,2013,6.82796,124428,tt2005374,199373,https://trakt.tv/movies/the-frozen-ground-2013,2013-08-23,105,"crime,thriller"
2023-05-25T12:37:01Z,movie,The Fugitive,1993,7.79674,3113,tt0106977,5503,https://trakt.tv/movies/the-fugitive-1993,1993-08-06,131,"action,thriller,drama"
2023-05-25T12:38:06Z,movie,The Gambler,2014,6.19858,181765,tt2039393,284536,https://trakt.tv/movies/the-gambler-2014,2014-12-25,111,"crime,drama,thriller"
2022-07-09T18:24:11Z,movie,The Game,1997,7.87317,1789,tt0119174,2649,https://trakt.tv/movies/the-game-1997,1997-09-12,129,"drama,mystery,thriller"
2025-06-02T11:55:54Z,movie,The Gauntlet,1977,6.83384,10831,tt0076070,17689,https://trakt.tv/movies/the-gauntlet-1977,1977-12-21,109,"action,crime,drama,thriller"
2022-07-03T20:49:12Z,movie,The General's Daughter,1999,6.76321,1601,tt0144214,2275,https://trakt.tv/movies/the-general-s-daughter-1999,1999-06-18,116,"thriller,mystery,crime"
2023-05-22T15:57:58Z,movie,The Gentlemen,2020,7.79786,370883,tt8367814,522627,https://trakt.tv/movies/the-gentlemen-2020,2020-01-01,113,"crime,comedy"
2023-08-15T22:12:36Z,movie,The Getaway,1994,6.09267,1436,tt0109890,2087,https://trakt.tv/movies/the-getaway-1994,1994-02-11,115,"action,thriller,mystery,crime"
2022-07-03T23:51:23Z,movie,The Ghost Writer,2010,6.96502,6527,tt1139328,11439,https://trakt.tv/movies/the-ghost-writer-2010,2010-02-18,128,"mystery,thriller"
2022-07-04T16:32:08Z,movie,The Girl in the Spider's Web,2018,6.86889,293826,tt5177088,446807,https://trakt.tv/movies/the-girl-in-the-spider-s-web-2018,2018-11-09,115,"action,crime,thriller"
2023-06-21T15:24:06Z,movie,The Girl Next Door,2004,6.94374,5768,tt0265208,10591,https://trakt.tv/movies/the-girl-next-door-2004,2004-04-09,110,"comedy,romance"
2023-10-25T07:05:57Z,movie,The Girl on the Train,2016,6.95495,224010,tt3631112,346685,https://trakt.tv/movies/the-girl-on-the-train-2016,2016-10-07,112,"thriller,mystery,drama,crime"
2022-07-03T19:29:33Z,movie,The Girl with the Dragon Tattoo,2011,7.72197,47598,tt1568346,65754,https://trakt.tv/movies/the-girl-with-the-dragon-tattoo-2011,2011-12-14,158,"crime,mystery,thriller"
2022-06-01T13:58:54Z,movie,The Godfather,1972,8.86708,196,tt0068646,238,https://trakt.tv/movies/the-godfather-1972,1972-03-24,175,"crime,drama"
2022-06-01T13:58:59Z,movie,The Godfather: Part II,1974,8.75081,198,tt0071562,240,https://trakt.tv/movies/the-godfather-part-ii-1974,1974-12-20,202,"crime,drama"
2022-06-01T13:59:05Z,movie,The Godfather: Part III,1990,7.59279,200,tt0099674,242,https://trakt.tv/movies/the-godfather-part-iii-1990,1990-12-25,162,"crime,drama,thriller"
2023-05-21T02:08:35Z,movie,The Golden Child,1986,6.67104,5353,tt0091129,10136,https://trakt.tv/movies/the-golden-child-1986,1986-12-12,94,"action,adventure,comedy"
2023-10-25T07:05:52Z,movie,The Good Nurse,2022,6.9911,392277,tt4273800,541134,https://trakt.tv/movies/the-good-nurse-2022,2022-10-19,121,"drama,crime,mystery"
2022-07-03T23:51:54Z,movie,The Good Shepherd,2006,6.71822,863,tt0343737,1247,https://trakt.tv/movies/the-good-shepherd-2006,2006-12-11,167,"drama,history,thriller"
2023-08-08T18:54:22Z,movie,"The Good, the Bad and the Ugly",1966,8.5191,341,tt0060196,429,https://trakt.tv/movies/the-good-the-bad-and-the-ugly-1966,1966-12-22,161,western
2023-09-07T04:47:15Z,movie,The Goonies,1985,7.9842,4633,tt0089218,9340,https://trakt.tv/movies/the-goonies-1985,1985-06-07,114,"adventure,comedy,family"
2023-08-15T19:29:21Z,movie,The Graduate,1967,7.67068,23804,tt0061722,37247,https://trakt.tv/movies/the-graduate-1967,1967-12-21,106,"drama,comedy,romance"
2022-05-31T11:55:47Z,movie,The Grandmaster,2013,6.7511,30505,tt1462900,44865,https://trakt.tv/movies/the-grandmaster-2013,2013-01-10,130,"action,drama,history"
2023-05-10T23:24:53Z,movie,The Gray Man,2022,6.93177,567523,tt1649418,725201,https://trakt.tv/movies/the-gray-man-2022,2022-07-15,129,"action,thriller"
2025-07-13T05:05:37Z,movie,The Great Debaters,2007,7.47611,8393,tt0427309,14047,https://trakt.tv/movies/the-great-debaters-2007,2007-12-27,126,drama
2023-09-24T19:07:24Z,movie,The Great Escape,1963,8.06573,3382,tt0057115,5925,https://trakt.tv/movies/the-great-escape-1963,1963-07-04,173,"adventure,drama,war"
2023-05-10T01:32:54Z,movie,The Great Gatsby,2013,7.2729,46728,tt1343092,64682,https://trakt.tv/movies/the-great-gatsby-2013,2013-05-30,143,"drama,romance"
2023-05-10T20:35:08Z,movie,The Great Santini,1979,6.9703,13383,tt0079239,21887,https://trakt.tv/movies/the-great-santini-1979,1979-10-26,115,drama
2023-08-10T19:15:01Z,movie,The Great Wall,2016,6.77484,191328,tt2034800,311324,https://trakt.tv/movies/the-great-wall-2016,2017-02-17,103,"adventure,action,fantasy"
2023-05-12T16:08:50Z,movie,The Green Hornet,2011,5.79245,26876,tt0990407,40805,https://trakt.tv/movies/the-green-hornet-2011,2011-01-13,119,"action,comedy,crime,superhero"
2023-05-10T01:33:18Z,movie,The Green Mile,1999,8.6168,390,tt0120689,497,https://trakt.tv/movies/the-green-mile-1999,1999-12-10,189,"crime,drama,fantasy"
2022-07-03T19:29:44Z,movie,The Grifters,1990,6.75487,11084,tt0099703,18129,https://trakt.tv/movies/the-grifters-1990,1990-12-05,110,"crime,drama"
2023-05-10T01:34:00Z,movie,The Guardian,2006,7.32763,2727,tt0406816,4643,https://trakt.tv/movies/the-guardian-2006,2006-09-29,139,"drama,action"
2023-05-06T00:34:02Z,movie,The Guardians of the Galaxy Holiday Special,2022,7.036,612106,tt13623136,774752,https://trakt.tv/movies/the-guardians-of-the-galaxy-holiday-special-2022,2022-11-25,45,"science-fiction,holiday,adventure,comedy,superhero"
2023-08-28T21:31:19Z,movie,The Guilt Trip,2012,6.22378,61861,tt1694020,82687,https://trakt.tv/movies/the-guilt-trip-2012,2012-12-19,95,comedy
2022-07-03T10:18:45Z,movie,The Gunman,2015,6.46552,164962,tt2515034,266396,https://trakt.tv/movies/the-gunman-2015,2015-06-24,115,"action,crime,drama"
2022-07-03T09:38:03Z,movie,The Hangover,2009,7.66875,11534,tt1119646,18785,https://trakt.tv/movies/the-hangover-2009,2009-06-05,100,comedy
2022-07-03T09:38:18Z,movie,The Hangover Part II,2011,6.75335,30842,tt1411697,45243,https://trakt.tv/movies/the-hangover-part-ii-2011,2011-05-26,102,comedy
2022-07-03T09:38:19Z,movie,The Hangover Part III,2013,6.3234,77344,tt1951261,109439,https://trakt.tv/movies/the-hangover-part-iii-2013,2013-05-23,100,comedy
2023-08-15T21:51:16Z,movie,The Happening,2008,5.40487,4251,tt0949731,8645,https://trakt.tv/movies/the-happening-2008,2008-06-13,90,"science-fiction,thriller"
2016-01-18T22:53:35Z,movie,The Hateful Eight,2015,7.71912,171149,tt3460252,273248,https://trakt.tv/movies/the-hateful-eight-2015,2015-12-25,168,"western,drama,mystery"
2023-05-25T12:45:01Z,movie,The Hatton Garden Job,2017,6.74839,295560,tt5351458,448847,https://trakt.tv/movies/the-hatton-garden-job-2017,2017-04-14,93,"crime,action,thriller"
2023-05-21T03:16:13Z,movie,The Haunted Mansion,2003,6.09744,5919,tt0338094,10756,https://trakt.tv/movies/the-haunted-mansion-2003,2003-11-26,99,"comedy,fantasy,family,mystery,thriller"
2023-10-07T19:03:36Z,movie,The Heat,2013,6.99472,92061,tt2404463,136795,https://trakt.tv/movies/the-heat-2013,2013-06-28,117,"action,comedy,crime"
2023-06-25T10:12:24Z,movie,The Help,2011,8.11716,34924,tt1454029,50014,https://trakt.tv/movies/the-help-2011,2011-08-10,146,drama
2023-05-10T20:25:27Z,movie,The Highwaymen,2019,7.17239,347603,tt1860242,500682,https://trakt.tv/movies/the-highwaymen-2019,2019-03-15,133,"crime,drama,thriller"
2023-02-03T01:13:33Z,movie,The Hitman Agency,2018,5.66667,365065,tt8197418,516742,https://trakt.tv/movies/the-hitman-agency-2018,2018-04-04,87,"thriller,action"
2023-05-08T01:34:40Z,movie,The Hitman's Bodyguard,2017,7.41523,232291,tt1959563,390043,https://trakt.tv/movies/the-hitman-s-bodyguard-2017,2017-08-18,118,"comedy,action,crime,thriller"
2023-05-07T07:58:59Z,movie,The Hobbit: An Unexpected Journey,2012,7.83032,34097,tt0903624,49051,https://trakt.tv/movies/the-hobbit-an-unexpected-journey-2012,2012-12-14,169,"action,adventure,fantasy"
2023-05-07T07:59:12Z,movie,The Hobbit: The Battle of the Five Armies,2014,7.57417,84900,tt2310332,122917,https://trakt.tv/movies/the-hobbit-the-battle-of-the-five-armies-2014,2014-12-17,144,"adventure,fantasy,action"
2023-01-16T17:16:55Z,movie,The Hobbit: The Desolation of Smaug,2013,7.79374,40808,tt1170358,57158,https://trakt.tv/movies/the-hobbit-the-desolation-of-smaug-2013,2013-12-13,161,"fantasy,adventure,action"
2022-07-03T20:49:46Z,movie,The Host,2013,6.44976,53425,tt1517260,72710,https://trakt.tv/movies/the-host-2013,2013-03-29,125,"action,adventure,science-fiction"
2025-08-17T23:09:47Z,movie,The House,2017,6.7058,226428,tt4481514,345914,https://trakt.tv/movies/the-house-2017,2017-06-30,88,"comedy,crime"
2023-08-08T00:28:35Z,movie,The Humanity Bureau,2017,5.61757,302276,tt6143568,456048,https://trakt.tv/movies/the-humanity-bureau-2017,2017-07-11,94,"science-fiction,thriller"
2016-04-27T04:06:50Z,movie,The Hunger Games,2012,7.52297,51342,tt1392170,70160,https://trakt.tv/movies/the-hunger-games-2012,2012-03-23,142,"adventure,science-fiction,action,thriller"
2022-05-31T12:35:54Z,movie,The Hunger Games: Catching Fire,2013,7.61671,72719,tt1951264,101299,https://trakt.tv/movies/the-hunger-games-catching-fire-2013,2013-11-22,146,"action,adventure,science-fiction"
2022-05-31T12:35:55Z,movie,The Hunger Games: Mockingjay - Part 1,2014,7.11124,89542,tt1951265,131631,https://trakt.tv/movies/the-hunger-games-mockingjay-part-1-2014,2014-11-21,123,"adventure,science-fiction,thriller"
2022-05-31T12:35:59Z,movie,The Hunger Games: Mockingjay - Part 2,2015,7.04365,89543,tt1951266,131634,https://trakt.tv/movies/the-hunger-games-mockingjay-part-2-2015,2015-11-18,137,"adventure,science-fiction,action"
2024-01-14T21:21:31Z,movie,The Hunger Games: The Ballad of Songbirds & Snakes,2023,6.86585,539738,tt10545296,695721,https://trakt.tv/movies/the-hunger-games-the-ballad-of-songbirds-snakes-2023,2023-11-17,157,"drama,science-fiction,adventure,action"
2022-07-04T16:32:21Z,movie,The Hunt for Red October,1990,7.91888,1111,tt0099810,1669,https://trakt.tv/movies/the-hunt-for-red-october-1990,1990-03-02,135,"action,adventure,thriller"
2023-05-18T00:22:58Z,movie,The Hunted,2003,6.50442,5806,tt0269347,10632,https://trakt.tv/movies/the-hunted-2003,2003-03-11,94,"action,thriller,crime,drama"
2023-05-25T12:57:23Z,movie,The Hunter's Prayer,2017,6.6677,221384,tt2674358,302150,https://trakt.tv/movies/the-hunter-s-prayer-2017,2017-06-09,91,"thriller,action"
2022-07-12T11:00:06Z,movie,The Huntsman: Winter's War,2016,6.88979,187507,tt2381991,290595,https://trakt.tv/movies/the-huntsman-winter-s-war-2016,2016-04-22,114,"action,adventure,drama"
2023-09-24T19:07:25Z,movie,The Hurricane,1999,7.68499,5594,tt0174856,10400,https://trakt.tv/movies/the-hurricane-1999,1999-12-29,146,drama
2023-05-25T12:58:21Z,movie,The Hurt Locker,2008,7.50623,7077,tt0887912,12162,https://trakt.tv/movies/the-hurt-locker-2008,2009-06-25,131,"drama,thriller,war"
2022-07-01T01:15:21Z,movie,The Iceman,2012,7.10726,50211,tt1491044,68812,https://trakt.tv/movies/the-iceman-2012,2013-05-03,105,"crime,drama,thriller"
2025-03-18T17:05:12Z,movie,The Identical,2014,5.816,177415,tt2326574,279914,https://trakt.tv/movies/the-identical-2014,2014-09-05,107,"drama,music"
2023-05-12T16:20:04Z,movie,The Ides of March,2011,6.9739,5519,tt1124035,10316,https://trakt.tv/movies/the-ides-of-march-2011,2011-10-07,101,drama
2023-05-25T12:59:30Z,movie,The Illusionist,2006,7.60229,985,tt0443543,1491,https://trakt.tv/movies/the-illusionist-2006,2006-08-18,110,"drama,fantasy,thriller,romance"
2023-05-25T13:00:07Z,movie,The Imitation Game,2014,8.08744,127828,tt2084970,205596,https://trakt.tv/movies/the-imitation-game-2014,2014-11-28,113,"drama,history,thriller,war"
2022-07-03T06:44:29Z,movie,The Incredible Hulk,2008,6.54347,1155,tt0800080,1724,https://trakt.tv/movies/the-incredible-hulk-2008,2008-06-12,114,"action,adventure,science-fiction,superhero"
2025-09-26T05:02:41Z,movie,The Infiltrator,2016,7.46037,214309,tt1355631,325789,https://trakt.tv/movies/the-infiltrator-2016,2016-07-13,127,"crime,drama,thriller"
2023-05-10T23:50:20Z,movie,The Informant!,2009,6.46364,6421,tt1130080,11323,https://trakt.tv/movies/the-informant-2009,2009-09-18,108,"comedy,crime,drama"
2023-10-07T19:03:31Z,movie,The In-Laws,2003,6.4,2997,tt0314786,5146,https://trakt.tv/movies/the-in-laws-2003,2003-05-23,98,"action,comedy"
2023-06-08T18:47:13Z,movie,The Insider,1999,7.66202,4466,tt0140352,9008,https://trakt.tv/movies/the-insider-1999,1999-11-05,158,"drama,thriller"
2024-09-21T07:04:51Z,movie,The Instigators,2024,6.44758,852399,tt24169886,1059064,https://trakt.tv/movies/the-instigators-2024,2024-08-02,102,"crime,comedy"
2023-08-15T22:47:29Z,movie,The Intern,2015,7.44197,156997,tt2361509,257211,https://trakt.tv/movies/the-intern-2015,2015-09-25,121,comedy
2022-07-03T23:29:45Z,movie,The International,2009,6.60248,2892,tt0963178,4959,https://trakt.tv/movies/the-international-2009,2009-02-13,118,"thriller,action,drama,crime,adventure,mystery"
2025-08-19T05:08:31Z,movie,The Internship,2013,6.62403,81433,tt2234155,116741,https://trakt.tv/movies/the-internship-2013,2013-06-07,119,comedy
2022-07-02T07:24:01Z,movie,The Interpreter,2005,6.57444,144,tt0373926,179,https://trakt.tv/movies/the-interpreter-2005,2005-04-22,128,"crime,thriller"
2022-07-23T17:17:21Z,movie,The Interview,2014,6.45763,139863,tt2788710,228967,https://trakt.tv/movies/the-interview-2014,2014-12-24,113,"comedy,action"
2023-05-12T15:38:45Z,movie,The Invention of Lying,2009,6.57679,13983,tt1058017,23082,https://trakt.tv/movies/the-invention-of-lying-2009,2009-10-02,100,"comedy,fantasy,romance"
2023-08-10T19:27:41Z,movie,The Ipcress File,1965,7.20076,9250,tt0059319,15247,https://trakt.tv/movies/the-ipcress-file-1965,1965-03-18,109,thriller
2023-08-10T02:05:16Z,movie,The Irishman,2019,7.57904,242125,tt1302006,398978,https://trakt.tv/movies/the-irishman-2019,2019-11-01,209,"crime,history,drama"
2022-07-03T23:29:58Z,movie,The Italian Job,2003,7.31173,4929,tt0317740,9654,https://trakt.tv/movies/the-italian-job-2003,2003-09-19,110,"action,crime"
2023-02-05T18:04:22Z,movie,The Jackal,1997,6.86397,2813,tt0119395,4824,https://trakt.tv/movies/the-jackal-1997,1997-11-14,124,"action,adventure,crime,thriller"
2023-05-30T14:10:38Z,movie,The Jerk,1979,7.39026,3635,tt0079367,6471,https://trakt.tv/movies/the-jerk-1979,1979-12-14,94,comedy
2023-05-25T14:08:25Z,movie,The Jewel of the Nile,1985,6.55037,5506,tt0089370,10303,https://trakt.tv/movies/the-jewel-of-the-nile-1985,1985-12-04,106,"action,adventure,comedy,romance"
2023-06-30T21:01:53Z,movie,The Job,2003,5.23529,72020,tt0356764,99987,https://trakt.tv/movies/the-job-2003,2004-01-13,83,"drama,action,crime"
2023-08-19T15:42:17Z,movie,The Joneses,2010,6.69006,27449,tt1285309,41479,https://trakt.tv/movies/the-joneses-2010,2010-04-16,96,"comedy,drama"
2023-05-10T01:34:14Z,movie,The Juror,1996,6.31563,4899,tt0116731,9623,https://trakt.tv/movies/the-juror-1996,1996-02-02,118,"thriller,crime,drama"
2023-05-25T13:19:58Z,movie,The Karate Kid,1984,7.53682,1261,tt0087538,1885,https://trakt.tv/movies/the-karate-kid-1984,1984-06-22,126,"drama,action,family,adventure"
2023-05-25T13:20:07Z,movie,The Karate Kid,2010,6.54124,24931,tt1155076,38575,https://trakt.tv/movies/the-karate-kid-2010,2010-06-11,140,"action,adventure,drama,family"
2023-05-25T13:21:50Z,movie,The Karate Kid Part II,1986,6.76164,4346,tt0091326,8856,https://trakt.tv/movies/the-karate-kid-part-ii-1986,1986-06-18,113,"action,adventure,drama,romance,family"
2023-05-25T13:21:48Z,movie,The Karate Kid Part III,1989,6.18648,5678,tt0097647,10495,https://trakt.tv/movies/the-karate-kid-part-iii-1989,1989-06-29,112,"adventure,family,action,drama"
2023-05-25T13:24:35Z,movie,The Kid,2019,6.65137,339547,tt4975920,492565,https://trakt.tv/movies/the-kid-2019,2019-03-08,100,"western,drama,action"
2025-07-14T20:55:56Z,movie,The Kill Room,2023,6.13479,769959,tt11908172,958006,https://trakt.tv/movies/the-kill-room-2023,2023-09-28,98,"crime,comedy"
2023-11-11T20:04:12Z,movie,The Killer,2023,6.70522,635402,tt1136617,800158,https://trakt.tv/movies/the-killer-2023,2023-10-27,118,"crime,thriller"
2024-08-31T19:02:35Z,movie,The Killer,2024,6.52914,780051,tt1121948,970347,https://trakt.tv/movies/the-killer-2024,2024-08-23,126,"action,thriller,crime"
2023-10-07T19:03:49Z,movie,The Killing Time,1987,5.31579,20565,tt0093347,32039,https://trakt.tv/movies/the-killing-time-1987,1987-10-23,94,"action,mystery,thriller,romance"
2023-08-17T15:20:14Z,movie,The King,2019,7.29416,352738,tt7984766,504949,https://trakt.tv/movies/the-king-2019,2019-11-01,140,"drama,history,war"
2023-08-22T00:02:10Z,movie,The King of Staten Island,2020,7.10245,429212,tt9686708,579583,https://trakt.tv/movies/the-king-of-staten-island-2020,2020-06-12,137,"comedy,drama"
2023-05-25T13:32:59Z,movie,The Kingdom,2007,7.14436,2548,tt0431197,4349,https://trakt.tv/movies/the-kingdom-2007,2007-08-22,110,"action,drama,thriller"
2023-08-17T14:55:43Z,movie,The King's Daughter,2022,6.29773,149617,tt2328678,245842,https://trakt.tv/movies/the-king-s-daughter-2022,2022-01-21,94,"fantasy,adventure,family"
2022-05-31T12:42:02Z,movie,The King's Man,2021,6.57239,324048,tt6856242,476669,https://trakt.tv/movies/the-king-s-man-2021,2021-12-22,131,"action,adventure,thriller"
2023-05-25T13:31:49Z,movie,The King's Speech,2010,7.97458,30866,tt1504320,45269,https://trakt.tv/movies/the-king-s-speech-2010,2011-01-07,118,"drama,history"
2023-06-30T21:19:18Z,movie,The Kitchen,2019,6.59533,334730,tt5822564,487680,https://trakt.tv/movies/the-kitchen-2019,2019-08-09,103,"action,crime,drama"
2023-06-10T03:38:26Z,movie,The Ladykillers,2004,6.37231,3123,tt0335245,5516,https://trakt.tv/movies/the-ladykillers-2004,2004-03-26,104,"comedy,crime,thriller"
2023-05-25T13:35:00Z,movie,The Last Airbender,2010,4.48243,5409,tt0938283,10196,https://trakt.tv/movies/the-last-airbender-2010,2010-07-01,103,"action,adventure,fantasy"
2022-07-04T16:32:48Z,movie,The Last Boy Scout,1991,7.23751,4617,tt0102266,9319,https://trakt.tv/movies/the-last-boy-scout-1991,1991-12-13,105,"action,thriller"
2023-05-25T13:36:57Z,movie,The Last Castle,2001,7.40482,1449,tt0272020,2100,https://trakt.tv/movies/the-last-castle-2001,2001-10-19,131,"action,drama,thriller"
2023-05-25T13:36:14Z,movie,The Last Dragon,1985,7.47668,8310,tt0089461,13938,https://trakt.tv/movies/the-last-dragon-1985,1985-03-22,109,"action,adventure,music,comedy,drama"
2023-05-22T16:14:27Z,movie,The Last Duel,2021,7.24742,460727,tt4244994,617653,https://trakt.tv/movies/the-last-duel-2021,2021-10-15,153,"drama,history,action"
2023-08-01T19:24:17Z,movie,The Last Full Measure,2020,7.64753,315368,tt0783640,442065,https://trakt.tv/movies/the-last-full-measure-2020,2020-01-24,110,"drama,war,action"
2025-03-19T05:02:31Z,movie,The Last Hit Man,2008,5.625,27336,tt1124379,41341,https://trakt.tv/movies/the-last-hit-man-2008,2008-03-26,90,"action,crime,thriller"
2023-05-05T15:19:01Z,movie,The Last Kingdom: Seven Kings Must Die,2023,7.28467,762416,tt15767808,948713,https://trakt.tv/movies/the-last-kingdom-seven-kings-must-die-2023,2023-04-14,111,"action,war,adventure"
2023-05-05T15:28:06Z,movie,The Last Mercenary,2021,5.84608,571945,tt12808182,729720,https://trakt.tv/movies/the-last-mercenary-2021,2021-07-30,110,"action,comedy"
2025-08-25T01:57:47Z,movie,The Last Rodeo,2025,7.34177,1128212,tt30908405,1380682,https://trakt.tv/movies/the-last-rodeo-2025,2025-05-23,118,drama
2023-05-10T01:36:48Z,movie,The Last Samurai,2003,7.76463,492,tt0325710,616,https://trakt.tv/movies/the-last-samurai-2003,2003-12-05,154,"action,drama,war"
2023-08-07T09:52:09Z,movie,The Last Stand,2013,6.61511,56612,tt1549920,76640,https://trakt.tv/movies/the-last-stand-2013,2013-01-12,107,"action,crime,thriller"
2023-11-17T08:03:31Z,movie,The Ledge,2011,6.5205,45719,tt1535970,63493,https://trakt.tv/movies/the-ledge-2011,2011-07-08,101,"drama,thriller"
2023-11-17T08:03:30Z,movie,The Ledge,2022,6.09349,740655,tt6805938,924482,https://trakt.tv/movies/the-ledge-2022,2022-02-18,86,"thriller,adventure"
2022-05-31T11:54:48Z,movie,The Legend Is Born: Ip Man,2010,7.22518,29967,tt1641638,44249,https://trakt.tv/movies/the-legend-is-born-ip-man-2010,2010-06-24,100,"action,drama,history"
2023-05-11T00:00:03Z,movie,The Legend of Bagger Vance,2000,7.04115,2891,tt0146984,4958,https://trakt.tv/movies/the-legend-of-bagger-vance-2000,2000-11-02,126,"drama,romance,fantasy"
2023-03-30T00:01:58Z,movie,The Legend of Hercules,2014,5.20956,117803,tt1043726,188207,https://trakt.tv/movies/the-legend-of-hercules-2014,2014-01-10,99,"action,adventure"
2023-05-09T23:32:47Z,movie,The Legend of Tarzan,2016,6.99605,158008,tt0918940,258489,https://trakt.tv/movies/the-legend-of-tarzan-2016,2016-07-01,109,"adventure,action,fantasy"
2023-05-10T01:45:58Z,movie,The Legend of Zorro,2005,6.32509,1101,tt0386140,1656,https://trakt.tv/movies/the-legend-of-zorro-2005,2005-10-24,129,"action,adventure,superhero,western"
2023-02-03T01:19:38Z,movie,The Liability,2012,5.74772,104649,tt2081437,162145,https://trakt.tv/movies/the-liability-2012,2013-01-29,86,"comedy,crime,thriller"
2023-05-11T00:24:12Z,movie,The Lincoln Lawyer,2011,7.54212,35197,tt1189340,50348,https://trakt.tv/movies/the-lincoln-lawyer-2011,2011-03-18,119,"crime,drama,thriller"
2023-07-02T16:23:40Z,movie,The Line,2009,5.38372,13378,tt1111918,21878,https://trakt.tv/movies/the-line-2009,2009-09-09,95,"action,crime,drama,thriller"
2023-10-29T02:32:07Z,movie,The Little Mermaid,2018,5.83889,226731,tt5493944,385448,https://trakt.tv/movies/the-little-mermaid-2018,2018-08-17,98,"adventure,fantasy,romance,drama,family"
2023-06-04T05:06:23Z,movie,The Little Mermaid,2023,6.27353,293908,tt5971474,447277,https://trakt.tv/movies/the-little-mermaid-2023,2023-05-26,135,"adventure,family,fantasy,romance,musical"
2023-10-08T19:08:24Z,movie,The Little Things,2021,6.57619,462660,tt10016180,602269,https://trakt.tv/movies/the-little-things-2021,2021-01-29,128,"thriller,crime,drama"
2018-06-14T06:48:43Z,movie,The Living Daylights,1987,6.84895,580,tt0093428,708,https://trakt.tv/movies/the-living-daylights-1987,1987-06-29,130,"action,adventure,thriller"
2023-05-10T19:54:42Z,movie,The Lone Ranger,2013,6.5877,40834,tt1210819,57201,https://trakt.tv/movies/the-lone-ranger-2013,2013-07-03,149,"action,adventure,western"
2024-05-04T07:01:20Z,movie,The Long Game,2025,6.29412,890202,tt23631668,1106565,https://trakt.tv/movies/the-long-game-2025,2025-02-14,86,thriller
2023-05-10T23:34:07Z,movie,The Long Kiss Goodnight,1996,7.22138,6507,tt0116908,11412,https://trakt.tv/movies/the-long-kiss-goodnight-1996,1996-10-11,121,"action,thriller,crime,mystery"
2023-05-10T18:52:31Z,movie,The Longest Yard,2005,6.75135,4591,tt0398165,9291,https://trakt.tv/movies/the-longest-yard-2005,2005-05-27,113,"comedy,drama,crime"
2023-05-06T16:14:17Z,movie,The Lord of the Rings: The Fellowship of the Ring,2001,8.75329,88,tt0120737,120,https://trakt.tv/movies/the-lord-of-the-rings-the-fellowship-of-the-ring-2001,2001-12-19,179,"action,adventure,fantasy"
2023-05-06T16:15:25Z,movie,The Lord of the Rings: The Return of the King,2003,8.88362,90,tt0167260,122,https://trakt.tv/movies/the-lord-of-the-rings-the-return-of-the-king-2003,2003-12-17,201,"action,adventure,fantasy"
2023-05-06T16:14:05Z,movie,The Lord of the Rings: The Two Towers,2002,8.75472,89,tt0167261,121,https://trakt.tv/movies/the-lord-of-the-rings-the-two-towers-2002,2002-12-18,179,"action,adventure,fantasy"
2022-05-31T12:32:27Z,movie,The Losers,2010,6.6477,22226,tt0480255,34813,https://trakt.tv/movies/the-losers-2010,2010-04-23,97,"action,adventure,crime,mystery,thriller"
2023-07-27T19:08:14Z,movie,The Lost Boys,1987,7.55858,1006,tt0093437,1547,https://trakt.tv/movies/the-lost-boys-1987,1987-07-31,97,"comedy,horror,thriller,drama,romance"
2023-05-10T01:28:29Z,movie,The Lost City,2022,6.50397,592440,tt13320622,752623,https://trakt.tv/movies/the-lost-city-2022,2022-03-25,112,"comedy,adventure,action"
2023-08-15T23:49:27Z,movie,The Lost City of Z,2017,6.72655,193776,tt1212428,314095,https://trakt.tv/movies/the-lost-city-of-z-2017,2017-04-14,141,"adventure,history,drama"
2023-05-05T17:56:48Z,movie,The Lost World: Jurassic Park,1997,6.93321,277,tt0119567,330,https://trakt.tv/movies/the-lost-world-jurassic-park-1997,1997-05-23,129,"action,adventure,science-fiction"
2025-07-16T05:06:27Z,movie,The Magnificent Seven,1960,7.66883,802,tt0054047,966,https://trakt.tv/movies/the-magnificent-seven-1960,1960-10-12,127,"western,action,adventure"
2023-05-08T21:51:08Z,movie,The Magnificent Seven,2016,7.42313,214415,tt2404435,333484,https://trakt.tv/movies/the-magnificent-seven-2016,2016-09-23,132,"action,western,adventure"
2025-07-16T05:06:24Z,movie,The Magnificent Seven Ride!,1972,5.93452,29199,tt0068897,43417,https://trakt.tv/movies/the-magnificent-seven-ride-1972,1972-08-01,100,western
2023-05-25T13:41:51Z,movie,The Maiden Heist,2009,6.18615,14593,tt1107860,24271,https://trakt.tv/movies/the-maiden-heist-2009,2009-05-29,91,"comedy,crime"
2023-05-10T23:27:02Z,movie,The Man,2005,6.0236,4523,tt0399327,9074,https://trakt.tv/movies/the-man-2005,2005-09-08,83,"action,comedy,crime"
2022-07-03T09:42:52Z,movie,The Man from Toronto,2022,6.53089,501427,tt11671006,667739,https://trakt.tv/movies/the-man-from-toronto-2022,2022-06-24,113,"action,comedy,adventure"
2020-04-25T23:59:48Z,movie,The Man from U.N.C.L.E.,2015,7.37619,126852,tt1638355,203801,https://trakt.tv/movies/the-man-from-u-n-c-l-e-2015,2015-08-14,116,"action,adventure,comedy"
2025-01-12T00:09:27Z,movie,The Man with One Red Shoe,1985,6.33214,6058,tt0089543,10905,https://trakt.tv/movies/the-man-with-one-red-shoe-1985,1985-07-18,90,"action,comedy"
2020-04-26T00:03:52Z,movie,The Man with the Golden Gun,1974,6.77712,556,tt0071807,682,https://trakt.tv/movies/the-man-with-the-golden-gun-1974,1974-12-20,125,"action,adventure,thriller"
2023-06-30T21:31:42Z,movie,The Man with the Iron Fists,2012,5.9569,70784,tt1258972,97430,https://trakt.tv/movies/the-man-with-the-iron-fists-2012,2012-11-02,96,action
2023-06-30T21:33:29Z,movie,The Man with the Iron Fists 2,2015,5.41794,202166,tt3625152,321494,https://trakt.tv/movies/the-man-with-the-iron-fists-2-2015,2015-04-14,90,"action,adventure"
2023-05-07T07:17:53Z,movie,The Manchurian Candidate,2004,6.8782,8704,tt0368008,14462,https://trakt.tv/movies/the-manchurian-candidate-2004,2004-07-30,129,"drama,mystery,thriller"
2024-02-08T20:06:36Z,movie,The Marksman,2021,6.40337,473773,tt6902332,634528,https://trakt.tv/movies/the-marksman-2021,2021-01-15,108,"action,drama,thriller"
2023-01-10T11:31:49Z,movie,The Martian,2015,8.10884,183371,tt3659388,286217,https://trakt.tv/movies/the-martian-2015,2015-10-02,141,"science-fiction,adventure,drama"
2023-12-13T20:09:20Z,movie,The Marvels,2023,6.06311,454832,tt10676048,609681,https://trakt.tv/movies/the-marvels-2023,2023-11-10,105,"superhero,action,adventure,science-fiction"
2023-05-10T01:45:45Z,movie,The Mask of Zorro,1998,6.89416,4635,tt0120746,9342,https://trakt.tv/movies/the-mask-of-zorro-1998,1998-07-16,136,"adventure,action,superhero"
2023-08-17T14:18:56Z,movie,The Master,2012,7.01383,50135,tt1560747,68722,https://trakt.tv/movies/the-master-2012,2012-09-14,137,drama
2024-03-10T20:06:38Z,movie,The Master of Disguise,2002,4.38897,8280,tt0295427,13908,https://trakt.tv/movies/the-master-of-disguise-2002,2002-08-02,80,"comedy,family,fantasy,adventure"
2022-05-31T12:40:51Z,movie,The Matrix,1999,8.73296,481,tt0133093,603,https://trakt.tv/movies/the-matrix-1999,1999-03-31,136,"action,science-fiction"
2022-05-31T12:41:08Z,movie,The Matrix Reloaded,2003,7.52699,482,tt0234215,604,https://trakt.tv/movies/the-matrix-reloaded-2003,2003-05-15,138,"action,adventure,science-fiction,thriller"
2022-05-31T12:41:23Z,movie,The Matrix Resurrections,2021,6.09208,466465,tt10838180,624860,https://trakt.tv/movies/the-matrix-resurrections-2021,2021-12-22,147,"action,science-fiction,adventure"
2022-05-31T12:41:14Z,movie,The Matrix Revolutions,2003,7.15563,483,tt0242653,605,https://trakt.tv/movies/the-matrix-revolutions-2003,2003-11-05,129,"action,adventure,science-fiction,thriller"
2022-07-01T22:02:14Z,movie,The Maze Runner,2014,7.20162,124008,tt1790864,198663,https://trakt.tv/movies/the-maze-runner-2014,2014-09-19,113,"action,mystery,science-fiction,thriller"
2022-05-31T11:53:19Z,movie,The Mechanic,2011,6.98928,16985,tt0472399,27582,https://trakt.tv/movies/the-mechanic-2011,2011-01-28,93,"action,crime,thriller"
2023-07-07T13:00:32Z,movie,The Men Who Stare at Goats,2009,6.28418,5516,tt1234548,10313,https://trakt.tv/movies/the-men-who-stare-at-goats-2009,2009-11-06,94,"comedy,war"
2022-07-03T23:30:06Z,movie,The Mexican,2001,6.42072,3468,tt0236493,6073,https://trakt.tv/movies/the-mexican-2001,2001-03-01,123,"action,comedy,crime,romance"
2023-08-15T21:59:47Z,movie,The Midnight Sky,2020,5.97446,458418,tt10539608,614911,https://trakt.tv/movies/the-midnight-sky-2020,2020-12-11,118,"drama,science-fiction"
2024-07-25T19:14:03Z,movie,The Ministry of Ungentlemanly Warfare,2024,7.33877,634646,tt5177120,799583,https://trakt.tv/movies/the-ministry-of-ungentlemanly-warfare-2024,2024-04-19,120,"war,action,comedy"
2023-05-25T13:43:18Z,movie,The Misfits,2021,5.72382,430413,tt4876134,581644,https://trakt.tv/movies/the-misfits-2021,2021-06-11,94,"action,thriller"
2023-03-31T22:33:15Z,movie,The Money Pit,1986,6.9768,5649,tt0091541,10466,https://trakt.tv/movies/the-money-pit-1986,1986-03-26,91,"comedy,romance"
2023-05-10T23:40:27Z,movie,The Monuments Men,2014,6.56955,99984,tt2177771,152760,https://trakt.tv/movies/the-monuments-men-2014,2014-02-07,118,"action,drama,history,war"
2017-12-19T03:21:55Z,movie,The Mortal Instruments: City of Bones,2013,6.29932,85230,tt1538403,123553,https://trakt.tv/movies/the-mortal-instruments-city-of-bones-2013,2013-08-21,130,"action,fantasy,mystery"
2023-05-25T18:07:48Z,movie,The Mother,2023,6.53129,402166,tt6968614,552688,https://trakt.tv/movies/the-mother-2023,2023-05-04,115,"action,thriller"
2023-07-30T07:21:48Z,movie,The Mule,2018,7.32152,351319,tt7959026,504172,https://trakt.tv/movies/the-mule-2018,2018-12-14,116,"crime,drama"
2023-06-29T11:57:40Z,movie,The Mummy,1999,7.3561,445,tt0120616,564,https://trakt.tv/movies/the-mummy-1999,1999-05-07,124,"action,adventure,fantasy"
2023-06-29T11:57:51Z,movie,The Mummy Returns,2001,6.77589,1163,tt0209163,1734,https://trakt.tv/movies/the-mummy-returns-2001,2001-05-04,130,"action,adventure,fantasy"
2023-06-29T11:58:07Z,movie,The Mummy: Tomb of the Dragon Emperor,2008,5.87288,1164,tt0859163,1735,https://trakt.tv/movies/the-mummy-tomb-of-the-dragon-emperor-2008,2008-07-31,112,"action,adventure,fantasy"
2022-07-03T10:18:04Z,movie,The Negotiator,1998,7.47655,4907,tt0120768,9631,https://trakt.tv/movies/the-negotiator-1998,1998-07-29,140,"action,crime,drama,thriller"
2023-05-25T13:52:05Z,movie,The Net,1995,6.53221,1087,tt0113957,1642,https://trakt.tv/movies/the-net-1995,1995-07-28,114,"action,crime,drama,mystery,thriller"
2023-06-29T12:00:27Z,movie,The Net 2.0,2006,5.11806,5089,tt0449077,9834,https://trakt.tv/movies/the-net-2-0-2006,2006-02-15,95,"action,drama,thriller"
2022-07-01T22:54:56Z,movie,The New Mutants,2020,5.86807,233766,tt4682266,340102,https://trakt.tv/movies/the-new-mutants-2020,2020-08-28,94,"science-fiction,superhero,action,horror"
2025-07-14T04:03:01Z,movie,The Newton Boys,1998,6.53147,28668,tt0120769,42807,https://trakt.tv/movies/the-newton-boys-1998,1998-03-26,122,"action,drama,crime"
2023-05-25T13:21:37Z,movie,The Next Karate Kid,1994,5.46434,6357,tt0110657,11231,https://trakt.tv/movies/the-next-karate-kid-1994,1994-08-12,107,"adventure,action,drama,family"
2023-05-10T01:46:45Z,movie,The Nice Guys,2016,7.38589,187173,tt3799694,290250,https://trakt.tv/movies/the-nice-guys-2016,2016-05-20,116,"crime,comedy,action"
2023-10-07T19:03:49Z,movie,The Nines,2007,6.34767,7571,tt0810988,12994,https://trakt.tv/movies/the-nines-2007,2007-01-21,100,"drama,fantasy,mystery,thriller"
2023-05-08T01:33:44Z,movie,The November Man,2014,6.73646,155240,tt2402157,254904,https://trakt.tv/movies/the-november-man-2014,2014-11-07,108,"action,crime,thriller"
2022-07-03T09:09:14Z,movie,The Numbers Station,2013,6.21044,57101,tt1659338,77234,https://trakt.tv/movies/the-numbers-station-2013,2013-07-01,90,"action,thriller"
2023-05-21T02:15:24Z,movie,The Nutty Professor,1996,5.92459,4624,tt0117218,9327,https://trakt.tv/movies/the-nutty-professor-1996,1996-06-28,95,"comedy,fantasy,science-fiction,romance"
2023-05-21T05:08:17Z,movie,The Nutty Professor,1963,6.83359,11219,tt0057372,18331,https://trakt.tv/movies/the-nutty-professor-1963,1963-06-04,107,"comedy,romance,science-fiction"
2023-03-09T21:25:22Z,movie,The Old Guard,2020,7.14477,432086,tt7556122,547016,https://trakt.tv/movies/the-old-guard-2020,2020-07-10,125,"action,fantasy,superhero"
2023-08-07T21:25:20Z,movie,The Old Way,2023,6.4446,698489,tt8593824,872954,https://trakt.tv/movies/the-old-way-2023,2023-01-06,95,"western,drama"
2023-08-10T01:39:09Z,movie,The One,2001,6.50278,5956,tt0267804,10796,https://trakt.tv/movies/the-one-2001,2001-11-02,87,"action,science-fiction,thriller"
2022-07-02T07:26:14Z,movie,The Operative,2019,6.18605,424860,tt8000718,574207,https://trakt.tv/movies/the-operative-2019,2019-08-02,120,"thriller,drama"
2024-12-29T20:10:05Z,movie,The Order,2024,6.9002,869899,tt26625693,1082195,https://trakt.tv/movies/the-order-2024,2024-12-06,116,"crime,drama,thriller"
2023-03-09T21:25:35Z,movie,The Other Guys,2010,6.88494,16984,tt1386588,27581,https://trakt.tv/movies/the-other-guys-2010,2010-08-06,116,"action,comedy,crime"
2023-07-08T00:07:36Z,movie,The Out-Laws,2023,6.13754,815154,tt11274492,921636,https://trakt.tv/movies/the-out-laws-2023,2023-07-07,95,"action,comedy,romance"
2023-07-07T13:03:06Z,movie,The Outpost,2020,7.26803,384000,tt3833480,531876,https://trakt.tv/movies/the-outpost-2020,2020-07-03,123,"war,drama,history,action"
2023-08-11T08:30:17Z,movie,The Passion of the Christ,2004,7.26948,491,tt0335345,615,https://trakt.tv/movies/the-passion-of-the-christ-2004,2004-02-25,127,drama
2023-05-25T13:59:13Z,movie,The Patriot,2000,7.47694,1385,tt0187393,2024,https://trakt.tv/movies/the-patriot-2000,2000-06-28,165,"action,drama,history,war"
2023-05-10T02:48:32Z,movie,The Peacemaker,1997,6.55962,3708,tt0119874,6623,https://trakt.tv/movies/the-peacemaker-1997,1997-09-26,124,"action,thriller"
2023-08-10T19:36:26Z,movie,The Pelican Brief,1993,7.06517,5174,tt0107798,9944,https://trakt.tv/movies/the-pelican-brief-1993,1993-12-16,141,"thriller,crime,drama"
2023-09-19T18:51:30Z,movie,The Pentagon Papers,2003,6.96552,26255,tt0330760,40113,https://trakt.tv/movies/the-pentagon-papers-2003,2003-03-09,92,"drama,history,thriller"
2023-08-10T19:36:59Z,movie,The People vs. Larry Flynt,1996,7.28586,1076,tt0117318,1630,https://trakt.tv/movies/the-people-vs-larry-flynt-1996,1996-12-25,130,drama
2023-07-07T12:10:47Z,movie,The Pianist,2002,8.41832,335,tt0253474,423,https://trakt.tv/movies/the-pianist-2002,2002-09-17,150,"drama,war"
2023-06-30T21:51:37Z,movie,The Pirates of Somalia,2017,7.2289,298833,tt5126922,394537,https://trakt.tv/movies/the-pirates-of-somalia-2017,2017-12-08,117,drama
2023-07-30T07:16:40Z,movie,The Place Beyond the Pines,2013,7.24616,70754,tt1817273,97367,https://trakt.tv/movies/the-place-beyond-the-pines-2013,2013-03-27,140,"crime,drama"
2023-08-08T19:17:57Z,movie,The Pledge,2001,6.68754,3403,tt0237572,5955,https://trakt.tv/movies/the-pledge-2001,2001-01-19,123,"crime,thriller,drama,mystery"
2023-05-12T15:23:37Z,movie,The Poison Rose,2019,5.97182,379928,tt5862166,529983,https://trakt.tv/movies/the-poison-rose-2019,2019-05-24,98,"crime,thriller"
2025-07-13T22:37:08Z,movie,The Post,2017,7.36983,292956,tt6294822,446354,https://trakt.tv/movies/the-post-2017,2017-12-22,116,"history,drama"
2023-06-30T15:13:31Z,movie,The Prestige,2006,8.37837,851,tt0482571,1124,https://trakt.tv/movies/the-prestige-2006,2006-10-17,130,"drama,mystery,science-fiction"
2023-08-10T19:43:39Z,movie,The Prince,2014,5.58368,147088,tt1085492,241254,https://trakt.tv/movies/the-prince-2014,2014-08-22,93,"action,thriller"
2023-09-07T05:26:19Z,movie,The Producers,1968,7.26338,19135,tt0063462,30197,https://trakt.tv/movies/the-producers-1968,1968-03-18,88,"comedy,musical"
2023-05-10T19:46:49Z,movie,The Professor,2018,6.98015,316285,tt6865690,467956,https://trakt.tv/movies/the-professor-2018,2018-05-17,90,"comedy,drama"
2023-08-15T21:00:07Z,movie,The Professor and the Madman,2019,7.36682,257281,tt5932728,411728,https://trakt.tv/movies/the-professor-and-the-madman-2019,2019-05-10,124,"drama,history,mystery,thriller"
2023-08-15T19:21:02Z,movie,The Program,2015,6.50627,169704,tt3083008,271736,https://trakt.tv/movies/the-program-2015,2015-09-16,103,drama
2023-08-17T14:05:22Z,movie,The Promise,2016,7.31621,222321,tt4776998,354859,https://trakt.tv/movies/the-promise-2017-04-21,2016-12-02,133,"drama,romance,history"
2023-05-12T16:52:23Z,movie,The Promotion,2008,5.67352,7721,tt0803057,13172,https://trakt.tv/movies/the-promotion-2008,2008-06-06,86,comedy
2023-05-10T01:47:15Z,movie,The Proposal,2009,7.20716,11165,tt1041829,18240,https://trakt.tv/movies/the-proposal-2009,2009-06-19,108,"comedy,drama,romance"
2022-07-03T09:11:24Z,movie,The Protégé,2021,6.82463,500617,tt6079772,645788,https://trakt.tv/movies/the-protege-2021,2021-12-31,109,"action,thriller"
2023-03-22T01:35:01Z,movie,The Punisher,2004,6.66616,3843,tt0330793,7220,https://trakt.tv/movies/the-punisher-2004,2004-06-10,124,"action,crime,drama,superhero"
2023-05-08T21:15:03Z,movie,The Pursuit of Happyness,2006,8.03859,933,tt0454921,1402,https://trakt.tv/movies/the-pursuit-of-happyness-2006,2006-12-14,117,drama
2023-05-10T18:01:57Z,movie,The Quick and the Dead,1995,6.79744,7024,tt0114214,12106,https://trakt.tv/movies/the-quick-and-the-dead-1995,1995-02-09,107,"western,action,drama,romance,thriller"
2025-08-27T05:02:01Z,movie,The Quiet Earth,1985,6.69297,5392,tt0089869,10176,https://trakt.tv/movies/the-quiet-earth-1985,1985-09-08,91,"drama,science-fiction,thriller"
2023-05-11T00:12:29Z,movie,The Rainmaker,1997,7.35587,6988,tt0119978,11975,https://trakt.tv/movies/the-rainmaker-1997,1997-11-18,135,"crime,drama,thriller"
2025-07-25T23:07:13Z,movie,The Real Fauda,2018,8.3125,396819,tt7831512,546568,https://trakt.tv/movies/the-real-fauda-2018,2018-02-26,47,documentary
2022-05-31T11:49:58Z,movie,The Recruit,2003,6.94599,1092,tt0292506,1647,https://trakt.tv/movies/the-recruit-2003,2003-01-31,115,"action,thriller"
2023-10-11T13:15:06Z,movie,The Red Sea Diving Resort,2019,7.01373,312184,tt4995776,465003,https://trakt.tv/movies/the-red-sea-diving-resort-2019,2019-07-31,130,"drama,thriller,history"
2023-08-15T23:39:05Z,movie,The Reluctant Fundamentalist,2013,6.87871,84293,tt2032557,121677,https://trakt.tv/movies/the-reluctant-fundamentalist-2013,2013-04-26,130,thriller
2023-06-10T03:29:52Z,movie,The Replacement Killers,1998,6.73081,6774,tt0120008,11702,https://trakt.tv/movies/the-replacement-killers-1998,1998-02-06,87,"action,crime,thriller"
2023-06-10T03:30:29Z,movie,The Replacements,2000,7.13819,5587,tt0191397,10393,https://trakt.tv/movies/the-replacements-2000,2000-08-11,118,comedy
2025-06-11T05:06:49Z,movie,The Report,2019,7.3309,372779,tt8236336,524348,https://trakt.tv/movies/the-report-2019,2019-11-15,119,drama
2023-08-11T08:29:44Z,movie,The Resurrection of the Christ: Part One,2027,4.73333,384609,tt5795232,532652,https://trakt.tv/movies/the-resurrection-of-the-christ-part-one-2027,2027-03-26,90,drama
2023-05-25T14:05:56Z,movie,The Ridiculous 6,2015,5.76483,222296,tt2479478,347969,https://trakt.tv/movies/the-ridiculous-6-2015,2015-12-11,119,"western,comedy,action,adventure"
2023-11-11T20:03:46Z,movie,The Ritual Killer,2023,5.866,689550,tt13141250,862552,https://trakt.tv/movies/the-ritual-killer-2023,2023-03-10,92,"action,thriller,mystery,drama"
2022-07-03T07:42:29Z,movie,The Rock,1996,7.67588,5061,tt0117500,9802,https://trakt.tv/movies/the-rock-1996,1996-06-07,137,"action,adventure,thriller"
2023-05-10T19:32:03Z,movie,The Rum Diary,2011,6.13653,14175,tt0376136,23514,https://trakt.tv/movies/the-rum-diary-2011,2011-10-27,120,"comedy,drama"
2023-10-07T19:29:33Z,movie,The Runaways,2010,6.83842,16989,tt1017451,27586,https://trakt.tv/movies/the-runaways-2010,2010-03-19,106,"drama,music,history"
2023-05-12T16:57:45Z,movie,The Rundown,2003,6.93177,5375,tt0327850,10159,https://trakt.tv/movies/the-rundown-2003,2003-09-26,104,"action,adventure,comedy,thriller"
2023-08-15T20:16:58Z,movie,The Russia House,1990,6.57759,5386,tt0100530,10170,https://trakt.tv/movies/the-russia-house-1990,1990-12-21,118,"drama,thriller,romance"
2023-05-25T14:09:59Z,movie,The Saint,1997,6.72331,5228,tt0120053,10003,https://trakt.tv/movies/the-saint-1997,1997-04-03,116,"action,adventure,science-fiction,thriller,romance"
2023-05-25T14:10:51Z,movie,The Saint,2017,6.3776,311106,tt2569088,463906,https://trakt.tv/movies/the-saint-2017-07-11,2017-07-11,92,"action,adventure,crime"
2023-05-10T23:08:49Z,movie,The Samaritan,2012,6.08353,71265,tt1867093,98339,https://trakt.tv/movies/the-samaritan-2012,2012-03-02,90,thriller
2022-07-03T07:44:20Z,movie,The Score,2001,7.06324,6467,tt0227445,11371,https://trakt.tv/movies/the-score-2001,2001-08-08,124,"action,crime,thriller,mystery,drama"
2025-10-13T01:04:25Z,movie,The Secret Life of Walter Mitty,2013,7.53959,81435,tt0359950,116745,https://trakt.tv/movies/the-secret-life-of-walter-mitty-2013,2013-12-25,114,"adventure,comedy,drama,fantasy"
2023-06-21T15:47:19Z,movie,The Sentinel,2006,6.53816,3307,tt0443632,5820,https://trakt.tv/movies/the-sentinel-2006,2006-04-21,108,"action,thriller,crime"
2023-08-07T19:47:16Z,movie,The Shadow Effect,2017,5.8026,294473,tt5044656,383538,https://trakt.tv/movies/the-shadow-effect-2017,2017-05-02,93,"action,thriller,science-fiction"
2023-11-04T03:38:46Z,movie,The Shape of Water,2017,7.34085,242257,tt5580390,399055,https://trakt.tv/movies/the-shape-of-water-2017,2017-12-08,123,"fantasy,drama,romance"
2022-06-30T23:10:07Z,movie,The Shawshank Redemption,1994,9.11043,234,tt0111161,278,https://trakt.tv/movies/the-shawshank-redemption-1994,1994-09-23,142,"crime,drama"
2023-07-07T23:22:59Z,movie,The Show,2017,6.41563,292501,tt2088950,375098,https://trakt.tv/movies/the-show-2017-09-15,2017-09-15,104,drama
2023-05-10T20:14:09Z,movie,The Siege,1998,6.84219,5119,tt0133952,9882,https://trakt.tv/movies/the-siege-1998,1998-11-06,116,"action,thriller,crime,drama"
2023-09-24T07:01:50Z,movie,The Silence of the Lambs,1991,8.51673,230,tt0102926,274,https://trakt.tv/movies/the-silence-of-the-lambs-1991,1991-02-14,119,"crime,drama,thriller"
2023-05-12T15:36:14Z,movie,The Sitter,2011,6.09995,41006,tt1366344,57431,https://trakt.tv/movies/the-sitter-2011,2011-12-09,81,comedy
2024-12-22T20:09:23Z,movie,The Six Triple Eight,2024,7.62653,854010,tt24458622,1061699,https://trakt.tv/movies/the-six-triple-eight-2024,2024-12-06,130,"war,drama,history"
2023-06-30T15:11:52Z,movie,The Sixth Sense,1999,8.15296,590,tt0167404,745,https://trakt.tv/movies/the-sixth-sense-1999,1999-08-06,107,"drama,thriller,mystery"
2023-05-05T17:58:19Z,movie,The Social Network,2010,7.57957,24279,tt1285016,37799,https://trakt.tv/movies/the-social-network-2010,2010-10-01,121,drama
2023-08-25T17:59:59Z,movie,The Son of No One,2011,5.63265,54880,tt1535612,74536,https://trakt.tv/movies/the-son-of-no-one-2011,2011-01-30,90,"crime,drama,thriller"
2022-05-31T11:50:51Z,movie,The Sorcerer's Apprentice,2010,6.53624,16529,tt0963966,27022,https://trakt.tv/movies/the-sorcerer-s-apprentice-2010,2010-07-13,109,"action,adventure,fantasy"
2023-05-10T02:48:42Z,movie,The Specialist,1994,6.07435,1778,tt0111255,2636,https://trakt.tv/movies/the-specialist-1994,1994-10-07,110,"action,thriller"
2023-05-11T00:37:54Z,movie,The Spiderwick Chronicles,2008,6.94328,4072,tt0416236,8204,https://trakt.tv/movies/the-spiderwick-chronicles-2008,2008-02-14,95,"fantasy,adventure,family,drama"
2023-08-01T19:24:17Z,movie,The Spirit,2008,5.26928,4108,tt0831887,8285,https://trakt.tv/movies/the-spirit-2008,2008-12-25,103,"crime,fantasy,thriller,action,superhero"
2023-05-06T16:19:43Z,movie,The Spy Who Came In from the Cold,1965,7.44325,8029,tt0059749,13580,https://trakt.tv/movies/the-spy-who-came-in-from-the-cold-1965,1965-12-16,112,"drama,thriller"
2020-04-26T00:04:38Z,movie,The Spy Who Loved Me,1977,7.13313,563,tt0076752,691,https://trakt.tv/movies/the-spy-who-loved-me-1977,1977-07-20,125,"action,adventure,thriller"
2023-05-07T07:19:40Z,movie,The Spy Who Never Dies,2022,5.37634,749079,tt11558688,934196,https://trakt.tv/movies/the-spy-who-never-dies-2022,2022-02-03,99,"action,comedy"
2023-07-07T16:48:22Z,movie,The Spymasters: CIA in the Crosshairs,2015,7.02857,224158,tt5307018,367960,https://trakt.tv/movies/the-spymasters-cia-in-the-crosshairs-2015,2015-11-28,118,"war,drama,documentary,history"
2025-07-25T15:35:18Z,movie,The Sting,1973,8.20307,4577,tt0070735,9277,https://trakt.tv/movies/the-sting-1973,1973-12-25,129,"comedy,crime,drama"
2023-08-15T20:55:30Z,movie,The Substitute,1996,6.6069,12749,tt0117774,20762,https://trakt.tv/movies/the-substitute-1996,1996-04-19,114,"action,crime,drama,thriller"
2023-08-15T20:55:48Z,movie,The Substitute 2: School's Out,1998,6.25714,18837,tt0120847,29812,https://trakt.tv/movies/the-substitute-2-school-s-out-1998,1998-08-01,89,"action,mystery,thriller,crime"
2023-10-01T00:58:38Z,movie,The Substitute 3: Winner Takes All,1999,5.68,35582,tt0197924,50820,https://trakt.tv/movies/the-substitute-3-winner-takes-all-1999,1999-08-14,89,"action,thriller,crime"
2024-04-14T07:08:15Z,movie,The Substitute: Failure Is Not an Option,2001,5.47436,38856,tt0240944,54782,https://trakt.tv/movies/the-substitute-failure-is-not-an-option-2001,2001-04-24,91,"action,drama,crime,thriller"
2022-06-01T14:42:56Z,movie,The Suicide Squad,2021,7.22028,283364,tt6334354,436969,https://trakt.tv/movies/the-suicide-squad-2021,2021-08-05,132,"action,adventure,superhero,comedy"
2023-05-09T00:16:55Z,movie,The Sum of All Fears,2002,6.97182,2715,tt0164184,4614,https://trakt.tv/movies/the-sum-of-all-fears-2002,2002-05-31,124,"action,drama,thriller"
2023-08-01T19:24:22Z,movie,The Sunset Limited,2011,7.14383,40554,tt1510938,56831,https://trakt.tv/movies/the-sunset-limited-2011,2011-02-12,90,drama
2023-05-10T20:51:09Z,movie,The Sure Thing,1985,7.08566,4457,tt0090103,8992,https://trakt.tv/movies/the-sure-thing-1985,1985-03-01,100,"comedy,romance"
2023-06-18T23:42:24Z,movie,The Survivors,1983,6.06857,17752,tt0086397,28466,https://trakt.tv/movies/the-survivors-1983,1983-06-24,103,"comedy,drama"
2025-06-22T06:24:41Z,movie,The Tailor of Panama,2001,6.32392,1754,tt0236784,2575,https://trakt.tv/movies/the-tailor-of-panama-2001,2001-03-30,109,"drama,thriller"
2023-05-10T20:02:54Z,movie,The Taking of Pelham 1 2 3,2009,6.7748,11323,tt1111422,18487,https://trakt.tv/movies/the-taking-of-pelham-1-2-3-2009,2009-06-11,106,"thriller,crime,action"
2023-05-11T00:09:08Z,movie,The Talented Mr. Ripley,1999,7.31873,859,tt0134119,1213,https://trakt.tv/movies/the-talented-mr-ripley-1999,1999-12-25,140,"crime,drama,thriller"
2023-06-08T22:07:05Z,movie,The Team,2014,6.39796,195383,tt4176326,302324,https://trakt.tv/movies/the-team-2014,2014-11-13,91,documentary
2023-09-19T18:56:59Z,movie,The Ten,2007,5.375,7722,tt0811106,13173,https://trakt.tv/movies/the-ten-2007,2007-08-03,96,comedy
2023-09-24T19:07:17Z,movie,The Terminal,2004,7.60881,472,tt0362227,594,https://trakt.tv/movies/the-terminal-2004,2004-06-17,128,"comedy,drama"
2023-11-04T03:38:46Z,movie,The Terminator,1984,8.00883,177,tt0088247,218,https://trakt.tv/movies/the-terminator-1984,1984-10-26,108,"action,science-fiction,thriller"
2023-05-10T20:52:07Z,movie,The Thin Red Line,1998,7.38515,4288,tt0120863,8741,https://trakt.tv/movies/the-thin-red-line-1998,1998-12-23,171,"drama,history,war"
2023-10-07T19:03:31Z,movie,The Three Musketeers,1993,6.75122,5280,tt0108333,10057,https://trakt.tv/movies/the-three-musketeers-1993,1993-11-11,105,"action,adventure,comedy,romance"
2023-05-10T01:49:59Z,movie,The Three Musketeers,2011,6.08384,36942,tt1509767,52451,https://trakt.tv/movies/the-three-musketeers-2011,2011-10-20,110,"action,adventure,thriller"
2025-08-10T02:38:00Z,movie,The Time Machine,2002,6.48724,1478,tt0268695,2135,https://trakt.tv/movies/the-time-machine-2002,2002-03-04,96,"action,adventure,science-fiction"
2023-06-21T16:14:29Z,movie,The Time Traveler's Wife,2009,7.25583,14695,tt0452694,24420,https://trakt.tv/movies/the-time-traveler-s-wife-2009,2009-08-14,107,"drama,fantasy,romance"
2023-05-05T12:16:34Z,movie,The Tomorrow War,2021,6.95189,435403,tt9777666,588228,https://trakt.tv/movies/the-tomorrow-war-2021,2021-07-01,138,"action,science-fiction,adventure"
2020-04-26T00:02:05Z,movie,The Tourist,2010,6.46671,24207,tt1243957,37710,https://trakt.tv/movies/the-tourist-2010,2010-12-10,103,"action,thriller,romance"
2023-06-30T19:47:31Z,movie,The Tournament,2009,6.10634,14437,tt0471041,24056,https://trakt.tv/movies/the-tournament-2009,2009-05-01,95,"action,horror,thriller"
2023-05-25T14:27:29Z,movie,The Town,2010,7.50624,14027,tt0840361,23168,https://trakt.tv/movies/the-town-2010,2010-09-17,125,"crime,drama,thriller"
2023-06-23T21:08:54Z,movie,The Toy,1982,6.65241,14315,tt0084809,23805,https://trakt.tv/movies/the-toy-1982,1982-12-10,102,"comedy,family"
2023-05-10T02:49:23Z,movie,The Transporter,2002,7.15614,2427,tt0293662,4108,https://trakt.tv/movies/the-transporter-2002,2002-10-02,92,"action,crime,thriller"
2023-05-10T02:49:31Z,movie,The Transporter Refueled,2015,6.16541,184993,tt2938956,287948,https://trakt.tv/movies/the-transporter-refueled-2015,2015-09-04,95,"action,thriller,crime"
2023-08-07T20:36:18Z,movie,The Traveler,2010,5.08824,20940,tt1533084,32612,https://trakt.tv/movies/the-traveler-2010,2010-11-15,96,"horror,thriller"
2023-08-15T22:40:27Z,movie,The Trial of the Chicago 7,2020,7.71276,407692,tt1070874,556984,https://trakt.tv/movies/the-trial-of-the-chicago-7-2020,2020-09-25,130,"drama,history"
2023-05-05T12:51:05Z,movie,The Truman Show,1998,8.22819,23734,tt0120382,37165,https://trakt.tv/movies/the-truman-show-1998,1998-06-05,103,"comedy,drama"
2023-06-25T09:14:53Z,movie,The Trust,2016,6.0975,208830,tt3733774,301608,https://trakt.tv/movies/the-trust-2016,2016-07-18,93,"crime,thriller,drama,action,comedy,mystery"
2022-06-30T23:29:28Z,movie,The Twilight Saga: Breaking Dawn - Part 1,2011,6.04885,35414,tt1324999,50619,https://trakt.tv/movies/the-twilight-saga-breaking-dawn-part-1-2011,2011-11-17,117,"adventure,fantasy,romance"
2022-07-01T21:53:44Z,movie,The Twilight Saga: Breaking Dawn - Part 2,2012,6.36634,35415,tt1673434,50620,https://trakt.tv/movies/the-twilight-saga-breaking-dawn-part-2-2012,2012-11-16,115,"adventure,drama,fantasy,romance"
2022-07-01T21:53:59Z,movie,The Twilight Saga: Eclipse,2010,6.01267,14407,tt1325004,24021,https://trakt.tv/movies/the-twilight-saga-eclipse-2010,2010-06-23,124,"adventure,drama,fantasy,romance"
2022-07-01T21:53:57Z,movie,The Twilight Saga: New Moon,2009,5.8415,11164,tt1259571,18239,https://trakt.tv/movies/the-twilight-saga-new-moon-2009,2009-11-20,131,"adventure,drama,fantasy,romance"
2023-05-10T02:49:44Z,movie,The Ugly Truth,2009,6.72232,12856,tt1142988,20943,https://trakt.tv/movies/the-ugly-truth-2009,2009-07-24,96,"comedy,romance"
2024-01-28T20:09:22Z,movie,The Underdoggs,2024,6.8991,809970,tt21434318,1007826,https://trakt.tv/movies/the-underdoggs-2024,2024-01-25,96,comedy
2025-07-11T02:40:12Z,movie,The Unholy Trinity,2025,6.80847,964690,tt6300910,1195518,https://trakt.tv/movies/the-unholy-trinity-2025,2025-06-13,95,"western,adventure,crime"
2024-08-20T17:17:31Z,movie,The Union,2024,6.41033,547423,tt12610390,704239,https://trakt.tv/movies/the-union-2024,2024-08-16,109,"action,comedy"
2023-05-10T20:19:42Z,movie,The Untouchables,1987,7.82646,86,tt0094226,117,https://trakt.tv/movies/the-untouchables-1987,1987-06-03,119,"crime,history,thriller"
2022-06-30T23:07:40Z,movie,The Usual Suspects,1995,8.39907,505,tt0114814,629,https://trakt.tv/movies/the-usual-suspects-1995,1995-08-16,106,"crime,drama,thriller"
2023-08-17T14:31:24Z,movie,The Vanishing,2019,6.07134,296203,tt4131496,449459,https://trakt.tv/movies/the-vanishing-2019,2019-01-04,108,"thriller,mystery"
2023-01-07T01:01:59Z,movie,The Vibe,2020,4.55556,452741,tt6076208,608386,https://trakt.tv/movies/the-vibe-2020,2019-05-07,89,"mystery,thriller"
2023-06-10T04:04:29Z,movie,The Walk,2015,7.23037,182970,tt3488710,285783,https://trakt.tv/movies/the-walk-2015,2015-10-02,123,"drama,history,adventure"
2023-07-07T12:58:21Z,movie,The Wall,2017,6.62722,273058,tt4218696,405775,https://trakt.tv/movies/the-wall-2017,2017-05-12,90,"thriller,war,drama,action"
2023-08-28T07:03:03Z,movie,The Warrant: Breaker's Law,2023,5.85915,830125,tt18560250,1032134,https://trakt.tv/movies/the-warrant-breaker-s-law-2023,2023-05-08,90,"drama,thriller,western"
2023-05-10T18:55:52Z,movie,The Waterboy,1998,6.68299,5836,tt0120484,10663,https://trakt.tv/movies/the-waterboy-1998,1998-11-06,90,comedy
2025-04-01T20:01:08Z,movie,The Wedding Ringer,2015,6.96359,153456,tt0884732,252838,https://trakt.tv/movies/the-wedding-ringer-2015,2015-01-16,101,comedy
2023-05-10T18:57:03Z,movie,The Wedding Singer,1998,7.25188,6141,tt0120888,11003,https://trakt.tv/movies/the-wedding-singer-1998,1998-02-13,97,"comedy,romance"
2023-06-12T17:59:41Z,movie,The Week Of,2018,5.93723,312263,tt6821012,465109,https://trakt.tv/movies/the-week-of-2018,2018-04-27,116,comedy
2022-07-03T09:21:54Z,movie,The Whole Nine Yards,2000,7.10145,1420,tt0190138,2069,https://trakt.tv/movies/the-whole-nine-yards-2000,2000-02-18,98,"comedy,crime"
2022-07-03T09:21:58Z,movie,The Whole Ten Yards,2004,6.14382,1469,tt0327247,2122,https://trakt.tv/movies/the-whole-ten-yards-2004,2004-04-09,98,"comedy,crime,thriller"
2023-08-19T19:29:05Z,movie,The Witch Files,2018,5.70085,324192,tt4580550,476929,https://trakt.tv/movies/the-witch-files-2018,2018-09-10,87,"horror,thriller"
2023-08-08T19:13:19Z,movie,The Witches of Eastwick,1987,6.83513,3465,tt0094332,6069,https://trakt.tv/movies/the-witches-of-eastwick-1987,1987-06-12,118,"comedy,fantasy,horror"
2023-08-10T02:08:15Z,movie,The Wizard of Lies,2017,7.09131,239231,tt1933667,363992,https://trakt.tv/movies/the-wizard-of-lies-2017,2017-05-11,133,"drama,crime,history,thriller"
2023-05-21T03:43:42Z,movie,The Wizard of Oz,1939,7.79763,506,tt0032138,630,https://trakt.tv/movies/the-wizard-of-oz-1939,1939-08-25,102,"adventure,fantasy,family,musical"
2022-07-12T10:59:04Z,movie,The Wolf of Wall Street,2013,8.12285,75735,tt0993846,106646,https://trakt.tv/movies/the-wolf-of-wall-street-2013,2013-12-25,180,"comedy,crime,drama"
2023-08-10T01:49:03Z,movie,The Wolfman,2010,6.01725,3990,tt0780653,7978,https://trakt.tv/movies/the-wolfman-2010,2010-02-12,103,horror
2022-07-01T21:56:51Z,movie,The Wolverine,2013,6.93664,56230,tt1430132,76170,https://trakt.tv/movies/the-wolverine-2013,2013-07-26,126,"action,adventure,science-fiction,superhero"
2023-06-18T03:09:59Z,movie,The Woman in Red,1984,6.4379,3413,tt0088414,5968,https://trakt.tv/movies/the-woman-in-red-1984,1984-08-15,87,"comedy,romance"
2020-04-26T00:02:55Z,movie,The World Is Not Enough,1999,6.72979,23290,tt0143145,36643,https://trakt.tv/movies/the-world-is-not-enough-1999,1999-11-26,128,"action,adventure,thriller"
2023-09-24T19:07:09Z,movie,The World's End,2013,7.08071,76524,tt1213663,107985,https://trakt.tv/movies/the-world-s-end-2013,2013-07-19,109,"action,comedy,science-fiction"
2025-06-08T05:07:37Z,movie,Thelma & Louise,1991,7.63193,1001,tt0103074,1541,https://trakt.tv/movies/thelma-louise-1991,1991-05-24,130,"adventure,crime,drama,thriller"
2023-07-07T16:58:42Z,movie,There's Something About Mary,1998,7.17542,427,tt0129387,544,https://trakt.tv/movies/there-s-something-about-mary-1998,1998-07-15,120,"comedy,romance"
2025-04-23T14:19:29Z,movie,They Cloned Tyrone,2023,6.97116,578435,tt9873892,736769,https://trakt.tv/movies/they-cloned-tyrone-2023,2023-07-21,122,"science-fiction,comedy,mystery"
2023-06-06T02:38:56Z,movie,Thick as Thieves,2009,6.34165,9074,tt1112782,14979,https://trakt.tv/movies/thick-as-thieves-2009,2009-01-09,104,"action,crime,thriller"
2025-05-17T05:02:12Z,movie,Thief,1981,7.43123,6606,tt0083190,11524,https://trakt.tv/movies/thief-1981,1981-03-27,123,"crime,thriller,drama"
2023-11-04T03:38:45Z,movie,Thirteen at Dinner,1985,6.29371,3479,tt0090156,6103,https://trakt.tv/movies/thirteen-at-dinner-1985,1985-09-19,95,"crime,mystery"
2023-06-28T05:45:25Z,movie,Thirteen Days,2000,7.42902,6986,tt0146309,11973,https://trakt.tv/movies/thirteen-days-2000,2000-12-25,145,"thriller,history"
2023-05-08T21:07:30Z,movie,This Means War,2012,6.69311,42892,tt1596350,59962,https://trakt.tv/movies/this-means-war-2012,2012-02-17,98,"action,comedy,romance"
2018-06-07T03:47:50Z,movie,Thor,2011,7.16302,5408,tt0800369,10195,https://trakt.tv/movies/thor-2011,2011-05-06,115,"action,adventure,fantasy,superhero"
2023-05-05T12:19:38Z,movie,Thor: Love and Thunder,2022,6.30187,459282,tt10648342,616037,https://trakt.tv/movies/thor-love-and-thunder-2022,2022-07-07,119,"superhero,action,fantasy,comedy"
2018-02-04T22:21:37Z,movie,Thor: Ragnarok,2017,7.91821,181312,tt3501632,284053,https://trakt.tv/movies/thor-ragnarok-2017,2017-11-03,131,"action,adventure,superhero,science-fiction"
2018-06-07T03:48:12Z,movie,Thor: The Dark World,2013,6.88734,56358,tt1981115,76338,https://trakt.tv/movies/thor-the-dark-world-2013,2013-11-08,112,"action,adventure,fantasy,superhero"
2023-08-10T19:51:54Z,movie,Three Days of the Condor,1975,7.38811,6976,tt0073802,11963,https://trakt.tv/movies/three-days-of-the-condor-1975,1975-09-24,117,"thriller,mystery"
2023-05-25T14:26:21Z,movie,Three Kings,1999,7.0641,3611,tt0120188,6415,https://trakt.tv/movies/three-kings-1999,1999-09-27,114,"action,comedy,war"
2023-06-25T08:49:46Z,movie,Three Thousand Years of Longing,2022,6.93166,407402,tt9198364,556694,https://trakt.tv/movies/three-thousand-years-of-longing-2022,2022-09-01,108,"fantasy,drama,romance"
2018-06-14T06:47:46Z,movie,Thunderball,1965,7.02641,534,tt0059800,660,https://trakt.tv/movies/thunderball-1965,1965-12-28,130,"action,adventure,thriller"
2025-07-01T02:52:27Z,movie,Thunderbolts*,2025,7.21611,792299,tt20969586,986056,https://trakt.tv/movies/thunderbolts-2025,2025-05-02,127,"action,adventure,science-fiction,superhero"
2022-06-01T14:22:25Z,movie,Timecop,1994,6.2381,4322,tt0111438,8831,https://trakt.tv/movies/timecop-1994,1994-09-16,98,"action,crime,science-fiction,thriller"
2022-06-01T14:22:44Z,movie,Timecop 2: The Berlin Decision,2003,4.62617,11036,tt0318763,18051,https://trakt.tv/movies/timecop-2-the-berlin-decision-2003,2003-09-30,81,"action,science-fiction"
2022-07-03T10:13:57Z,movie,Timeline,2003,6.21257,4840,tt0300556,9562,https://trakt.tv/movies/timeline-2003,2003-11-26,116,"action,adventure,science-fiction"
2023-05-10T01:47:50Z,movie,Tin Cup,1996,6.88126,5661,tt0117918,10478,https://trakt.tv/movies/tin-cup-1996,1996-08-16,135,"comedy,romance,drama"
2025-07-01T02:52:23Z,movie,Tin Soldier,2025,5.24569,785317,tt20258920,977294,https://trakt.tv/movies/tin-soldier-2025,2025-07-23,87,"action,thriller"
2020-04-26T00:03:55Z,movie,Tinker Tailor Soldier Spy,2011,6.99559,34503,tt1340800,49517,https://trakt.tv/movies/tinker-tailor-soldier-spy-2011,2011-09-16,127,"drama,mystery,thriller"
2023-05-10T18:00:10Z,movie,Titanic,1997,7.78198,475,tt0120338,597,https://trakt.tv/movies/titanic-1997,1997-12-19,194,"drama,romance"
2023-06-11T02:59:09Z,movie,To Catch a Killer,2023,6.97895,450466,tt10275534,605886,https://trakt.tv/movies/to-catch-a-killer-2023,2023-04-21,119,"thriller,crime,drama"
2023-05-06T15:35:02Z,movie,To Catch a Spy,2021,6.46739,654720,tt14500264,821807,https://trakt.tv/movies/to-catch-a-spy-2021,2021-06-20,84,"mystery,romance"
2025-06-15T15:52:28Z,movie,To Live and Die in L.A.,1985,7.23322,5101,tt0090180,9846,https://trakt.tv/movies/to-live-and-die-in-l-a-1985,1985-11-01,116,"crime,thriller,action"
2023-05-25T14:25:51Z,movie,Tom Clancy's Without Remorse,2021,6.54778,416763,tt0499097,567189,https://trakt.tv/movies/tom-clancy-s-without-remorse-2021,2021-04-30,110,"action,thriller,war"
2018-06-14T06:51:12Z,movie,Tomb Raider,2018,6.85637,219436,tt1365519,338970,https://trakt.tv/movies/tomb-raider-2018,2018-03-16,118,"action,adventure,fantasy"
2023-05-10T01:48:13Z,movie,Tombstone,1993,7.9481,6982,tt0108358,11969,https://trakt.tv/movies/tombstone-1993,1993-12-25,130,"western,action"
2023-06-20T06:34:21Z,movie,Tommy Boy,1995,7.37372,6477,tt0114694,11381,https://trakt.tv/movies/tommy-boy-1995,1995-03-31,98,comedy
2018-06-14T06:47:28Z,movie,Tomorrow Never Dies,1997,6.79014,586,tt0120347,714,https://trakt.tv/movies/tomorrow-never-dies-1997,1997-12-11,119,"action,adventure,thriller"
2023-06-30T19:46:52Z,movie,Tomorrowland,2015,6.85337,102924,tt1964418,158852,https://trakt.tv/movies/tomorrowland-2015,2015-05-22,130,"adventure,family,mystery,science-fiction"
2022-06-01T13:48:21Z,movie,Top Gun,1986,7.38169,589,tt0092099,744,https://trakt.tv/movies/top-gun-1986,1986-05-16,110,"action,drama"
2023-02-01T15:34:39Z,movie,Top Gun: Maverick,2022,8.18122,297485,tt1745960,361743,https://trakt.tv/movies/top-gun-maverick-2022,2022-05-27,131,"action,drama"
2025-06-24T05:03:32Z,movie,Tortured,2008,4.91667,201048,tt1623649,320392,https://trakt.tv/movies/tortured-2008-07-17,2008-07-17,60,horror
2023-05-10T01:48:06Z,movie,Total Recall,1990,7.67837,704,tt0100802,861,https://trakt.tv/movies/total-recall-1990,1990-06-01,113,"action,adventure,science-fiction"
2023-05-10T01:48:29Z,movie,Total Recall,2012,6.58381,46685,tt1386703,64635,https://trakt.tv/movies/total-recall-2012,2012-08-03,118,"action,science-fiction,thriller"
2023-05-21T03:21:55Z,movie,Tower Heist,2011,6.54723,42338,tt0471042,59108,https://trakt.tv/movies/tower-heist-2011,2011-11-04,104,"action,comedy"
2023-05-21T02:07:24Z,movie,Trading Places,1983,7.68937,1068,tt0086465,1621,https://trakt.tv/movies/trading-places-1983,1983-06-07,116,comedy
2023-05-25T14:27:59Z,movie,Traffic,2000,7.38493,1274,tt0181865,1900,https://trakt.tv/movies/traffic-2000,2000-12-27,147,"drama,thriller,crime"
2023-05-10T20:12:58Z,movie,Training Day,2001,7.82267,1394,tt0139654,2034,https://trakt.tv/movies/training-day-2001,2001-10-05,122,"action,crime,drama"
2022-07-01T01:53:01Z,movie,Traitor,2008,6.93843,7793,tt0988047,13291,https://trakt.tv/movies/traitor-2008,2008-08-27,114,"action,crime,drama,thriller"
2023-05-10T02:50:27Z,movie,Transcendence,2014,6.64099,102164,tt2209764,157353,https://trakt.tv/movies/transcendence-2014,2014-04-17,119,"drama,mystery,science-fiction,thriller"
2023-09-13T08:48:08Z,movie,Transformers,2007,7.18288,1237,tt0418279,1858,https://trakt.tv/movies/transformers-2007,2007-07-03,144,"action,adventure,science-fiction"
2023-09-13T08:48:31Z,movie,Transformers: Age of Extinction,2014,6.29798,67751,tt2109248,91314,https://trakt.tv/movies/transformers-age-of-extinction-2014,2014-06-27,165,"action,adventure,science-fiction"
2023-09-13T08:48:08Z,movie,Transformers: Dark of the Moon,2011,6.62983,24763,tt1399103,38356,https://trakt.tv/movies/transformers-dark-of-the-moon-2011,2011-06-29,154,"action,adventure,science-fiction"
2023-09-13T08:48:08Z,movie,Transformers: Revenge of the Fallen,2009,6.553,4158,tt1055369,8373,https://trakt.tv/movies/transformers-revenge-of-the-fallen-2009,2009-06-24,150,"action,adventure,science-fiction"
2023-09-13T08:48:19Z,movie,Transformers: Rise of the Beasts,2023,6.62761,501235,tt5090568,667538,https://trakt.tv/movies/transformers-rise-of-the-beasts-2023,2023-06-09,127,"action,science-fiction,adventure"
2023-09-13T08:48:17Z,movie,Transformers: The Last Knight,2017,6.55994,216718,tt3371366,335988,https://trakt.tv/movies/transformers-the-last-knight-2017,2017-06-21,154,"action,adventure,science-fiction"
2023-03-30T00:01:54Z,movie,Transfusion,2023,5.84538,672902,tt14873054,842544,https://trakt.tv/movies/transfusion-2023,2023-01-05,105,"crime,action,drama"
2023-05-10T02:49:23Z,movie,Transporter 2,2005,6.71923,4629,tt0388482,9335,https://trakt.tv/movies/transporter-2-2005,2005-08-03,88,"action,crime,thriller"
2023-05-10T02:49:21Z,movie,Transporter 3,2008,6.61854,7869,tt1129442,13387,https://trakt.tv/movies/transporter-3-2008,2008-11-26,103,"action,crime,thriller"
2023-08-08T04:03:53Z,movie,Trigger Point,2021,6.22407,643789,tt13382698,809314,https://trakt.tv/movies/trigger-point-2021,2021-04-23,82,"action,thriller,mystery"
2023-05-25T14:28:58Z,movie,Triple Frontier,2019,6.67943,242616,tt1488606,399361,https://trakt.tv/movies/triple-frontier-2019,2019-03-06,125,"thriller,action,crime,adventure"
2023-05-05T12:49:07Z,movie,Tropic Thunder,2008,7.15512,3907,tt0942385,7446,https://trakt.tv/movies/tropic-thunder-2008,2008-09-18,107,"action,comedy,adventure,war"
2024-11-28T20:12:11Z,movie,Trouble,2024,6.63719,976008,tt30217143,1210794,https://trakt.tv/movies/trouble-2024-10-03,2024-10-03,98,"action,comedy,crime"
2022-07-03T07:52:15Z,movie,Troy,2004,7.3469,527,tt0332452,652,https://trakt.tv/movies/troy-2004,2004-05-14,163,"history,war,action"
2023-08-10T19:53:02Z,movie,True Grit,2010,7.58521,29981,tt1403865,44264,https://trakt.tv/movies/true-grit-2010,2010-12-22,110,"western,drama,adventure"
2023-05-25T14:30:04Z,movie,True Lies,1994,7.43921,23560,tt0111503,36955,https://trakt.tv/movies/true-lies-1994,1994-07-15,141,"action,thriller"
2023-08-10T19:54:18Z,movie,True Memoirs of an International Assassin,2016,6.76702,219858,tt1542768,339396,https://trakt.tv/movies/true-memoirs-of-an-international-assassin-2016,2016-11-11,98,"comedy,action"
2023-08-09T23:13:25Z,movie,True Romance,1993,7.85505,270,tt0108399,319,https://trakt.tv/movies/true-romance-1993,1993-09-09,119,"action,crime,romance"
2023-05-12T15:33:07Z,movie,True Story,2015,6.5145,149558,tt2273657,245706,https://trakt.tv/movies/true-story-2015,2015-04-17,99,"drama,crime,history,mystery"
2023-05-25T16:09:33Z,movie,Twelve Monkeys,1995,7.9141,34,tt0114746,63,https://trakt.tv/movies/twelve-monkeys-1995,1995-12-29,129,"mystery,science-fiction,thriller"
2022-07-01T21:53:55Z,movie,Twilight,2008,5.87284,4433,tt1099212,8966,https://trakt.tv/movies/twilight-2008,2008-11-21,122,"drama,fantasy,romance"
2023-06-30T19:47:47Z,movie,Twins,1988,6.50549,4776,tt0096320,9493,https://trakt.tv/movies/twins-1988,1988-12-09,107,comedy
2023-05-10T02:50:25Z,movie,Twister,1996,7.06544,538,tt0117998,664,https://trakt.tv/movies/twister-1996,1996-05-10,113,"action,adventure,drama"
2024-07-25T19:14:06Z,movie,Twisters,2024,6.79471,561219,tt12584954,718821,https://trakt.tv/movies/twisters-2024,2024-07-19,123,"action,thriller"
2023-08-19T19:41:29Z,movie,Two of a Kind,1983,5.93458,20970,tt0086494,32644,https://trakt.tv/movies/two-of-a-kind-1983,1983-12-16,88,"comedy,fantasy,romance"
2023-10-07T19:29:35Z,movie,Two Weeks Notice,2002,6.63826,1783,tt0313737,2642,https://trakt.tv/movies/two-weeks-notice-2002,2002-12-20,101,"comedy,romance"
2023-05-11T00:50:10Z,movie,U.S. Marshals,1998,7.09042,6832,tt0120873,11808,https://trakt.tv/movies/u-s-marshals-1998,1998-03-06,131,"action,crime,thriller"
2023-09-24T19:07:19Z,movie,Ultraviolet,2006,5.4873,5154,tt0370032,9920,https://trakt.tv/movies/ultraviolet-2006,2006-03-03,87,"action,science-fiction,thriller"
2023-07-07T12:52:39Z,movie,Unbroken,2014,7.36225,139000,tt1809398,227306,https://trakt.tv/movies/unbroken-2014,2014-12-25,137,"war,drama"
2023-07-07T12:53:59Z,movie,Unbroken: Path to Redemption,2018,6.82119,353949,tt7339792,506680,https://trakt.tv/movies/unbroken-path-to-redemption-2018,2018-09-14,98,drama
2022-05-26T11:58:15Z,movie,Uncharted,2022,6.70768,223139,tt1464335,335787,https://trakt.tv/movies/uncharted-2022,2022-02-18,116,"action,adventure"
2023-05-08T03:31:06Z,movie,Uncut Gems,2019,7.30828,328678,tt5727208,473033,https://trakt.tv/movies/uncut-gems-2019,2019-12-13,136,"crime,thriller,drama"
2023-03-22T01:35:05Z,movie,Under Siege,1992,6.85693,4336,tt0105690,8845,https://trakt.tv/movies/under-siege-1992,1992-10-09,102,"action,thriller"
2023-03-22T01:35:04Z,movie,Under Siege 2: Dark Territory,1995,6.30267,2235,tt0114781,3512,https://trakt.tv/movies/under-siege-2-dark-territory-1995,1995-07-13,99,"action,thriller"
2022-07-12T10:58:23Z,movie,Underworld,2003,7.34117,233,tt0320691,277,https://trakt.tv/movies/underworld-2003,2003-09-19,122,"action,fantasy,thriller"
2022-07-12T10:58:30Z,movie,Underworld: Awakening,2012,6.89687,36998,tt1496025,52520,https://trakt.tv/movies/underworld-awakening-2012,2012-01-19,88,"action,fantasy,horror"
2022-07-12T10:58:36Z,movie,Underworld: Blood Wars,2016,6.94805,222674,tt3717252,346672,https://trakt.tv/movies/underworld-blood-wars-2016,2017-01-06,91,"action,fantasy,thriller,science-fiction,horror"
2022-07-12T10:58:35Z,movie,Underworld: Evolution,2006,7.03199,677,tt0401855,834,https://trakt.tv/movies/underworld-evolution-2006,2006-01-20,106,"action,fantasy,thriller"
2022-07-12T10:58:39Z,movie,Underworld: Rise of the Lycans,2009,6.91201,7223,tt0834001,12437,https://trakt.tv/movies/underworld-rise-of-the-lycans-2009,2009-01-23,92,"action,fantasy,thriller"
2025-06-20T01:39:02Z,movie,Unforgiven,1992,8.04,27,tt0105695,33,https://trakt.tv/movies/unforgiven-1992,1992-08-07,130,western
2023-06-30T19:52:02Z,movie,Unknown,2011,7.00968,33289,tt1401152,48138,https://trakt.tv/movies/unknown-2011,2011-02-18,113,"action,mystery,thriller"
2023-02-03T01:16:30Z,movie,Unlocked,2017,7.08243,188120,tt1734493,291276,https://trakt.tv/movies/unlocked-2017,2017-09-01,98,"thriller,action"
2023-05-10T20:00:57Z,movie,Unstoppable,2010,7.11617,29789,tt0477080,44048,https://trakt.tv/movies/unstoppable-2010,2010-11-12,98,"action,thriller"
2023-05-10T23:12:34Z,movie,Unthinkable,2010,7.17087,24627,tt0914863,38199,https://trakt.tv/movies/unthinkable-2010,2010-06-15,97,"drama,thriller"
2023-06-30T19:53:07Z,movie,Untraceable,2008,6.55765,4051,tt0880578,8090,https://trakt.tv/movies/untraceable-2008,2008-01-22,101,"thriller,crime,mystery,drama,horror"
2023-08-15T22:01:32Z,movie,Up in the Air,2009,7.23337,13926,tt1193138,22947,https://trakt.tv/movies/up-in-the-air-2009,2009-12-04,110,"drama,romance"
2023-06-30T19:58:24Z,movie,Upgrade,2018,7.57494,347587,tt6499752,500664,https://trakt.tv/movies/upgrade-2018,2018-06-14,100,"thriller,science-fiction,action"
2023-08-28T07:03:03Z,movie,Uploaded,2021,3.05882,301237,tt4480774,454874,https://trakt.tv/movies/uploaded-2021,2021-03-09,92,thriller
2023-05-15T15:05:04Z,movie,Urban Cowboy,1980,6.94748,10690,tt0081696,17496,https://trakt.tv/movies/urban-cowboy-1980,1980-06-06,132,"drama,romance,western"
2023-08-19T19:29:07Z,movie,Urge,2016,5.40146,223787,tt4083572,353433,https://trakt.tv/movies/urge-2016,2016-06-03,91,"thriller,mystery"
2023-06-25T09:06:53Z,movie,USS Indianapolis: Men of Courage,2016,6.98897,221935,tt2032572,340945,https://trakt.tv/movies/uss-indianapolis-men-of-courage-2016,2016-10-14,128,"action,war"
2022-05-31T12:25:41Z,movie,V for Vendetta,2006,8.19193,595,tt0434409,752,https://trakt.tv/movies/v-for-vendetta-2006,2006-03-17,132,"action,thriller,science-fiction"
2023-06-25T08:43:59Z,movie,Valerian and the City of a Thousand Planets,2017,6.9032,220423,tt2239822,339964,https://trakt.tv/movies/valerian-and-the-city-of-a-thousand-planets-2017,2017-07-26,137,"science-fiction,adventure,action"
2023-05-10T01:48:53Z,movie,Valkyrie,2008,7.1598,1583,tt0985699,2253,https://trakt.tv/movies/valkyrie-2008,2008-12-25,121,"drama,thriller,war"
2023-05-21T02:14:19Z,movie,Vampire in Brooklyn,1995,5.67979,7073,tt0114825,12158,https://trakt.tv/movies/vampire-in-brooklyn-1995,1995-10-27,102,"comedy,horror,romance,fantasy"
2024-04-14T07:08:15Z,movie,Vampire's Kiss,1989,6.40443,3820,tt0098577,7091,https://trakt.tv/movies/vampire-s-kiss-1989,1989-06-02,103,"comedy,horror,crime,fantasy"
2023-09-25T15:52:01Z,movie,Van Helsing,2004,6.52852,3825,tt0338526,7131,https://trakt.tv/movies/van-helsing-2004,2004-05-03,132,"action,adventure,horror"
2023-05-08T03:31:31Z,movie,Vanilla Sky,2001,7.06458,1277,tt0259711,1903,https://trakt.tv/movies/vanilla-sky-2001,2001-12-14,136,"romance,science-fiction,mystery"
2023-05-25T14:31:28Z,movie,Vantage Point,2008,6.76821,3921,tt0443274,7461,https://trakt.tv/movies/vantage-point-2008,2008-02-22,90,"action,crime,drama,thriller"
2023-05-05T12:49:58Z,movie,Venom,2018,7.05612,216715,tt1270797,335983,https://trakt.tv/movies/venom-2018,2018-10-05,112,"science-fiction,superhero,action"
2023-05-05T12:48:22Z,movie,Venom: Let There Be Carnage,2021,6.33785,429764,tt7097896,580489,https://trakt.tv/movies/venom-let-there-be-carnage-2021,2021-10-01,97,"action,science-fiction,superhero,adventure"
2025-03-16T17:05:40Z,movie,Venom: The Last Dance,2024,6.80199,730642,tt16366836,912649,https://trakt.tv/movies/venom-the-last-dance-2024,2024-10-25,109,"action,adventure,science-fiction,superhero"
2025-07-30T03:04:50Z,movie,Veronica Guerin,2003,6.9264,5803,tt0312549,10629,https://trakt.tv/movies/veronica-guerin-2003,2003-07-11,98,"crime,drama,thriller"
2023-09-19T18:57:07Z,movie,Veronica Mars,2014,7.22493,112372,tt2771372,177494,https://trakt.tv/movies/veronica-mars-2014,2014-03-13,107,"comedy,crime,drama"
2023-08-15T22:30:42Z,movie,Victor Frankenstein,2015,6.19183,139398,tt1976009,228066,https://trakt.tv/movies/victor-frankenstein-2015,2015-11-10,110,"drama,science-fiction,thriller"
2023-05-14T02:25:49Z,movie,Vision Quest,1985,7.30547,19046,tt0090270,30069,https://trakt.tv/movies/vision-quest-1985,1985-02-15,105,"drama,romance"
2023-08-10T02:36:34Z,movie,Wag the Dog,1997,7.24512,465,tt0120885,586,https://trakt.tv/movies/wag-the-dog-1997,1997-12-25,97,"comedy,drama"
2023-08-17T15:22:55Z,movie,Waiting for the Barbarians,2019,5.95501,353074,tt6149154,505707,https://trakt.tv/movies/waiting-for-the-barbarians-2019,2020-09-24,114,"drama,history"
2023-08-28T21:34:04Z,movie,"Wake Up, Ron Burgundy: The Lost Movie",2004,6.42962,5194,tt0423505,9965,https://trakt.tv/movies/wake-up-ron-burgundy-the-lost-movie-2004,2004-12-28,93,comedy
2023-06-10T04:04:43Z,movie,Walk the Line,2005,7.79264,40,tt0358273,69,https://trakt.tv/movies/walk-the-line-2005,2005-11-18,136,"drama,music,romance"
2025-08-20T05:06:38Z,movie,Walking Tall,2004,6.69327,6454,tt0351977,11358,https://trakt.tv/movies/walking-tall-2004,2004-04-02,86,"action,adventure,drama,thriller"
2023-05-25T14:32:42Z,movie,Wall Street,1987,7.41289,5845,tt0094291,10673,https://trakt.tv/movies/wall-street-1987,1987-12-10,126,"crime,drama"
2023-05-25T14:32:18Z,movie,Wall Street: Money Never Sleeps,2010,6.3857,21707,tt1027718,33909,https://trakt.tv/movies/wall-street-money-never-sleeps-2010,2010-09-20,133,"crime,drama"
2022-07-01T01:52:40Z,movie,Wanted,2008,6.93887,4392,tt0493464,8909,https://trakt.tv/movies/wanted-2008,2008-06-19,110,"action,crime,thriller"
2023-06-30T15:12:51Z,movie,War,2007,6.44783,5623,tt0499556,10431,https://trakt.tv/movies/war-2007,2007-08-24,103,"action,thriller,crime"
2023-05-12T15:31:12Z,movie,War Dogs,2016,7.44201,217987,tt2005151,308266,https://trakt.tv/movies/war-dogs-2016,2016-08-19,114,"comedy,drama,crime"
2023-05-10T01:19:46Z,movie,War for the Planet of the Apes,2017,7.47748,178749,tt3450958,281338,https://trakt.tv/movies/war-for-the-planet-of-the-apes-2017,2017-07-14,140,"science-fiction,drama,war"
2023-05-10T01:49:10Z,movie,War of the Worlds,2005,6.7569,44,tt0407304,74,https://trakt.tv/movies/war-of-the-worlds-2005,2005-06-29,117,"adventure,science-fiction,thriller"
2023-05-10T01:51:55Z,movie,War of the Worlds: Annihilation,2021,4.63291,736539,tt16611138,919689,https://trakt.tv/movies/war-of-the-worlds-annihilation-2021,2021-12-22,113,"science-fiction,action"
2023-07-03T18:26:45Z,movie,War of the Worlds: The Attack,2023,5.00885,887868,tt12519802,1103825,https://trakt.tv/movies/war-of-the-worlds-the-attack-2023,2023-04-21,87,"science-fiction,thriller,mystery"
2023-08-19T04:58:44Z,movie,War on Everyone,2016,6.56961,214593,tt3708886,333663,https://trakt.tv/movies/war-on-everyone-2016,2016-03-12,98,"comedy,action,mystery"
2022-07-02T07:27:02Z,movie,"War, Inc.",2008,5.68293,7737,tt0884224,13191,https://trakt.tv/movies/war-inc-2008,2008-04-28,106,"action,adventure,comedy,thriller"
2025-05-14T05:01:18Z,movie,Warfare,2025,7.21589,1004891,tt31434639,1241436,https://trakt.tv/movies/warfare-2025,2025-04-11,95,"war,action"
2023-05-25T14:33:07Z,movie,WarGames,1983,7.65826,703,tt0086567,860,https://trakt.tv/movies/wargames-1983,1983-06-03,114,"thriller,science-fiction,drama"
2023-07-02T16:24:13Z,movie,WarGames: The Dead Code,2008,5.41215,8471,tt0865957,14154,https://trakt.tv/movies/wargames-the-dead-code-2008,2008-07-29,96,"drama,thriller,science-fiction"
2023-07-07T12:03:03Z,movie,Warhorse One,2023,6.51958,865208,tt16527824,1076487,https://trakt.tv/movies/warhorse-one-2023,2023-06-30,125,"action,drama,war"
2023-07-07T21:21:12Z,movie,Watchmen,2009,7.62218,7729,tt0409459,13183,https://trakt.tv/movies/watchmen-2009,2009-03-06,163,"mystery,science-fiction,action"
2023-06-30T15:04:53Z,movie,Wayne's World,1992,7.288,4356,tt0105793,8872,https://trakt.tv/movies/wayne-s-world-1992,1992-02-14,95,comedy
2023-06-30T15:05:35Z,movie,Wayne's World 2,1993,6.70046,4357,tt0108525,8873,https://trakt.tv/movies/wayne-s-world-2-1993,1993-12-10,95,comedy
2023-08-15T21:10:21Z,movie,We Were Soldiers,2002,7.55722,5767,tt0277434,10590,https://trakt.tv/movies/we-were-soldiers-2002,2002-03-01,138,"action,history,war"
2023-05-08T23:49:21Z,movie,Wedding Crashers,2005,7.04999,4800,tt0396269,9522,https://trakt.tv/movies/wedding-crashers-2005,2005-07-15,119,"comedy,romance"
2023-09-07T04:52:16Z,movie,Weekend at Bernie's,1989,6.94953,4228,tt0098627,8491,https://trakt.tv/movies/weekend-at-bernie-s-1989,1989-07-05,97,"comedy,crime"
2023-09-07T04:52:26Z,movie,Weekend at Bernie's II,1993,5.85196,4229,tt0108539,8494,https://trakt.tv/movies/weekend-at-bernie-s-ii-1993,1993-07-09,97,"comedy,crime,adventure"
2023-05-10T18:41:28Z,movie,Weird Science,1985,7.10432,6838,tt0090305,11814,https://trakt.tv/movies/weird-science-1985,1985-08-02,93,"comedy,science-fiction,fantasy,romance"
2023-09-29T02:00:43Z,movie,We're No Angels,1989,6.40645,3416,tt0098625,5971,https://trakt.tv/movies/we-re-no-angels-1989,1989-12-15,106,"comedy,crime"
2023-09-19T18:57:08Z,movie,What Just Happened,2008,5.54252,4420,tt0486674,8944,https://trakt.tv/movies/what-just-happened-2008,2008-10-17,104,"comedy,drama"
2023-06-30T20:00:34Z,movie,What Men Want,2019,6.57026,334304,tt7634968,487297,https://trakt.tv/movies/what-men-want-2019,2019-02-08,117,"comedy,romance"
2023-05-10T18:07:14Z,movie,What's Eating Gilbert Grape,1993,7.63519,1042,tt0108550,1587,https://trakt.tv/movies/what-s-eating-gilbert-grape-1993,1993-12-17,118,"drama,romance"
2023-06-04T03:42:57Z,movie,What's Love Got to Do with It,1993,7.84106,9617,tt0108551,15765,https://trakt.tv/movies/what-s-love-got-to-do-with-it-1993,1993-06-09,118,"drama,music,history"
2023-07-07T21:30:28Z,movie,Wheelman,2017,6.59915,318342,tt5723286,471014,https://trakt.tv/movies/wheelman-2017,2017-10-20,82,"thriller,action,crime"
2023-09-24T02:55:05Z,movie,When Harry Met Sally...,1989,7.72568,515,tt0098635,639,https://trakt.tv/movies/when-harry-met-sally-1989,1989-07-12,96,"comedy,drama,romance"
2023-07-07T12:51:24Z,movie,Whiskey Tango Foxtrot,2016,7.1179,177157,tt3553442,279641,https://trakt.tv/movies/whiskey-tango-foxtrot-2016,2016-03-04,112,"comedy,war,drama"
2023-06-30T20:01:37Z,movie,White Elephant,2022,5.7638,673916,tt14686544,843633,https://trakt.tv/movies/white-elephant-2022,2022-06-03,93,"action,thriller,crime"
2022-07-02T00:03:15Z,movie,White House Down,2013,6.87552,81739,tt2334879,117251,https://trakt.tv/movies/white-house-down-2013,2013-06-28,131,"action,drama,thriller"
2023-06-30T17:42:39Z,movie,White Men Can't Jump,1992,7.05912,5374,tt0105812,10158,https://trakt.tv/movies/white-men-can-t-jump-1992,1992-03-27,115,"comedy,drama"
2023-07-07T21:33:18Z,movie,White Men Can't Jump,2023,6.14807,736934,tt6436620,920125,https://trakt.tv/movies/white-men-can-t-jump-2023,2023-05-19,101,"comedy,drama"
2023-08-10T20:01:59Z,movie,Whitey: United States of America v. James J. Bulger,2014,7.17012,150046,tt3326366,246743,https://trakt.tv/movies/whitey-united-states-of-america-v-james-j-bulger-2014,2014-01-18,107,"documentary,crime"
2024-11-25T20:06:58Z,movie,Wicked,2024,7.49266,290190,tt1262426,402431,https://trakt.tv/movies/wicked-2024,2024-11-22,162,"romance,fantasy,drama,musical"
2023-08-28T19:56:42Z,movie,Wild Bill,1995,6.32843,47625,tt0114938,65796,https://trakt.tv/movies/wild-bill-1995,1995-12-01,98,"western,action,drama,history"
2023-08-10T01:14:12Z,movie,Wild Card,2015,6.23982,163882,tt2231253,265208,https://trakt.tv/movies/wild-card-2015,2015-01-30,92,"crime,thriller,action"
2023-08-19T19:30:04Z,movie,Wild Hogs,2007,6.21862,6325,tt0486946,11199,https://trakt.tv/movies/wild-hogs-2007,2007-03-02,100,"action,adventure,comedy"
2023-08-12T07:05:31Z,movie,Wild Target,2010,7.02611,29878,tt1235189,44147,https://trakt.tv/movies/wild-target-2010,2010-10-29,98,"action,comedy"
2023-08-10T20:04:30Z,movie,Wild Wild West,1999,5.75,4224,tt0120891,8487,https://trakt.tv/movies/wild-wild-west-1999,1999-06-30,106,"action,adventure,comedy,science-fiction,western"
2023-05-21T05:07:33Z,movie,Willy Wonka & the Chocolate Factory,1971,7.84784,210,tt0067992,252,https://trakt.tv/movies/willy-wonka-the-chocolate-factory-1971,1971-06-30,99,"fantasy,family,comedy,musical"
2023-11-04T03:38:44Z,movie,Wind River,2017,7.7018,238651,tt5362988,395834,https://trakt.tv/movies/wind-river-2017,2017-08-04,107,"thriller,crime,mystery,drama"
2023-06-28T05:37:46Z,movie,Windtalkers,2002,6.47767,7018,tt0245562,12100,https://trakt.tv/movies/windtalkers-2002,2002-06-14,134,"action,war"
2023-07-30T07:02:14Z,movie,Winter's Bone,2010,6.94626,25290,tt1399683,39013,https://trakt.tv/movies/winter-s-bone-2010,2010-06-11,101,"drama,mystery"
2023-08-15T18:49:32Z,movie,With Honors,1994,7.03133,10023,tt0111732,16297,https://trakt.tv/movies/with-honors-1994,1994-04-29,103,"drama,comedy"
2024-09-27T19:10:27Z,movie,Wolfs,2024,6.89513,702643,tt14257582,877817,https://trakt.tv/movies/wolfs-2024,2024-09-20,108,"comedy,action,crime"
2018-06-07T03:46:44Z,movie,Wonder Woman,2017,7.50985,192487,tt0451279,297762,https://trakt.tv/movies/wonder-woman-2017,2017-06-02,141,"adventure,superhero,fantasy,action"
2022-06-01T14:44:07Z,movie,Wonder Woman 1984,2020,5.89721,311212,tt7126948,464052,https://trakt.tv/movies/wonder-woman-1984-2020,2020-12-25,151,"fantasy,action,adventure,superhero"
2024-01-28T20:09:19Z,movie,Wonka,2023,7.11663,624003,tt6166392,787699,https://trakt.tv/movies/wonka-2023,2023-12-08,117,"family,comedy,musical,fantasy"
2023-08-07T22:07:47Z,movie,World Trade Center,2006,6.41072,1232,tt0469641,1852,https://trakt.tv/movies/world-trade-center-2006,2006-08-09,129,"drama,history,thriller"
2023-09-24T19:07:09Z,movie,World War Z,2013,7.13694,53002,tt0816711,72190,https://trakt.tv/movies/world-war-z-2013,2013-06-21,116,"action,horror,science-fiction,thriller"
2023-05-05T15:27:08Z,movie,Wrath of Man,2021,7.30531,476569,tt11083552,637649,https://trakt.tv/movies/wrath-of-man-2021,2021-05-07,119,"crime,thriller,drama"
2023-05-10T01:18:31Z,movie,Wrath of the Titans,2012,6.20519,40813,tt1646987,57165,https://trakt.tv/movies/wrath-of-the-titans-2012,2012-03-29,99,"adventure,fantasy,action"
2023-05-10T01:52:11Z,movie,Wyatt Earp,1994,7.07919,7075,tt0111756,12160,https://trakt.tv/movies/wyatt-earp-1994,1994-06-24,191,"action,drama,western,adventure"
2023-08-07T20:49:58Z,movie,Wyatt Earp's Revenge,2012,5.31818,66995,tt1861439,89888,https://trakt.tv/movies/wyatt-earp-s-revenge-2012,2012-03-06,92,"western,drama"
2022-07-01T21:56:51Z,movie,X2,2003,7.35672,23300,tt0290334,36658,https://trakt.tv/movies/x2-2003,2003-05-02,133,"action,adventure,science-fiction,superhero"
2022-05-31T12:20:00Z,movie,X-Men,2000,7.47495,23299,tt0120903,36657,https://trakt.tv/movies/x-men-2000,2000-07-14,104,"action,adventure,science-fiction,superhero"
2022-07-01T21:56:53Z,movie,X-Men Origins: Wolverine,2009,6.66437,1430,tt0458525,2080,https://trakt.tv/movies/x-men-origins-wolverine-2009,2009-05-01,107,"action,adventure,science-fiction,superhero"
2020-06-17T08:28:01Z,movie,X-Men: Apocalypse,2016,7.12482,149999,tt3385516,246655,https://trakt.tv/movies/x-men-apocalypse-2016,2016-05-27,144,"science-fiction,superhero,action,adventure,fantasy"
2020-06-15T22:25:56Z,movie,X-Men: Days of Future Past,2014,7.77861,87348,tt1877832,127585,https://trakt.tv/movies/x-men-days-of-future-past-2014,2014-05-23,132,"action,adventure,science-fiction,superhero"
2022-05-26T12:21:42Z,movie,X-Men: First Class,2011,7.66636,34517,tt1270798,49538,https://trakt.tv/movies/x-men-first-class-2011,2011-06-03,132,"action,adventure,science-fiction,superhero"
2022-05-31T12:20:14Z,movie,X-Men: The Last Stand,2006,6.76356,23308,tt0376994,36668,https://trakt.tv/movies/x-men-the-last-stand-2006,2006-05-26,104,"action,adventure,science-fiction,thriller,superhero"
2023-05-10T22:52:05Z,movie,xXx,2002,6.44997,3912,tt0295701,7451,https://trakt.tv/movies/xxx-2002,2002-08-09,124,"action,adventure,thriller,crime"
2023-05-10T22:49:29Z,movie,xXx: Return of Xander Cage,2017,6.66219,33214,tt1293847,47971,https://trakt.tv/movies/xxx-return-of-xander-cage-2017,2017-01-20,107,"action,adventure,crime"
2023-05-10T22:52:44Z,movie,xXx: State of the Union,2005,5.71204,6753,tt0329774,11679,https://trakt.tv/movies/xxx-state-of-the-union-2005,2005-04-29,101,"action,adventure,crime,thriller"
2023-08-12T07:05:39Z,movie,You Kill Me,2007,6.7114,4059,tt0796375,8141,https://trakt.tv/movies/you-kill-me-2007,2007-02-09,90,"comedy,crime,thriller,romance"
2020-04-25T22:56:34Z,movie,You Only Live Twice,1967,6.98608,541,tt0062512,667,https://trakt.tv/movies/you-only-live-twice-1967,1967-06-13,117,"action,adventure,thriller"
2023-02-01T15:35:03Z,movie,You People,2023,5.9736,692773,tt14826022,866413,https://trakt.tv/movies/you-people-2023,2023-01-20,117,"comedy,romance"
2023-06-18T03:04:07Z,movie,Young Frankenstein,1974,7.97676,2017,tt0072431,3034,https://trakt.tv/movies/young-frankenstein-1974,1974-12-15,106,comedy
2023-05-25T14:33:15Z,movie,Young Guns,1988,7.20789,6980,tt0096487,11967,https://trakt.tv/movies/young-guns-1988,1988-08-12,107,"action,adventure,western"
2023-05-25T14:33:21Z,movie,Young Guns II,1990,7.04846,4535,tt0100994,9086,https://trakt.tv/movies/young-guns-ii-1990,1990-08-01,104,"adventure,western"
2025-08-17T20:47:44Z,movie,You're Cordially Invited,2025,6.07998,801151,tt21227864,996821,https://trakt.tv/movies/you-re-cordially-invited-2025,2025-01-30,111,"comedy,romance"
2023-05-11T01:12:23Z,movie,You've Got Mail,1998,7.06125,4773,tt0128853,9489,https://trakt.tv/movies/you-ve-got-mail-1998,1998-12-18,119,"comedy,romance"
2023-05-08T03:32:20Z,movie,Zack Snyder's Justice League,2021,7.71675,627088,tt12361974,791373,https://trakt.tv/movies/zack-snyder-s-justice-league-2021,2021-03-18,242,"superhero,action,adventure,fantasy"
2020-04-26T00:02:59Z,movie,Zero Dark Thirty,2012,7.40624,70890,tt1790885,97630,https://trakt.tv/movies/zero-dark-thirty-2012,2012-12-19,157,"drama,thriller"
2023-05-08T03:33:03Z,movie,Zombieland,2009,7.7013,12222,tt1156398,19908,https://trakt.tv/movies/zombieland-2009,2009-10-08,88,"comedy,horror"
2023-05-08T03:32:34Z,movie,Zombieland: Double Tap,2019,6.99963,219433,tt1560220,338967,https://trakt.tv/movies/zombieland-double-tap-2019,2019-10-18,99,"horror,comedy,action"
